species,clip,k,arm,f0_annotated,strict_cents,oct_tol_cents,octave_correct,corr,coverage,n_scored
lions,lions/Biologger Roars Expanded (500ms)/JMO-2-1_R3.WAV,0,crepe,142.578125,29.86786341895288,29.86786341895288,1.0,0.9746762820724083,0.5,20
lions,lions/Biologger Roars Expanded (500ms)/JMO-2-1_R3.WAV,2,crepe,142.578125,1595.152521637097,101.80874413966131,0.0,-0.830973992787801,0.85,34
lions,lions/Biologger Roars Expanded (500ms)/JMO-2-1_R3.WAV,6,crepe,142.578125,2021.6029801340298,119.6479792686426,0.0,,0.025,1
lions,lions/Biologger Roars Expanded (500ms)/JMO-2-1_R1.WAV,0,crepe,150.390625,36.00513185122581,36.00513185122581,1.0,0.9216852969519822,0.4634146341463415,19
lions,lions/Biologger Roars Expanded (500ms)/JMO-2-1_R1.WAV,2,crepe,150.390625,1761.578389855773,134.6362345523042,0.0,0.20328332977714456,0.7317073170731707,30
lions,lions/Biologger Roars Expanded (500ms)/JMO-2-2_R3.WAV,0,crepe,150.390625,50.14621067084602,50.14621067084602,1.0,0.8653128601923965,0.6097560975609756,25
lions,lions/Biologger Roars Expanded (500ms)/JMO-2-2_R3.WAV,2,crepe,150.390625,1689.1730544362583,164.51865860273108,0.0,-0.41487995891564644,0.8048780487804879,33
lions,lions/Biologger Roars Expanded (500ms)/JMO-2-2_R3.WAV,6,crepe,150.390625,2086.4002798744336,184.4452790090461,0.0,,0.04878048780487805,2
lions,lions/Biologger Roars Expanded (500ms)/JMO-2-2_R1.WAV,0,crepe,173.828125,37.47027154931276,37.47027154931276,1.0,0.9114498905994811,0.8048780487804879,33
lions,lions/Biologger Roars Expanded (500ms)/JMO-2-2_R1.WAV,2,crepe,173.828125,1917.978679712467,175.6054332507025,0.0,0.5417989255346485,0.9512195121951219,39
lions,lions/Biologger Roars Expanded (500ms)/JMO-2-3_R2.WAV,0,crepe,150.390625,32.833145357530825,32.833145357530825,1.0,0.8228624132660375,0.625,25
lions,lions/Biologger Roars Expanded (500ms)/JMO-2-3_R2.WAV,2,crepe,150.390625,1714.05912553874,142.62348219800012,0.0,-0.0629225619514522,0.75,30
lions,lions/Biologger Roars Expanded (500ms)/JMO-2-3_R2.WAV,6,crepe,150.390625,2084.7596220167175,182.80462115132985,0.0,0.8450850287174373,0.175,7
lions,lions/Biologger Roars Expanded (500ms)/JMO-2-3_R3.WAV,0,crepe,146.484375,44.00874653798992,44.00874653798992,1.0,0.9218593147015269,0.6341463414634146,26
lions,lions/Biologger Roars Expanded (500ms)/JMO-2-3_R3.WAV,2,crepe,146.484375,1857.3462114309332,132.58097272061795,0.0,0.0795071533180332,0.7073170731707317,29
lions,lions/Biologger Roars Expanded (500ms)/JMO-2-3_R3.WAV,6,crepe,146.484375,1989.6428645453368,91.0470029142497,0.0,0.4189103332280967,0.14634146341463414,6
lions,lions/Biologger Roars Expanded (500ms)/JMO-2-4_R2.WAV,0,crepe,140.625,47.13727357495725,47.13727357495725,1.0,0.872522843645246,0.5135135135135135,19
lions,lions/Biologger Roars Expanded (500ms)/JMO-2-4_R2.WAV,2,crepe,140.625,1529.0289901642332,162.11690044650658,0.0,0.21678976804980746,0.8648648648648649,32
lions,lions/Biologger Roars Expanded (500ms)/JMO-2-4_R2.WAV,4,crepe,140.625,2001.3453259948985,77.42741321576047,0.0,-0.5902663663045796,0.2702702702702703,10
lions,lions/Biologger Roars Expanded (500ms)/JMO-2-4_R2.WAV,6,crepe,140.625,2214.8790550455374,144.53176423377843,0.0,0.9999817153806875,0.08108108108108109,3
lions,lions/Biologger Roars Expanded (500ms)/JMO-3-1_R1.WAV,0,crepe,144.53125,39.67599476943541,39.67599476943541,1.0,0.9750968927431373,0.6129032258064516,19
lions,lions/Biologger Roars Expanded (500ms)/JMO-3-1_R1.WAV,2,crepe,144.53125,1502.081456515943,106.05133535374077,0.0,-0.6408846542991629,0.7419354838709677,23
lions,lions/Biologger Roars Expanded (500ms)/JMO-3-1_R1.WAV,4,crepe,144.53125,2050.0417702350587,148.0867693696711,0.0,0.8743910215620352,0.25806451612903225,8
lions,lions/Biologger Roars Expanded (500ms)/JMO-3-1_R2.WAV,0,crepe,132.8125,47.34357312229798,47.34357312229798,1.0,0.9681106707293063,0.6129032258064516,19
lions,lions/Biologger Roars Expanded (500ms)/JMO-3-1_R2.WAV,2,crepe,132.8125,1602.0598611065961,122.62008894239497,0.0,0.2114180211520909,0.7741935483870968,24
lions,lions/Biologger Roars Expanded (500ms)/JMO-3-1_R2.WAV,4,crepe,132.8125,2200.571836953951,98.96882112202562,0.0,-0.7980067236941368,0.25806451612903225,8
lions,lions/Biologger Roars Expanded (500ms)/JMO-3-2_R2.WAV,0,crepe,137.6953125,39.74785684713856,39.74785684713856,1.0,0.9834338623297721,0.71875,23
lions,lions/Biologger Roars Expanded (500ms)/JMO-3-2_R2.WAV,2,crepe,137.6953125,1512.9510566465842,55.0813107550177,0.0,-0.3402709604629799,0.8125,26
lions,lions/Biologger Roars Expanded (500ms)/JMO-3-2_R2.WAV,4,crepe,137.6953125,1995.1938483036297,46.34720298506279,0.0,0.5403142489292535,0.3125,10
lions,lions/Biologger Roars Expanded (500ms)/JMO-3-2_R2.WAV,6,crepe,137.6953125,2131.2015877881686,186.74304115404817,0.0,,0.0625,2
lions,lions/Biologger Roars Expanded (500ms)/JMO-3-2_R3.WAV,0,crepe,139.6484375,39.908291172030964,39.908291172030964,1.0,0.8117203917055928,0.6333333333333333,19
lions,lions/Biologger Roars Expanded (500ms)/JMO-3-2_R3.WAV,2,crepe,139.6484375,1679.8953996182954,103.37177390798996,0.0,-0.6393030687564322,0.9,27
lions,lions/Biologger Roars Expanded (500ms)/JMO-3-2_R3.WAV,4,crepe,139.6484375,1989.4289221699569,43.73280063781175,0.0,0.16801595269084438,0.13333333333333333,4
lions,lions/Biologger Roars Expanded (500ms)/JMO-3-2_R3.WAV,6,crepe,139.6484375,2196.141304390915,203.85869560908466,0.0,,0.03333333333333333,1
lions,lions/Biologger Roars Expanded (500ms)/JMO-3-3_R2.WAV,0,crepe,146.484375,33.17745837078093,33.17745837078093,1.0,0.9633905787070001,0.6551724137931034,19
lions,lions/Biologger Roars Expanded (500ms)/JMO-3-3_R2.WAV,2,crepe,146.484375,1375.2587248879208,96.44575958529731,0.0,-0.7967841939996412,0.7586206896551724,22
lions,lions/Biologger Roars Expanded (500ms)/JMO-3-3_R2.WAV,4,crepe,146.484375,2333.4494203641743,182.47191993148033,0.0,,0.06896551724137931,2
lions,lions/Biologger Roars Expanded (500ms)/JMO-3-4_R2.WAV,0,crepe,139.6484375,40.64155318913444,40.64155318913444,1.0,0.8978042370196895,0.6666666666666666,20
lions,lions/Biologger Roars Expanded (500ms)/JMO-3-4_R2.WAV,2,crepe,139.6484375,1647.6946371067106,79.51064327412608,0.0,-0.3157870720511337,0.8333333333333334,25
lions,lions/Biologger Roars Expanded (500ms)/JMO-3-4_R2.WAV,4,crepe,139.6484375,1976.2520566489306,74.29705578354313,0.0,-0.029860197144003817,0.2,6
lions,lions/Biologger Roars Expanded (500ms)/JMO-3-4_R2.WAV,6,crepe,139.6484375,2375.3621275120454,24.63787248795466,0.0,,0.03333333333333333,1
lions,lions/Biologger Roars Expanded (500ms)/JMO-3-4_R3.WAV,0,crepe,138.671875,40.63162749133805,40.63162749133805,1.0,0.9664404024315382,0.6551724137931034,19
lions,lions/Biologger Roars Expanded (500ms)/JMO-3-4_R3.WAV,2,crepe,138.671875,1777.8288753232446,153.05430964181105,0.0,-0.31603690310526306,0.7586206896551724,22
lions,lions/Biologger Roars Expanded (500ms)/JMO-3-4_R3.WAV,4,crepe,138.671875,2274.7551174102673,109.99772743874718,0.0,-0.13799352340487742,0.1724137931034483,5
lions,lions/Biologger Roars Expanded (500ms)/JMO-3-4_R3.WAV,6,crepe,138.671875,2054.098230270859,139.08226533026948,0.0,0.5596095661760184,0.20689655172413793,6
lions,lions/Biologger Roars Expanded (500ms)/JMO-3-5_R2.WAV,0,crepe,146.484375,30.609668835150032,30.609668835150032,1.0,0.9394964185059744,0.6666666666666666,22
lions,lions/Biologger Roars Expanded (500ms)/JMO-3-5_R2.WAV,2,crepe,146.484375,1425.471526257071,51.74033058611097,0.0,-0.2177438437929007,0.8181818181818182,27
lions,lions/Biologger Roars Expanded (500ms)/JMO-3-5_R2.WAV,4,crepe,146.484375,45.58894724814438,45.58894724814438,1.0,0.8349609426937361,0.15151515151515152,5
lions,lions/Biologger Roars Expanded (500ms)/JMO-3-5_R2.WAV,6,crepe,146.484375,1879.4437408737085,105.71817861702091,0.0,0.9783340105119066,0.15151515151515152,5
lions,lions/Biologger Roars Expanded (500ms)/JMO-3-6_R1.WAV,0,crepe,146.484375,51.89133326513641,51.89133326513641,1.0,0.9623140034986736,0.6666666666666666,24
lions,lions/Biologger Roars Expanded (500ms)/JMO-3-6_R1.WAV,2,crepe,146.484375,1446.9567876382807,128.58579503182403,0.0,0.10484830516365669,0.8888888888888888,32
lions,lions/Biologger Roars Expanded (500ms)/JMO-3-6_R1.WAV,4,crepe,146.484375,1821.121800074059,80.83320079132848,0.0,0.5706932286390803,0.08333333333333333,3
lions,lions/Biologger Roars Expanded (500ms)/JMO-3-6_R1.WAV,6,crepe,146.484375,1864.7676888852354,37.187311980151996,0.0,,0.027777777777777776,1
lions,lions/Biologger Roars Expanded (500ms)/JMO-3-7_R2.WAV,0,crepe,147.4609375,51.40492735517381,51.40492735517381,1.0,0.9460215394459023,0.6842105263157895,26
lions,lions/Biologger Roars Expanded (500ms)/JMO-3-7_R2.WAV,2,crepe,147.4609375,1617.362008561935,119.81157008983706,0.0,0.2607943073504685,1.0,38
lions,lions/Biologger Roars Expanded (500ms)/JMO-3-6_R2.WAV,0,crepe,142.578125,44.57661691743617,44.57661691743617,1.0,0.9573841825107624,0.7142857142857143,25
lions,lions/Biologger Roars Expanded (500ms)/JMO-3-6_R2.WAV,2,crepe,142.578125,1551.0429434580851,81.35298479155595,0.0,-0.30826932613727176,0.9142857142857143,32
lions,lions/Biologger Roars Expanded (500ms)/JMO-3-6_R2.WAV,4,crepe,142.578125,2323.5360076419925,76.46399235800767,0.0,0.48668041909919624,0.14285714285714285,5
lions,lions/Biologger Roars Expanded (500ms)/JMO-3-6_R2.WAV,6,crepe,142.578125,2138.305191767632,185.32797443502886,0.0,0.9007889887858783,0.2,7
lions,lions/Biologger Roars Expanded (500ms)/JMO-3-8_R1.WAV,0,crepe,146.484375,33.24916359470292,33.24916359470292,1.0,0.9517324187685864,0.7368421052631579,28
lions,lions/Biologger Roars Expanded (500ms)/JMO-3-8_R1.WAV,2,crepe,146.484375,1384.2791368139906,46.59153985275166,0.0,-0.11737226404455807,0.7894736842105263,30
lions,lions/Biologger Roars Expanded (500ms)/JMO-3-8_R1.WAV,6,crepe,146.484375,1824.3670142296783,77.58798663570916,0.0,,0.05263157894736842,2
lions,lions/Biologger Roars Expanded (500ms)/JMO-3-8_R3.WAV,0,crepe,144.53125,42.25086740747635,42.25086740747635,1.0,0.9743763880313514,0.6,21
lions,lions/Biologger Roars Expanded (500ms)/JMO-3-8_R3.WAV,2,crepe,144.53125,1320.0714969504997,87.83388003981901,0.0,-0.3324748879572034,0.7714285714285715,27
lions,lions/Biologger Roars Expanded (500ms)/JMO-4-1_R2.WAV,0,crepe,140.625,27.678853345779746,27.678853345779746,1.0,0.8717787116925432,0.6176470588235294,21
lions,lions/Biologger Roars Expanded (500ms)/JMO-4-1_R2.WAV,2,crepe,140.625,1754.9360456647992,95.21086368264069,0.0,-0.07814770112862518,0.9117647058823529,31
lions,lions/Biologger Roars Expanded (500ms)/JMO-4-1_R2.WAV,4,crepe,140.625,2096.6441480853764,194.6891472199891,0.0,0.9997978397017823,0.08823529411764706,3
lions,lions/Biologger Roars Expanded (500ms)/JMO-4-1_R2.WAV,6,crepe,140.625,2153.6592139530567,234.48469192017978,0.0,0.7748973702627696,0.11764705882352941,4
lions,lions/Biologger Roars Expanded (500ms)/JMO-5-1_R2.WAV,0,crepe,157.2265625,47.20296664229926,47.20296664229926,1.0,0.7947901274418839,0.6666666666666666,24
lions,lions/Biologger Roars Expanded (500ms)/JMO-5-1_R2.WAV,2,crepe,157.2265625,1548.7659848276958,69.49826209248987,0.0,-0.7099655027243382,0.6944444444444444,25
lions,lions/Biologger Roars Expanded (500ms)/JMO-5-1_R2.WAV,6,crepe,157.2265625,2099.9975939626024,198.042593097215,0.0,0.9657929593470157,0.08333333333333333,3
lions,lions/Biologger Roars Expanded (500ms)/JMO-5-1_R3.WAV,0,crepe,150.390625,45.5675605579682,45.5675605579682,1.0,0.9769931969556604,0.5714285714285714,20
lions,lions/Biologger Roars Expanded (500ms)/JMO-5-1_R3.WAV,2,crepe,150.390625,1397.248752671895,66.43741528817043,0.0,0.46269807820362585,0.7142857142857143,25
lions,lions/Biologger Roars Expanded (500ms)/JMO-5-2_R3.WAV,0,crepe,149.4140625,51.21114802683458,51.21114802683458,1.0,0.9130080550864247,0.5882352941176471,20
lions,lions/Biologger Roars Expanded (500ms)/JMO-5-2_R3.WAV,2,crepe,149.4140625,1518.5586519053663,166.89763633115018,0.0,-0.13452871534411176,0.8235294117647058,28
lions,lions/Biologger Roars Expanded (500ms)/JMO-5-2_R3.WAV,4,crepe,149.4140625,2396.497272976655,257.8404035483496,0.0,,0.058823529411764705,2
lions,lions/Biologger Roars Expanded (500ms)/JMO-5-2_R3.WAV,6,crepe,149.4140625,2049.051828353664,147.09682748827657,0.0,0.005474581522445167,0.17647058823529413,6
lions,lions/Biologger Roars Expanded (500ms)/PS-5-1_R1.WAV,0,crepe,155.2734375,55.04709589993339,55.04709589993339,1.0,0.7808040571333237,0.7777777777777778,28
lions,lions/Biologger Roars Expanded (500ms)/PS-5-1_R1.WAV,2,crepe,155.2734375,1584.1270556911088,128.81466705251333,0.0,-0.641299115012613,0.8611111111111112,31
lions,lions/Biologger Roars Expanded (500ms)/PS-5-1_R1.WAV,4,crepe,155.2734375,2114.48549786622,172.84720987904285,0.0,,0.05555555555555555,2
lions,lions/Biologger Roars Expanded (500ms)/PS-5-1_R1.WAV,6,crepe,155.2734375,1579.3031033252776,322.65189754011,0.0,0.5255987084769576,0.08333333333333333,3
lions,lions/Biologger Roars Expanded (500ms)/PS-5-1_R2.WAV,0,crepe,143.5546875,69.51004206115793,69.51004206115793,1.0,0.8927606462708367,0.5,20
lions,lions/Biologger Roars Expanded (500ms)/PS-5-1_R2.WAV,2,crepe,143.5546875,1783.9086645591783,179.9262200898931,0.0,0.01791486118029472,0.8,32
lions,lions/Biologger Roars Expanded (500ms)/PS-5-1_R2.WAV,4,crepe,143.5546875,1992.4312523876144,156.21238946513895,0.0,-0.12188726377255894,0.225,9
lions,lions/Biologger Roars Expanded (500ms)/PS-5-2_R1.WAV,0,crepe,140.625,41.64654705270409,41.64654705270409,1.0,0.9783573178133305,0.46153846153846156,18
lions,lions/Biologger Roars Expanded (500ms)/PS-5-2_R1.WAV,2,crepe,140.625,2016.0758235439953,215.2108569725411,0.0,0.2292922471827821,0.717948717948718,28
lions,lions/Biologger Roars Expanded (500ms)/PS-5-2_R1.WAV,4,crepe,140.625,1976.9182805830162,74.96327971762905,0.0,0.7831022092259902,0.4358974358974359,17
lions,lions/Biologger Roars Expanded (500ms)/PS-5-2_R2.WAV,0,crepe,146.484375,40.243595984811186,40.243595984811186,1.0,0.9485896995517111,0.5,20
lions,lions/Biologger Roars Expanded (500ms)/PS-5-2_R2.WAV,2,crepe,146.484375,2065.2293020224092,150.04268364420466,0.0,0.2558972553675918,0.725,29
lions,lions/Biologger Roars Expanded (500ms)/PS-5-2_R2.WAV,4,crepe,146.484375,2092.6407175907616,167.87072382264165,0.0,-0.2884185536717532,0.225,9
lions,lions/Biologger Roars Expanded (500ms)/PS-5-2_R2.WAV,6,crepe,146.484375,1982.9176168568972,80.96261599150981,0.0,,0.025,1
lions,lions/Biologger Roars Expanded (500ms)/PS-5-3_R1.WAV,0,crepe,167.96875,47.85440333998506,47.85440333998506,1.0,0.9648134189983821,0.7878787878787878,26
lions,lions/Biologger Roars Expanded (500ms)/PS-5-3_R1.WAV,2,crepe,167.96875,1987.109453474813,135.32263381422044,0.0,-0.21582505192512208,0.9090909090909091,30
lions,lions/Biologger Roars Expanded (500ms)/PS-5-3_R1.WAV,4,crepe,167.96875,1298.4324852808923,31.56608355613016,0.0,-0.6086613226840374,0.24242424242424243,8
lions,lions/Biologger Roars Expanded (500ms)/PS-5-4_R1.WAV,0,crepe,156.25,31.842975281069457,31.842975281069457,1.0,0.9773403686188191,0.725,29
lions,lions/Biologger Roars Expanded (500ms)/PS-5-4_R1.WAV,2,crepe,156.25,1700.887357899209,113.4073332632328,0.0,-0.4867356826891574,0.95,38
lions,lions/Biologger Roars Expanded (500ms)/PS-5-4_R1.WAV,4,crepe,156.25,1326.6959254528397,126.6959254528397,0.0,-0.9997354585383955,0.075,3
lions,lions/Biologger Roars Expanded (500ms)/PS-5-4_R1.WAV,6,crepe,156.25,1689.3003852009163,110.69961479908375,0.0,,0.05,2
lions,lions/Biologger Roars Expanded (500ms)/PS-5-4_R2.WAV,0,crepe,158.203125,26.226048038371204,26.226048038371204,1.0,0.9144955755024459,0.6285714285714286,22
lions,lions/Biologger Roars Expanded (500ms)/PS-5-4_R2.WAV,2,crepe,158.203125,1751.6837991332127,63.92111643132953,0.0,-0.46059244335642224,0.9714285714285714,34
lions,lions/Biologger Roars Expanded (500ms)/PS-5-5_R1.WAV,0,crepe,176.7578125,45.93911479950169,45.93911479950169,1.0,0.7680965499622994,0.7105263157894737,27
lions,lions/Biologger Roars Expanded (500ms)/PS-5-5_R1.WAV,2,crepe,176.7578125,1670.9507247497904,95.05298536473774,0.0,-0.5976613109599791,0.8421052631578947,32
lions,lions/Biologger Roars Expanded (500ms)/PS-5-5_R1.WAV,4,crepe,176.7578125,19.975699431536594,19.975699431536594,1.0,0.7811101732467395,0.10526315789473684,4
lions,lions/Biologger Roars Expanded (500ms)/PS-5-5_R1.WAV,6,crepe,176.7578125,1787.6365802261885,186.3861197662447,0.0,0.7503534386321975,0.10526315789473684,4
lions,lions/Biologger Roars Expanded (500ms)/PS-5-6_R1.WAV,0,crepe,166.015625,25.407834419252186,25.407834419252186,1.0,0.889517187422977,0.6486486486486487,24
lions,lions/Biologger Roars Expanded (500ms)/PS-5-6_R1.WAV,2,crepe,166.015625,1734.8967440249255,83.86103166437506,0.0,-0.6085838669213676,0.972972972972973,36
lions,lions/Biologger Roars Expanded (500ms)/PS-5-6_R1.WAV,4,crepe,166.015625,22.16096981637543,22.16096981637543,1.0,-0.4234168280512521,0.13513513513513514,5
lions,lions/Biologger Roars Expanded (500ms)/PS-5-6_R1.WAV,6,crepe,166.015625,1593.9769355177448,290.82571006398683,0.0,0.16390855296207882,0.1891891891891892,7
lions,lions/Biologger Roars Expanded (500ms)/PS-5-6_R2.WAV,0,crepe,166.9921875,45.99248903251137,45.99248903251137,1.0,0.7055035968321842,0.625,20
lions,lions/Biologger Roars Expanded (500ms)/PS-5-6_R2.WAV,2,crepe,166.9921875,1899.4269615082108,174.65158601670356,0.0,-0.3983220941080469,0.9375,30
lions,lions/Biologger Roars Expanded (500ms)/PS-5-6_R2.WAV,4,crepe,166.9921875,2300.3175762963374,204.82195324971525,0.0,0.6220251518133647,0.15625,5
lions,lions/Biologger Roars Expanded (500ms)/PS-5-6_R2.WAV,6,crepe,166.9921875,2023.9668115289896,105.5895406938798,0.0,0.8842842809376393,0.375,12
lions,lions/Biologger Roars Expanded (500ms)/PS-5-7_R2.WAV,0,crepe,159.1796875,40.258828276350165,40.258828276350165,1.0,0.6807881829229651,0.7352941176470589,25
lions,lions/Biologger Roars Expanded (500ms)/PS-5-7_R2.WAV,2,crepe,159.1796875,1599.70973172038,161.12911708603332,0.0,-0.6199805700043954,0.9411764705882353,32
lions,lions/Biologger Roars Expanded (500ms)/PS-5-7_R2.WAV,4,crepe,159.1796875,1968.181886858447,66.2268859930596,0.0,,0.058823529411764705,2
lions,lions/Biologger Roars Expanded (500ms)/PS-6-1_R2.WAV,0,crepe,173.828125,41.88186947675141,41.88186947675141,1.0,0.9049922890994201,0.7142857142857143,25
lions,lions/Biologger Roars Expanded (500ms)/PS-6-1_R2.WAV,2,crepe,173.828125,1604.4892485621378,159.6472370984042,0.0,-0.7111022767978197,0.9714285714285714,34
lions,lions/Biologger Roars Expanded (500ms)/PS-6-1_R2.WAV,6,crepe,173.828125,1922.798663422127,20.843662556739805,0.0,,0.02857142857142857,1
lions,lions/Biologger Roars Expanded (500ms)/PS-6-2_R2.WAV,0,crepe,152.34375,52.83887883711226,52.83887883711226,1.0,0.8620167655574278,0.5757575757575758,19
lions,lions/Biologger Roars Expanded (500ms)/PS-6-2_R2.WAV,2,crepe,152.34375,1823.3932957931402,153.3342506847588,0.0,-0.5562153936197136,0.9090909090909091,30
lions,lions/Biologger Roars Expanded (500ms)/PS-6-2_R2.WAV,4,crepe,152.34375,1971.0762531554776,101.5356187565036,0.0,0.8011867330792314,0.2727272727272727,9
lions,lions/Biologger Roars Expanded (500ms)/PS-6-4_R1.WAV,0,crepe,158.203125,45.07477239883033,45.07477239883033,1.0,0.9809444658648323,0.6486486486486487,24
lions,lions/Biologger Roars Expanded (500ms)/PS-6-4_R1.WAV,2,crepe,158.203125,1670.0995437092993,94.1686521436469,0.0,-0.36932113497558017,0.8378378378378378,31
lions,lions/Biologger Roars Expanded (500ms)/PS-6-4_R1.WAV,4,crepe,158.203125,9.650552457462462,9.650552457462462,1.0,0.8489203301093362,0.08108108108108109,3
lions,lions/Biologger Roars Expanded (500ms)/PS-6-4_R1.WAV,6,crepe,158.203125,1643.0525521519598,258.9024487134278,0.0,0.8547292198757181,0.10810810810810811,4
lions,lions/Biologger Roars Expanded (500ms)/PS-6-6_R2.WAV,0,crepe,177.734375,51.155077926435254,51.155077926435254,1.0,0.861379449991955,0.717948717948718,28
lions,lions/Biologger Roars Expanded (500ms)/PS-6-6_R2.WAV,2,crepe,177.734375,1835.325363121664,100.78939039628872,0.0,-0.17802646048784526,0.8717948717948718,34
lions,lions/Biologger Roars Expanded (500ms)/PS-6-6_R2.WAV,4,crepe,177.734375,71.74768281929515,71.74768281929515,1.0,,0.02564102564102564,1
lions,lions/Biologger Roars Expanded (500ms)/PS-6-6_R2.WAV,6,crepe,177.734375,1921.6571959516677,25.405045136528102,0.0,,0.05128205128205128,2
lions,lions/Biologger Roars Expanded (500ms)/RD-10-1_R1.WAV,0,crepe,208.984375,27.406728781001977,27.406728781001977,1.0,0.9851526737942142,0.7894736842105263,30
lions,lions/Biologger Roars Expanded (500ms)/RD-10-1_R1.WAV,2,crepe,208.984375,33.42987887381254,33.42987887381254,1.0,0.5801427646584,0.3684210526315789,14
lions,lions/Biologger Roars Expanded (500ms)/RD-10-1_R1.WAV,4,crepe,208.984375,1834.2644731931239,253.40173931333067,0.0,,0.05263157894736842,2
lions,lions/Biologger Roars Expanded (500ms)/RD-10-1_R1.WAV,6,crepe,208.984375,28.316266433485886,28.316266433485886,1.0,-0.11096979927048391,0.39473684210526316,15
lions,lions/Biologger Roars Expanded (500ms)/RD-10-2_R2.WAV,0,crepe,189.453125,44.31432871096364,44.31432871096364,1.0,0.9272409402886964,0.8055555555555556,29
lions,lions/Biologger Roars Expanded (500ms)/RD-10-2_R2.WAV,2,crepe,189.453125,1767.7835608836413,65.2095133774621,0.0,-0.7985374991301442,0.5555555555555556,20
lions,lions/Biologger Roars Expanded (500ms)/RD-10-2_R2.WAV,4,crepe,189.453125,30.801950819481874,30.801950819481874,1.0,0.6937846734507398,0.2777777777777778,10
lions,lions/Biologger Roars Expanded (500ms)/RD-10-2_R2.WAV,6,crepe,189.453125,46.27266834674704,46.27266834674704,1.0,0.6132966854139459,0.3888888888888889,14
lions,lions/Biologger Roars Expanded (500ms)/RD-10-3_R2.WAV,0,crepe,204.1015625,35.56073836790448,35.56073836790448,1.0,0.8386527015093819,0.75,30
lions,lions/Biologger Roars Expanded (500ms)/RD-10-3_R2.WAV,2,crepe,204.1015625,41.8192712660444,41.8192712660444,1.0,0.7585960546505929,0.325,13
lions,lions/Biologger Roars Expanded (500ms)/RD-10-3_R2.WAV,4,crepe,204.1015625,41.78592788047586,41.78592788047586,1.0,0.8258751978602654,0.35,14
lions,lions/Biologger Roars Expanded (500ms)/RD-10-3_R2.WAV,6,crepe,204.1015625,28.65190664135153,28.65190664135153,1.0,0.833151746462656,0.325,13
lions,lions/Biologger Roars Expanded (500ms)/RD-10-3_R3.WAV,0,crepe,200.1953125,37.09404799806457,37.09404799806457,1.0,0.9857331895297743,0.8333333333333334,30
lions,lions/Biologger Roars Expanded (500ms)/RD-10-3_R3.WAV,2,crepe,200.1953125,51.59584092063805,51.59584092063805,1.0,0.6551243108505163,0.25,9
lions,lions/Biologger Roars Expanded (500ms)/RD-10-3_R3.WAV,4,crepe,200.1953125,24.905832947085763,24.905832947085763,1.0,0.2510911125120564,0.2222222222222222,8
lions,lions/Biologger Roars Expanded (500ms)/RD-10-3_R3.WAV,6,crepe,200.1953125,45.06090916473816,45.06090916473816,1.0,-0.22200127386166815,0.2222222222222222,8
lions,lions/Biologger Roars Expanded (500ms)/RD-11-1_R2.WAV,0,crepe,168.9453125,37.586089406139,37.586089406139,1.0,0.7449363468117599,0.7666666666666667,23
lions,lions/Biologger Roars Expanded (500ms)/RD-11-1_R2.WAV,2,crepe,168.9453125,24.43432827194054,24.43432827194054,1.0,0.9786168407905906,0.5,15
lions,lions/Biologger Roars Expanded (500ms)/RD-11-1_R2.WAV,4,crepe,168.9453125,21.337259914127863,21.337259914127863,1.0,0.5687935707967312,0.3,9
lions,lions/Biologger Roars Expanded (500ms)/RD-11-1_R2.WAV,6,crepe,168.9453125,36.5536874812244,36.5536874812244,1.0,0.7751320816932664,0.23333333333333334,7
lions,lions/Biologger Roars Expanded (500ms)/RD-5-1_R1.WAV,0,crepe,191.40625,40.570063790818445,40.570063790818445,1.0,0.9789408818215493,0.6666666666666666,24
lions,lions/Biologger Roars Expanded (500ms)/RD-5-1_R1.WAV,2,crepe,191.40625,1873.5862272718605,107.03459070887486,0.0,-0.1717830110741906,0.6666666666666666,24
lions,lions/Biologger Roars Expanded (500ms)/RD-5-1_R1.WAV,4,crepe,191.40625,43.128253812004345,43.128253812004345,1.0,0.8218032278678924,0.2777777777777778,10
lions,lions/Biologger Roars Expanded (500ms)/RD-5-1_R1.WAV,6,crepe,191.40625,124.1310770473502,78.98273868696506,1.0,0.9430152534213105,0.2777777777777778,10
lions,lions/Biologger Roars Expanded (500ms)/RD-11-1_R3.WAV,0,crepe,149.4140625,45.64236909154751,45.64236909154751,1.0,0.8569308914958146,0.7083333333333334,17
lions,lions/Biologger Roars Expanded (500ms)/RD-11-1_R3.WAV,2,crepe,149.4140625,1806.0433602423554,44.59002603177708,0.0,-0.09817446418918031,0.625,15
lions,lions/Biologger Roars Expanded (500ms)/RD-11-1_R3.WAV,6,crepe,149.4140625,2034.9549710072233,167.64312533091731,0.0,-0.25673619150852056,0.20833333333333334,5
lions,lions/Biologger Roars Expanded (500ms)/RD-5-1_R3.WAV,0,crepe,171.875,38.87605493483221,38.87605493483221,1.0,0.9753036049896358,0.6875,22
lions,lions/Biologger Roars Expanded (500ms)/RD-5-1_R3.WAV,2,crepe,171.875,1822.54038581179,80.76043027312116,0.0,-0.6983179473029675,0.6875,22
lions,lions/Biologger Roars Expanded (500ms)/RD-5-1_R3.WAV,4,crepe,171.875,36.90596423509429,36.90596423509429,1.0,0.39268709321249856,0.3125,10
lions,lions/Biologger Roars Expanded (500ms)/RD-5-1_R3.WAV,6,crepe,171.875,39.56615079550814,39.56615079550814,1.0,-0.8823818161395678,0.5,16
lions,lions/Biologger Roars Expanded (500ms)/RD-5-2_R1.WAV,0,crepe,193.359375,40.67469252483207,40.67469252483207,1.0,0.8888837206140177,0.6842105263157895,26
lions,lions/Biologger Roars Expanded (500ms)/RD-5-2_R1.WAV,2,crepe,193.359375,24.568310254620254,24.568310254620254,1.0,0.6813660402993571,0.2631578947368421,10
lions,lions/Biologger Roars Expanded (500ms)/RD-5-2_R1.WAV,4,crepe,193.359375,42.59545783734803,42.59545783734803,1.0,0.8394641363228539,0.23684210526315788,9
lions,lions/Biologger Roars Expanded (500ms)/RD-5-2_R1.WAV,6,crepe,193.359375,69.28961689392892,69.28961689392892,1.0,0.7751300039975243,0.2631578947368421,10
lions,lions/Biologger Roars Expanded (500ms)/RD-5-3_R1.WAV,0,crepe,181.640625,27.760472153244077,27.760472153244077,1.0,0.6159118570817708,0.6666666666666666,24
lions,lions/Biologger Roars Expanded (500ms)/RD-5-3_R1.WAV,2,crepe,181.640625,29.445968311863567,29.445968311863567,1.0,0.9099401519590992,0.5,18
lions,lions/Biologger Roars Expanded (500ms)/RD-5-3_R1.WAV,4,crepe,181.640625,23.27574288086844,23.27574288086844,1.0,0.40682890991045306,0.19444444444444445,7
lions,lions/Biologger Roars Expanded (500ms)/RD-5-3_R1.WAV,6,crepe,181.640625,37.75854756145254,37.75854756145254,1.0,0.5544651381243768,0.25,9
lions,lions/Biologger Roars Expanded (500ms)/RD-6-1_R1.WAV,0,crepe,185.546875,45.376927435414096,45.376927435414096,1.0,0.8425144482904114,0.7027027027027027,26
lions,lions/Biologger Roars Expanded (500ms)/RD-6-1_R1.WAV,2,crepe,185.546875,1878.8660495270165,71.7434437289701,0.0,0.7920262527581939,0.7027027027027027,26
lions,lions/Biologger Roars Expanded (500ms)/RD-6-1_R1.WAV,4,crepe,185.546875,26.844652499273035,26.844652499273035,1.0,0.8930500332311533,0.1891891891891892,7
lions,lions/Biologger Roars Expanded (500ms)/RD-6-1_R1.WAV,6,crepe,185.546875,51.67117333654686,51.67117333654686,1.0,0.07721698980598495,0.21621621621621623,8
lions,lions/Biologger Roars Expanded (500ms)/RD-6-1_R2.WAV,0,crepe,183.59375,38.80754533973439,38.80754533973439,1.0,0.9562917272845947,0.696969696969697,23
lions,lions/Biologger Roars Expanded (500ms)/RD-6-1_R2.WAV,2,crepe,183.59375,1911.3635328130322,47.43008241788018,0.0,0.8887981110861211,0.696969696969697,23
lions,lions/Biologger Roars Expanded (500ms)/RD-6-1_R2.WAV,4,crepe,183.59375,56.43430598540326,56.43430598540326,1.0,0.6206391646299945,0.2727272727272727,9
lions,lions/Biologger Roars Expanded (500ms)/RD-6-1_R2.WAV,6,crepe,183.59375,72.24938318994941,72.24938318994941,1.0,0.4769062721871406,0.18181818181818182,6
lions,lions/Biologger Roars Expanded (500ms)/RD-9-1_R1.WAV,0,crepe,121.09375,48.68498144053001,48.68498144053001,1.0,0.9519475159293995,0.7352941176470589,25
lions,lions/Biologger Roars Expanded (500ms)/RD-9-1_R1.WAV,2,crepe,121.09375,1863.3005866861317,107.8141431368531,0.0,0.6311287078631148,0.9411764705882353,32
lions,lions/Biologger Roars Expanded (500ms)/RD-9-1_R1.WAV,4,crepe,121.09375,2612.470118573052,212.47011857305188,0.0,0.6680278051639944,0.5,17
lions,lions/Biologger Roars Expanded (500ms)/RD-9-1_R1.WAV,6,crepe,121.09375,2211.062672270147,188.93732772985328,0.0,0.7730853521457901,0.11764705882352941,4
lions,lions/Biologger Roars Expanded (500ms)/RD-9-2_R3.WAV,0,crepe,125.0,54.89033532567538,54.89033532567538,1.0,0.9598273604938873,0.7307692307692307,19
lions,lions/Biologger Roars Expanded (500ms)/RD-9-2_R3.WAV,2,crepe,125.0,1868.6423311133076,62.71185656305299,0.0,0.812449984298608,0.8076923076923077,21
lions,lions/Biologger Roars Expanded (500ms)/RD-9-2_R3.WAV,4,crepe,125.0,2730.853482007086,330.85348200708563,0.0,0.4934159261020341,0.23076923076923078,6
lions,lions/Biologger Roars Expanded (500ms)/RD-9-2_R3.WAV,6,crepe,125.0,2263.4892903527516,131.75283035608865,0.0,,0.07692307692307693,2
lions,lions/Biologger Roars Expanded (500ms)/RD-9-3_R1.WAV,0,crepe,144.53125,47.75547661830649,47.75547661830649,1.0,0.9348610944000327,0.5862068965517241,17
lions,lions/Biologger Roars Expanded (500ms)/RD-9-3_R1.WAV,2,crepe,144.53125,1475.1093548742087,82.12106416224105,0.0,0.4791626336501286,0.7586206896551724,22
lions,lions/Biologger Roars Expanded (500ms)/RD-9-3_R1.WAV,4,crepe,144.53125,41.86677265385706,41.86677265385706,1.0,0.4982860171840095,0.1724137931034483,5
lions,lions/Biologger Roars Expanded (500ms)/RD-9-3_R1.WAV,6,crepe,144.53125,1578.3554958805055,316.7855207664172,0.0,0.5251094919647724,0.2413793103448276,7
lions,lions/Biologger Roars Expanded (500ms)/RD-9-5_R1.WAV,0,crepe,149.4140625,42.346700799875386,42.346700799875386,1.0,0.9852674152172387,0.53125,17
lions,lions/Biologger Roars Expanded (500ms)/RD-9-5_R1.WAV,2,crepe,149.4140625,1475.0827167386192,56.85440626333351,0.0,-0.759441894324996,0.75,24
lions,lions/Biologger Roars Expanded (500ms)/RD-9-5_R1.WAV,4,crepe,149.4140625,35.022853231269174,35.022853231269174,1.0,0.7652470521244267,0.3125,10
lions,lions/Biologger Roars Expanded (500ms)/RD-9-5_R1.WAV,6,crepe,149.4140625,37.33058273362506,37.33058273362506,1.0,0.8104456835175228,0.1875,6
lions,lions/Biologger Roars Expanded (500ms)/WIL-1-1_R1.WAV,0,crepe,138.671875,28.612657025419306,28.612657025419306,1.0,0.8708934300759014,0.7407407407407407,20
lions,lions/Biologger Roars Expanded (500ms)/WIL-1-1_R1.WAV,2,crepe,138.671875,2376.0534862827526,68.79440455102699,0.0,0.8614975585392826,0.8518518518518519,23
lions,lions/Biologger Roars Expanded (500ms)/WIL-1-1_R1.WAV,4,crepe,138.671875,2365.904748588857,74.71396839027246,0.0,0.8409683163062538,0.6666666666666666,18
lions,lions/Biologger Roars Expanded (500ms)/WIL-1-1_R1.WAV,6,crepe,138.671875,2457.4623032276786,57.46230322767859,0.0,,0.037037037037037035,1
lions,lions/Biologger Roars Expanded (500ms)/WIL-1-1_R2.WAV,0,crepe,132.8125,44.3672771261445,44.3672771261445,1.0,0.772578256952822,0.5833333333333334,14
lions,lions/Biologger Roars Expanded (500ms)/WIL-1-1_R2.WAV,2,crepe,132.8125,2339.3635161203556,69.8537957774285,0.0,0.44463911081277857,0.8333333333333334,20
lions,lions/Biologger Roars Expanded (500ms)/WIL-1-1_R2.WAV,4,crepe,132.8125,2411.919451211884,43.956944916691135,0.0,0.6062605038643872,0.5833333333333334,14
lions,lions/Biologger Roars Expanded (500ms)/WIL-1-1_R2.WAV,6,crepe,132.8125,1190.5967066414828,44.28883996117061,0.0,0.2168427938320974,0.2916666666666667,7
lions,lions/Biologger Roars Expanded (500ms)/WIL-1-2_R1.WAV,0,crepe,135.7421875,47.71152271116125,47.71152271116125,1.0,0.9499353912875849,0.7352941176470589,25
lions,lions/Biologger Roars Expanded (500ms)/WIL-1-2_R1.WAV,2,crepe,135.7421875,1750.6501587463104,151.30484211907716,0.0,-0.5748060356636538,0.7941176470588235,27
lions,lions/Biologger Roars Expanded (500ms)/WIL-1-2_R1.WAV,4,crepe,135.7421875,2422.3629152806056,32.10109218271337,0.0,0.7234290854060729,0.2647058823529412,9
lions,lions/Biologger Roars Expanded (500ms)/WIL-1-2_R2.WAV,0,crepe,131.8359375,65.24935812200214,65.24935812200214,1.0,0.854629368059097,0.6666666666666666,20
lions,lions/Biologger Roars Expanded (500ms)/WIL-1-2_R2.WAV,2,crepe,131.8359375,1874.7492133517496,140.24284788798994,0.0,-0.5969175017702557,0.8333333333333334,25
lions,lions/Biologger Roars Expanded (500ms)/WIL-1-2_R2.WAV,4,crepe,131.8359375,2444.797672245535,63.40132993628785,0.0,0.6923778093584594,0.4666666666666667,14
lions,lions/Biologger Roars Expanded (500ms)/WIL-1-2_R2.WAV,6,crepe,131.8359375,1187.680781217187,12.31921878281323,0.0,0.6249539980772342,0.1,3
lions,lions/Biologger Roars Expanded (500ms)/WIL-1-3_R2.WAV,0,crepe,134.765625,43.46950664273878,43.46950664273878,1.0,0.8357607536955901,0.7083333333333334,17
lions,lions/Biologger Roars Expanded (500ms)/WIL-1-3_R2.WAV,2,crepe,134.765625,1873.698020709082,88.51463296139836,0.0,0.7396565346834261,0.7916666666666666,19
lions,lions/Biologger Roars Expanded (500ms)/WIL-1-3_R2.WAV,4,crepe,134.765625,2444.0250898311033,59.38559757437456,0.0,0.5586457830265753,0.5833333333333334,14
lions,lions/Biologger Roars Expanded (500ms)/WIL-2-10_R2.WAV,0,crepe,134.765625,46.70596978183201,46.70596978183201,1.0,0.5674604102800719,0.5333333333333333,16
lions,lions/Biologger Roars Expanded (500ms)/WIL-2-10_R2.WAV,2,crepe,134.765625,1883.095850864794,104.57238051644178,0.0,0.12086578566571535,0.8666666666666667,26
lions,lions/Biologger Roars Expanded (500ms)/WIL-2-10_R2.WAV,4,crepe,134.765625,2426.576853413716,47.18334629302532,0.0,0.5303995047463824,0.4,12
lions,lions/Biologger Roars Expanded (500ms)/WIL-2-10_R2.WAV,6,crepe,134.765625,1914.304957922791,12.349957057403369,0.0,,0.03333333333333333,1
lions,lions/Biologger Roars Expanded (500ms)/WIL-2-10_R3.WAV,0,crepe,135.7421875,44.07794620430444,44.07794620430444,1.0,0.15893027148561692,0.6153846153846154,16
lions,lions/Biologger Roars Expanded (500ms)/WIL-2-10_R3.WAV,2,crepe,135.7421875,1864.1456907745464,82.00597760142404,0.0,0.548050943002909,0.8076923076923077,21
lions,lions/Biologger Roars Expanded (500ms)/WIL-2-10_R3.WAV,4,crepe,135.7421875,2466.540482778732,66.54048277873231,0.0,-0.8281843896686414,0.19230769230769232,5
lions,lions/Biologger Roars Expanded (500ms)/WIL-2-1_R2.WAV,0,crepe,132.8125,36.19774623059576,36.19774623059576,1.0,0.7035586690488925,0.6,12
lions,lions/Biologger Roars Expanded (500ms)/WIL-2-1_R2.WAV,2,crepe,132.8125,1888.0008269192867,95.14847043669693,0.0,-0.060589142647971446,0.8,16
lions,lions/Biologger Roars Expanded (500ms)/WIL-2-1_R2.WAV,4,crepe,132.8125,2435.5904775792455,43.5155154542188,0.0,0.22614698025460045,0.45,9
lions,lions/Biologger Roars Expanded (500ms)/WIL-2-2_R2.WAV,0,crepe,133.7890625,37.75016913143608,37.75016913143608,1.0,0.5609153007890982,0.5,9
lions,lions/Biologger Roars Expanded (500ms)/WIL-2-2_R2.WAV,2,crepe,133.7890625,1628.869718862034,273.0852820033533,0.0,-0.04824850769223073,0.7777777777777778,14
lions,lions/Biologger Roars Expanded (500ms)/WIL-2-2_R2.WAV,4,crepe,133.7890625,2453.505494452642,53.50549445264223,0.0,-0.6141826825877726,0.16666666666666666,3
lions,lions/Biologger Roars Expanded (500ms)/WIL-2-2_R2.WAV,6,crepe,133.7890625,2994.6950085052654,679.3545218460096,0.0,0.8787035063503118,0.2222222222222222,4
lions,lions/Biologger Roars Expanded (500ms)/WIL-2-2_R3.WAV,0,crepe,132.8125,38.74503862652279,38.74503862652279,1.0,0.29967288759000754,0.5882352941176471,10
lions,lions/Biologger Roars Expanded (500ms)/WIL-2-2_R3.WAV,2,crepe,132.8125,1894.5881803927193,200.47379578417878,0.0,0.13444781953708781,0.7647058823529411,13
lions,lions/Biologger Roars Expanded (500ms)/WIL-2-2_R3.WAV,4,crepe,132.8125,2424.3807092538455,24.38070925384545,0.0,-0.9187811658928011,0.17647058823529413,3
lions,lions/Biologger Roars Expanded (500ms)/WIL-2-2_R3.WAV,6,crepe,132.8125,2239.078262982841,182.9555480219535,0.0,-0.7646482179141046,0.29411764705882354,5
lions,lions/Biologger Roars Expanded (500ms)/WIL-2-3_R3.WAV,0,crepe,128.90625,38.433636472209244,38.433636472209244,1.0,-0.7969057643320716,0.631578947368421,12
lions,lions/Biologger Roars Expanded (500ms)/WIL-2-3_R3.WAV,2,crepe,128.90625,1664.6293138886124,333.8608588573192,0.0,0.5673325409210713,1.0,19
lions,lions/Biologger Roars Expanded (500ms)/WIL-2-3_R3.WAV,4,crepe,128.90625,2457.667718302183,65.42357661966129,0.0,-0.2103695494463411,0.5263157894736842,10
lions,lions/Biologger Roars Expanded (500ms)/WIL-2-4_R2.WAV,0,crepe,130.859375,49.24281141783462,49.24281141783462,1.0,0.3981717278082514,0.5789473684210527,11
lions,lions/Biologger Roars Expanded (500ms)/WIL-2-4_R2.WAV,2,crepe,130.859375,1768.838792329022,233.82609072423276,0.0,0.13569523990936874,0.7368421052631579,14
lions,lions/Biologger Roars Expanded (500ms)/WIL-2-4_R2.WAV,4,crepe,130.859375,2437.1151227092,51.23398922154504,0.0,-0.344186058902037,0.47368421052631576,9
lions,lions/Biologger Roars Expanded (500ms)/WIL-2-5_R1.WAV,0,crepe,134.765625,16.70922053857334,16.70922053857334,1.0,0.5498641259048592,0.391304347826087,9
lions,lions/Biologger Roars Expanded (500ms)/WIL-2-5_R1.WAV,2,crepe,134.765625,1744.0452533866946,185.6773378295315,0.0,-0.26369856688847976,0.782608695652174,18
lions,lions/Biologger Roars Expanded (500ms)/WIL-2-5_R1.WAV,4,crepe,134.765625,2431.9127375886733,40.812192254715654,0.0,0.027111165681730852,0.391304347826087,9
lions,lions/Biologger Roars Expanded (500ms)/WIL-2-5_R1.WAV,6,crepe,134.765625,2223.0459912534825,176.95400874651773,0.0,,0.08695652173913043,2
lions,lions/Biologger Roars Expanded (500ms)/WIL-2-5_R3.WAV,0,crepe,125.0,40.10153811156343,40.10153811156343,1.0,0.2806501676399632,0.5263157894736842,10
lions,lions/Biologger Roars Expanded (500ms)/WIL-2-5_R3.WAV,2,crepe,125.0,1670.1447135862254,242.85131827607307,0.0,-0.08767721792026166,0.9473684210526315,18
lions,lions/Biologger Roars Expanded (500ms)/WIL-2-5_R3.WAV,4,crepe,125.0,2420.010969101762,99.22360596890928,0.0,0.7760827119456621,0.631578947368421,12
lions,lions/Biologger Roars Expanded (500ms)/WIL-2-5_R3.WAV,6,crepe,125.0,2222.418767430939,177.58123256906057,0.0,,0.05263157894736842,1
lions,lions/Biologger Roars Expanded (500ms)/WIL-2-6_R2.WAV,0,crepe,138.671875,45.152900473730654,45.152900473730654,1.0,0.6850864712129772,0.64,16
lions,lions/Biologger Roars Expanded (500ms)/WIL-2-6_R2.WAV,2,crepe,138.671875,1644.7533644636683,269.13210051015403,0.0,0.4805196842957556,0.76,19
lions,lions/Biologger Roars Expanded (500ms)/WIL-2-6_R2.WAV,4,crepe,138.671875,2354.602445438877,45.39755456112294,0.0,0.970947332652273,0.12,3
lions,lions/Biologger Roars Expanded (500ms)/WIL-2-6_R2.WAV,6,crepe,138.671875,2170.342637629316,160.6799032612078,0.0,-0.3090555807883108,0.28,7
lions,lions/Biologger Roars Expanded (500ms)/WIL-2-7_R1.WAV,0,crepe,146.484375,24.644153091129002,24.644153091129002,1.0,0.9710166701301274,0.5172413793103449,15
lions,lions/Biologger Roars Expanded (500ms)/WIL-2-7_R1.WAV,2,crepe,146.484375,1758.0256925797275,229.83757195722453,0.0,-0.03392919755069515,0.6896551724137931,20
lions,lions/Biologger Roars Expanded (500ms)/WIL-2-7_R1.WAV,4,crepe,146.484375,2318.0740127004906,73.0826265894943,0.0,-0.8865818487569394,0.13793103448275862,4
lions,lions/Biologger Roars Expanded (500ms)/WIL-2-7_R1.WAV,6,crepe,146.484375,2198.3288996934943,201.67110030650545,0.0,,0.034482758620689655,1
lions,lions/Biologger Roars Expanded (500ms)/WIL-2-8_R1.WAV,0,crepe,138.671875,54.23256143763786,54.23256143763786,1.0,0.7479387803104893,0.6451612903225806,20
lions,lions/Biologger Roars Expanded (500ms)/WIL-2-8_R1.WAV,2,crepe,138.671875,2352.014959162315,113.82679192601996,0.0,0.8723689102225011,0.7419354838709677,23
lions,lions/Biologger Roars Expanded (500ms)/WIL-2-8_R1.WAV,4,crepe,138.671875,2404.8755549068273,53.10289992085655,0.0,0.5690273875016093,0.22580645161290322,7
lions,lions/Biologger Roars Expanded (500ms)/WIL-2-8_R1.WAV,6,crepe,138.671875,2313.8774194108564,86.12258058914382,0.0,,0.06451612903225806,2
lions,lions/Biologger Roars Expanded (500ms)/WIL-2-9_R1.WAV,0,crepe,137.6953125,52.643988323981986,52.643988323981986,1.0,0.7054828761993582,0.625,20
lions,lions/Biologger Roars Expanded (500ms)/WIL-2-9_R1.WAV,2,crepe,137.6953125,2357.8477562182497,140.7788116998143,0.0,0.8196191665484145,0.75,24
lions,lions/Biologger Roars Expanded (500ms)/WIL-2-9_R1.WAV,4,crepe,137.6953125,2403.388883877882,28.052345646142697,0.0,0.4502593245766064,0.25,8
lions,lions/Biologger Roars Expanded (500ms)/WIL-2-9_R1.WAV,6,crepe,137.6953125,2227.818296801208,172.18170319879204,0.0,,0.03125,1
lions,lions/Biologger Roars Expanded (500ms)/WIL-2-9_R2.WAV,0,crepe,138.671875,35.100552061148335,35.100552061148335,1.0,0.7085223511250784,0.6296296296296297,17
lions,lions/Biologger Roars Expanded (500ms)/WIL-2-9_R2.WAV,2,crepe,138.671875,1824.650552160555,233.25374940938667,0.0,-0.22855385838901796,0.6296296296296297,17
lions,lions/Biologger Roars Expanded (500ms)/WIL-2-9_R2.WAV,4,crepe,138.671875,2390.4005416388018,26.02680265253258,0.0,-0.3835817391438724,0.25925925925925924,7
lions,lions/Biologger Roars Expanded (500ms)/WIL-2-9_R2.WAV,6,crepe,138.671875,2226.0360190884885,173.96398091151133,0.0,0.11665298536672405,0.14814814814814814,4
lions,lions/Biologger Roars Expanded (500ms)/WIL-3-1_R2.WAV,0,crepe,144.53125,48.183602670931485,48.183602670931485,1.0,0.9666352016122687,0.7037037037037037,19
lions,lions/Biologger Roars Expanded (500ms)/WIL-3-1_R2.WAV,2,crepe,144.53125,1792.1243438216065,127.90419633782639,0.0,0.2905058822209629,0.8148148148148148,22
lions,lions/Biologger Roars Expanded (500ms)/WIL-3-1_R2.WAV,6,crepe,144.53125,1220.372449803214,30.116331206993177,0.0,-0.15600606106857703,0.1111111111111111,3
lions,lions/Biologger Roars Expanded (500ms)/WIL-4-1_R1.WAV,0,crepe,146.484375,29.36159945357317,29.36159945357317,1.0,0.7756306851539917,0.6470588235294118,22
lions,lions/Biologger Roars Expanded (500ms)/WIL-4-1_R1.WAV,2,crepe,146.484375,1943.8958353574224,124.0896163707728,0.0,0.6907191064449416,0.6764705882352942,23
lions,lions/Biologger Roars Expanded (500ms)/WIL-4-1_R1.WAV,4,crepe,146.484375,583.6258658501318,241.34713288261398,1.0,0.2800155948137022,0.20588235294117646,7
lions,lions/Biologger Roars Expanded (500ms)/WIL-4-1_R1.WAV,6,crepe,146.484375,312.08242339172847,120.38779287253537,1.0,-0.5322342622697436,0.11764705882352941,4
lions,lions/Biologger Roars Expanded (500ms)/WIL-4-3_R2.WAV,0,crepe,146.484375,81.58986711006565,81.58986711006565,1.0,0.4110858907481305,0.5384615384615384,14
lions,lions/Biologger Roars Expanded (500ms)/WIL-4-3_R2.WAV,2,crepe,146.484375,1791.904683805113,110.05031706027437,0.0,-0.06259282486307197,0.4230769230769231,11
lions,lions/Biologger Roars Expanded (500ms)/WIL-4-4_R1.WAV,0,crepe,142.578125,35.79158619599077,35.79158619599077,1.0,0.8502516476495053,0.68,17
lions,lions/Biologger Roars Expanded (500ms)/WIL-4-4_R1.WAV,2,crepe,142.578125,1713.3636790932248,238.77388179803458,0.0,-0.29953760422401693,0.76,19
lions,lions/Biologger Roars Expanded (500ms)/WIL-4-4_R1.WAV,4,crepe,142.578125,2378.3053983718037,44.92316443139435,0.0,0.40604561441578335,0.4,10
lions,lions/Biologger Roars Expanded (500ms)/WIL-4-4_R1.WAV,6,crepe,142.578125,2052.329622671976,144.95379614383646,0.0,-0.9995446522127375,0.12,3
lions,lions/Biologger Roars Expanded (500ms)/WIL-4-4_R2.WAV,0,crepe,142.578125,48.326311846266066,48.326311846266066,1.0,-0.3654080635834508,0.72,18
lions,lions/Biologger Roars Expanded (500ms)/WIL-4-4_R2.WAV,2,crepe,142.578125,1686.8235540129617,224.79931070851592,0.0,-0.5240534093608311,0.88,22
lions,lions/Biologger Roars Expanded (500ms)/WIL-4-4_R2.WAV,4,crepe,142.578125,2376.900572004183,23.099427995816903,0.0,0.0793757723168079,0.28,7
lions,lions/Biologger Roars Expanded (500ms)/WIL-4-4_R2.WAV,6,crepe,142.578125,2146.8233371721262,240.90027215358867,0.0,0.5166139109084305,0.12,3
lions,lions/Biologger Roars Expanded (500ms)/WIN-2-1_R3.WAV,0,crepe,172.8515625,56.60780942878847,56.60780942878847,1.0,0.9083516461297398,0.8846153846153846,23
lions,lions/Biologger Roars Expanded (500ms)/WIN-2-1_R3.WAV,2,crepe,172.8515625,1852.1472273763763,70.01201756406827,0.0,-0.4162203939036486,0.7307692307692307,19
lions,lions/Biologger Roars Expanded (500ms)/WIN-2-1_R3.WAV,4,crepe,172.8515625,1259.1929954601478,59.19299546014765,0.0,-0.7092963293174792,0.34615384615384615,9
lions,lions/Biologger Roars Expanded (500ms)/WIN-2-1_R3.WAV,6,crepe,172.8515625,18.606317558817423,18.606317558817423,1.0,0.8161561166740285,0.11538461538461539,3
lions,lions/Biologger Roars Expanded (500ms)/WIN-2-2_R2.WAV,0,crepe,177.734375,38.45970777173149,38.45970777173149,1.0,0.9557997333607698,0.896551724137931,26
lions,lions/Biologger Roars Expanded (500ms)/WIN-2-2_R2.WAV,2,crepe,177.734375,1901.709144644528,104.78848016637806,0.0,0.6319855558640197,0.7241379310344828,21
lions,lions/Biologger Roars Expanded (500ms)/WIN-2-2_R2.WAV,4,crepe,177.734375,1272.1628802411387,72.16288024113861,0.0,-0.02569978990875079,0.10344827586206896,3
lions,lions/Biologger Roars Expanded (500ms)/WIN-2-2_R2.WAV,6,crepe,177.734375,2244.316315932351,155.68368406764895,0.0,,0.034482758620689655,1
lions,lions/Biologger Roars Expanded (500ms)/WIN-2-3_R1.WAV,0,crepe,179.6875,40.22482037597182,40.22482037597182,1.0,0.8986905378913489,0.9090909090909091,30
lions,lions/Biologger Roars Expanded (500ms)/WIN-2-3_R1.WAV,2,crepe,179.6875,1892.979014934453,47.69297126613807,0.0,0.307467929006596,0.7878787878787878,26
lions,lions/Biologger Roars Expanded (500ms)/WIN-2-3_R1.WAV,4,crepe,179.6875,1171.5442319333167,28.45576806668335,0.0,0.20549445361521754,0.15151515151515152,5
lions,lions/Biologger Roars Expanded (500ms)/WIN-2-3_R1.WAV,6,crepe,179.6875,1185.320914504102,14.679085495898041,0.0,-0.9952537643361942,0.09090909090909091,3
lions,lions/Biologger Roars Expanded (500ms)/WIN-2-4_R1.WAV,0,crepe,175.78125,68.71516411063081,68.71516411063081,1.0,0.6698139223289444,0.6341463414634146,26
lions,lions/Biologger Roars Expanded (500ms)/WIN-2-4_R1.WAV,2,crepe,175.78125,1918.6099484230695,100.99864389410523,0.0,0.21742270287568147,0.6341463414634146,26
lions,lions/Biologger Roars Expanded (500ms)/WIN-2-4_R1.WAV,4,crepe,175.78125,39.77048073895679,39.77048073895679,1.0,0.45123860416261696,0.07317073170731707,3
lions,lions/Biologger Roars Expanded (500ms)/WIN-2-4_R1.WAV,6,crepe,175.78125,74.5175160131087,74.5175160131087,1.0,-0.49615221429874357,0.21951219512195122,9
lions,lions/Biologger Roars Expanded (500ms)/WIN-2-4_R3.WAV,0,crepe,169.921875,36.10328622750642,36.10328622750642,1.0,0.8136072937886687,0.9310344827586207,27
lions,lions/Biologger Roars Expanded (500ms)/WIN-2-4_R3.WAV,2,crepe,169.921875,1880.9697068673327,97.76170115097715,0.0,0.05530686125481158,0.7931034482758621,23
lions,lions/Biologger Roars Expanded (500ms)/WIN-2-4_R3.WAV,4,crepe,169.921875,977.4087512125138,222.5912487874862,0.0,,0.034482758620689655,1
lions,lions/Biologger Roars Expanded (500ms)/WIN-2-4_R3.WAV,6,crepe,169.921875,2176.89508253412,153.75885605916812,0.0,0.7327628925512101,0.13793103448275862,4
lions,lions/Biologger Roars Expanded (500ms)/WIN-2-5_R1.WAV,0,crepe,185.546875,32.4675124422484,32.4675124422484,1.0,0.9285743978758835,0.717948717948718,28
lions,lions/Biologger Roars Expanded (500ms)/WIN-2-5_R1.WAV,2,crepe,185.546875,1593.7682556126863,97.32853708736926,0.0,0.26070632251971715,0.7692307692307693,30
lions,lions/Biologger Roars Expanded (500ms)/WIN-2-5_R1.WAV,4,crepe,185.546875,1655.450681220292,71.28675928237296,0.0,-0.38910340969245283,0.4358974358974359,17
lions,lions/Biologger Roars Expanded (500ms)/WIN-2-5_R1.WAV,6,crepe,185.546875,12.16246193915503,12.16246193915503,1.0,,0.05128205128205128,2
lions,lions/Biologger Roars Expanded (500ms)/WIN-2-6_R1.WAV,0,crepe,173.828125,38.80514714730919,38.80514714730919,1.0,0.8613512835093974,0.8285714285714286,29
lions,lions/Biologger Roars Expanded (500ms)/WIN-2-6_R1.WAV,2,crepe,173.828125,1834.1763274267394,46.1248544214718,0.0,-0.23597179016032077,0.7714285714285715,27
lions,lions/Biologger Roars Expanded (500ms)/WIN-2-6_R1.WAV,4,crepe,173.828125,33.682186279127706,33.682186279127706,1.0,-0.09789269389322547,0.3142857142857143,11
lions,lions/Biologger Roars Expanded (500ms)/WIN-2-6_R1.WAV,6,crepe,173.828125,28.78799406945845,28.78799406945845,1.0,-0.06490851430480091,0.2571428571428571,9
lions,lions/Biologger Roars Expanded (500ms)/WIN-2-7_R1.WAV,0,crepe,166.9921875,38.74979772985192,38.74979772985192,1.0,0.7727064895017169,0.6842105263157895,26
lions,lions/Biologger Roars Expanded (500ms)/WIN-2-7_R1.WAV,2,crepe,166.9921875,1899.5013984301806,120.83836598101468,0.0,-0.23871557063836452,0.7368421052631579,28
lions,lions/Biologger Roars Expanded (500ms)/WIN-2-7_R1.WAV,4,crepe,166.9921875,33.0041449765374,33.0041449765374,1.0,-0.3640253235644565,0.10526315789473684,4
lions,lions/Biologger Roars Expanded (500ms)/WIN-2-7_R1.WAV,6,crepe,166.9921875,1765.163011287317,223.5026352591143,0.0,0.589774356358773,0.23684210526315788,9
lions,lions/Biologger Roars Expanded (500ms)/WIN-3-1_R1.WAV,0,crepe,161.1328125,42.400724762577255,42.400724762577255,1.0,0.8530558445413281,0.7352941176470589,25
lions,lions/Biologger Roars Expanded (500ms)/WIN-3-1_R1.WAV,2,crepe,161.1328125,1926.3688276405635,182.14337453415664,0.0,-0.007893359574404023,0.7058823529411765,24
lions,lions/Biologger Roars Expanded (500ms)/WIN-3-1_R1.WAV,4,crepe,161.1328125,1333.597127627701,133.5971276277009,0.0,0.7905578221168955,0.08823529411764706,3
lions,lions/Biologger Roars Expanded (500ms)/WIN-3-1_R1.WAV,6,crepe,161.1328125,1454.8750510417074,136.32291224052818,0.0,-0.8867573190760116,0.20588235294117646,7
lions,lions/Biologger Roars Expanded (500ms)/WIN-3-2_R1.WAV,0,crepe,161.1328125,31.651025625399043,31.651025625399043,1.0,0.8208818254430937,0.6666666666666666,24
lions,lions/Biologger Roars Expanded (500ms)/WIN-3-2_R1.WAV,2,crepe,161.1328125,1925.9167528178402,147.89835734122227,0.0,0.586364798513933,0.75,27
lions,lions/Biologger Roars Expanded (500ms)/WIN-3-2_R1.WAV,6,crepe,161.1328125,2082.4861068044042,180.53110593901675,0.0,0.9962507433721882,0.08333333333333333,3
lions,lions/Biologger Roars Expanded (500ms)/WIN-3-2_R3.WAV,0,crepe,168.9453125,39.753916078070034,39.753916078070034,1.0,0.6606549652634289,0.78125,25
lions,lions/Biologger Roars Expanded (500ms)/WIN-3-2_R3.WAV,2,crepe,168.9453125,1946.7461355704988,74.84485548597436,0.0,0.5225861424019249,0.71875,23
lions,lions/Biologger Roars Expanded (500ms)/WIN-3-2_R3.WAV,4,crepe,168.9453125,1689.3218851708752,212.63311569451184,0.0,0.4680041347419014,0.09375,3
lions,lions/Biologger Roars Expanded (500ms)/WIN-3-2_R3.WAV,6,crepe,168.9453125,2564.6609198846663,208.8773038991432,0.0,-0.36940793920905923,0.125,4
lions,lions/Biologger Roars Expanded (500ms)/WIN-3-3_R1.WAV,0,crepe,158.203125,32.885099884894764,32.885099884894764,1.0,0.9470297129287141,0.8205128205128205,32
lions,lions/Biologger Roars Expanded (500ms)/WIN-3-3_R1.WAV,2,crepe,158.203125,1885.57426640397,61.79264418177454,0.0,0.47626482982967866,0.9487179487179487,37
lions,lions/Biologger Roars Expanded (500ms)/WIN-3-3_R1.WAV,4,crepe,158.203125,46.139081520723195,32.176342104956014,1.0,-0.9418212887945633,0.28205128205128205,11
lions,lions/Biologger Roars Expanded (500ms)/WIN-3-3_R1.WAV,6,crepe,158.203125,69.90172002266505,52.054441992398296,1.0,-0.9315589005813175,0.3333333333333333,13
lions,lions/Biologger Roars Expanded (500ms)/WIN-3-5_R1.WAV,0,crepe,160.15625,56.651865876480365,56.651865876480365,1.0,0.7901333683544232,0.6097560975609756,25
lions,lions/Biologger Roars Expanded (500ms)/WIN-3-5_R1.WAV,2,crepe,160.15625,1915.5208847819652,89.15699051299643,0.0,0.5206940434216112,0.7317073170731707,30
lions,lions/Biologger Roars Expanded (500ms)/WIN-3-5_R1.WAV,4,crepe,160.15625,719.91428832262,372.02522269588417,1.0,-0.7180511367326716,0.3902439024390244,16
lions,lions/Biologger Roars Expanded (500ms)/WIN-3-5_R1.WAV,6,crepe,160.15625,321.2345651015241,120.50141141773872,1.0,0.8127673284979636,0.21951219512195122,9
lions,lions/Biologger Roars Expanded (500ms)/WIN-3-5_R2.WAV,0,crepe,161.1328125,48.736931991588875,48.736931991588875,1.0,0.864883321357624,0.875,35
lions,lions/Biologger Roars Expanded (500ms)/WIN-3-5_R2.WAV,2,crepe,161.1328125,1907.4262891397154,52.84141533907088,0.0,0.3779097455953694,0.875,35
lions,lions/Biologger Roars Expanded (500ms)/WIN-3-5_R2.WAV,4,crepe,161.1328125,12.876768799302363,12.876768799302363,1.0,0.9356682071387278,0.15,6
lions,lions/Biologger Roars Expanded (500ms)/WIN-3-5_R2.WAV,6,crepe,161.1328125,44.92790973315305,44.92790973315305,1.0,0.08220489466740363,0.175,7
lions,lions/Biologger Roars Expanded (500ms)/WIN-3-6_R2.WAV,0,crepe,165.0390625,38.31791990361502,36.647633714947176,1.0,0.8238343586549988,0.78125,25
lions,lions/Biologger Roars Expanded (500ms)/WIN-3-6_R2.WAV,2,crepe,165.0390625,1996.2877304901501,94.33272962476289,0.0,0.7289104330456673,0.53125,17
lions,lions/Biologger Roars Expanded (500ms)/WIN-3-6_R2.WAV,4,crepe,165.0390625,2768.163730370619,368.1637303706186,0.0,,0.03125,1
lions,lions/Biologger Roars Expanded (500ms)/WIN-3-6_R2.WAV,6,crepe,165.0390625,1838.3942838343614,117.85039526743861,0.0,-0.9578104024616102,0.1875,6
lions,lions/Biologger Roars Expanded (500ms)/WIN-3-7_R1.WAV,0,crepe,167.96875,48.223785898618395,43.09157590535276,1.0,0.8299000820387044,0.7804878048780488,32
lions,lions/Biologger Roars Expanded (500ms)/WIN-3-7_R1.WAV,2,crepe,167.96875,1867.1592593747055,44.67996911036458,0.0,-0.163197834599407,0.7804878048780488,32
lions,lions/Biologger Roars Expanded (500ms)/WIN-3-7_R1.WAV,4,crepe,167.96875,1236.459639027073,36.45963902707313,0.0,-0.5183357359073161,0.2682926829268293,11
lions,lions/Biologger Roars Expanded (500ms)/WIN-3-7_R1.WAV,6,crepe,167.96875,1591.7891336873192,310.1658671780683,0.0,-0.08923231666484088,0.12195121951219512,5
lions,lions/Biologger Roars Expanded (500ms)/WIN-3-7_R2.WAV,0,crepe,165.0390625,53.123940435639255,53.123940435639255,1.0,0.7598328268816438,0.6111111111111112,22
lions,lions/Biologger Roars Expanded (500ms)/WIN-3-7_R2.WAV,2,crepe,165.0390625,1928.3295389684854,125.9827901799945,0.0,0.26664896524886994,0.8611111111111112,31
lions,lions/Biologger Roars Expanded (500ms)/WIN-3-7_R2.WAV,4,crepe,165.0390625,1839.4411190673047,141.5732328246495,0.0,-0.7224120554026842,0.1111111111111111,4
lions,lions/Biologger Roars Expanded (500ms)/WIN-3-7_R2.WAV,6,crepe,165.0390625,2253.9242294439314,210.7900618577155,0.0,-0.8990827520927351,0.1111111111111111,4
lions,lions/Biologger Roars Expanded (500ms)/WIN-6-1_R2.WAV,0,crepe,140.625,26.091190580342552,23.734991001101097,1.0,0.4466046250298547,0.4634146341463415,19
lions,lions/Biologger Roars Expanded (500ms)/WIN-6-1_R2.WAV,2,crepe,140.625,1468.0990863793293,43.72526893348507,0.0,-0.5319559521578208,0.7073170731707317,29
lions,lions/Biologger Roars Expanded (500ms)/WIN-6-1_R2.WAV,4,crepe,140.625,17.452737913093188,17.452737913093188,1.0,0.9196167559978958,0.1951219512195122,8
lions,lions/Biologger Roars Expanded (500ms)/WIN-6-1_R2.WAV,6,crepe,140.625,1894.5540907024033,28.193633086970436,0.0,0.611581888458115,0.17073170731707318,7
lions,lions/Biologger Roars Expanded (500ms)/WIN-7-1_R1.WAV,0,crepe,184.5703125,66.43079474720771,66.43079474720771,1.0,0.8335083155599101,0.7666666666666667,23
lions,lions/Biologger Roars Expanded (500ms)/WIN-7-1_R1.WAV,2,crepe,184.5703125,1756.7822051789542,228.54099696427937,0.0,0.46125250481725266,0.7333333333333333,22
lions,lions/Biologger Roars Expanded (500ms)/WIN-7-1_R1.WAV,4,crepe,184.5703125,1551.734764844189,54.37970025296228,0.0,-0.8719787450707218,0.13333333333333333,4
lions,lions/Biologger Roars Expanded (500ms)/WIN-7-2_R1.WAV,0,crepe,193.359375,46.35161074915103,46.35161074915103,1.0,0.7509538400384196,0.8571428571428571,30
lions,lions/Biologger Roars Expanded (500ms)/WIN-7-2_R1.WAV,2,crepe,193.359375,1704.4917112857113,177.4599371737092,0.0,0.1653057777521288,0.6571428571428571,23
lions,lions/Biologger Roars Expanded (500ms)/WIN-7-2_R1.WAV,4,crepe,193.359375,1154.475055016184,84.02168170027053,0.0,-0.9966128168008367,0.11428571428571428,4
lions,lions/Biologger Roars Expanded (500ms)/WIN-7-2_R1.WAV,6,crepe,193.359375,1235.2059478271124,35.20594782711237,0.0,0.7489841788983475,0.08571428571428572,3
lions,lions/Biologger Roars Expanded (500ms)/WIN-7-3_R1.WAV,0,crepe,183.59375,39.35638206870788,39.35638206870788,1.0,0.8254495693561783,0.7575757575757576,25
lions,lions/Biologger Roars Expanded (500ms)/WIN-7-3_R1.WAV,2,crepe,183.59375,1746.6835259329691,155.27147493241824,0.0,0.2514288065470671,0.7272727272727273,24
lions,lions/Biologger Roars Expanded (500ms)/WIN-7-3_R1.WAV,4,crepe,183.59375,35.84610546955789,35.84610546955789,1.0,-0.554595667094463,0.21212121212121213,7
lions,lions/Biologger Roars Expanded (500ms)/WIN-7-3_R1.WAV,6,crepe,183.59375,22.693272805344208,22.693272805344208,1.0,0.9766807104288912,0.09090909090909091,3
spotted_hyenas,spotted_hyenas/lehmann hyena whoop traces/ANGI_SN_100603_1831_EC_WP_00_S.wav,0,crepe,292.97,1189.2369544347746,10.771806426929759,0.0,-0.42238636900450804,0.9696048632218845,319
spotted_hyenas,spotted_hyenas/lehmann hyena whoop traces/ANGI_SN_100603_1831_EC_WP_00_S.wav,2,crepe,292.97,1608.610545510841,17.31806853806239,0.0,0.0473367253656904,0.6352583586626139,209
spotted_hyenas,spotted_hyenas/lehmann hyena whoop traces/ANGI_SN_100603_1831_EC_WP_00_S.wav,4,crepe,292.97,17.01644669602049,17.01644669602049,1.0,0.857508648584305,0.08814589665653495,29
spotted_hyenas,spotted_hyenas/lehmann hyena whoop traces/ANGI_SN_100603_1831_EC_WP_00_S.wav,6,crepe,292.97,1210.918966914367,15.897578666288801,0.0,0.9761450379014577,0.1702127659574468,56
spotted_hyenas,spotted_hyenas/lehmann hyena whoop traces/ANGI_SN_100603_1831_EC_WP_06_A.wav,0,crepe,261.72,1188.848543168307,8.514450412922413,0.0,-0.48681762159306396,0.9027777777777778,260
spotted_hyenas,spotted_hyenas/lehmann hyena whoop traces/ANGI_SN_100603_1831_EC_WP_06_A.wav,2,crepe,261.72,1891.366255700853,14.708568297577026,0.0,-0.48791040516810164,0.6840277777777778,197
spotted_hyenas,spotted_hyenas/lehmann hyena whoop traces/ANGI_SN_100603_1831_EC_WP_06_A.wav,4,crepe,261.72,1201.371132118725,17.99998217663496,0.0,0.410772364668949,0.46875,135
spotted_hyenas,spotted_hyenas/lehmann hyena whoop traces/ANGI_SN_100603_1831_EC_WP_06_A.wav,6,crepe,261.72,1339.9674129392668,139.96741293926686,0.0,0.49656132679062964,0.0798611111111111,23
spotted_hyenas,spotted_hyenas/lehmann hyena whoop traces/ANNR_HZ_141227_0651_SC_WP_06_A.wav,0,crepe,347.66,9.521107600848481,8.11173921491272,1.0,0.9493727458071033,0.8847262247838616,307
spotted_hyenas,spotted_hyenas/lehmann hyena whoop traces/ANNR_HZ_141227_0651_SC_WP_06_A.wav,2,crepe,347.66,1913.7567294318847,76.87386834231822,0.0,-0.9251390616261569,0.1786743515850144,62
spotted_hyenas,spotted_hyenas/lehmann hyena whoop traces/ANNR_HZ_150226_1846_SC_WP_03_S.wav,0,crepe,355.47,17.54758295953291,17.54758295953291,1.0,0.9968180383923908,0.895774647887324,318
spotted_hyenas,spotted_hyenas/lehmann hyena whoop traces/ANNR_HZ_150226_1846_SC_WP_03_S.wav,2,crepe,355.47,1281.5748193983736,52.71940981189377,0.0,0.7445621055637279,0.5295774647887324,188
spotted_hyenas,spotted_hyenas/lehmann hyena whoop traces/ANNR_HZ_150226_1846_SC_WP_03_S.wav,4,crepe,355.47,2076.5270627489926,174.57206188360527,0.0,0.13436499102137842,0.04225352112676056,15
spotted_hyenas,spotted_hyenas/lehmann hyena whoop traces/ANNR_HZ_150226_1846_SC_WP_09_A.wav,0,crepe,335.94,16.277394376433737,16.277394376433737,1.0,0.9956145243366467,0.3980891719745223,125
spotted_hyenas,spotted_hyenas/lehmann hyena whoop traces/ANNR_HZ_150226_1846_SC_WP_09_A.wav,2,crepe,335.94,1579.8932311512162,249.88468069285165,0.0,0.223900505485159,0.7579617834394905,238
spotted_hyenas,spotted_hyenas/lehmann hyena whoop traces/ANNR_HZ_150226_1846_SC_WP_09_A.wav,4,crepe,335.94,58.629440527358256,58.629440527358256,1.0,-0.13244199796668127,0.050955414012738856,16
spotted_hyenas,spotted_hyenas/lehmann hyena whoop traces/ANNR_HZ_150226_1846_SC_WP_09_A.wav,6,crepe,335.94,29.89745489344388,29.89745489344388,1.0,,0.006369426751592357,2
spotted_hyenas,spotted_hyenas/lehmann hyena whoop traces/ANNR_HZ_150226_1911_SC_WP_05_S.wav,0,crepe,347.66,19.09786188646514,19.09786188646514,1.0,0.9959778466956389,0.5513126491646778,231
spotted_hyenas,spotted_hyenas/lehmann hyena whoop traces/ANNR_HZ_150226_1911_SC_WP_05_S.wav,2,crepe,347.66,721.8693371203972,405.04967717913354,0.0,-0.21226361210107317,0.1360381861575179,57
spotted_hyenas,spotted_hyenas/lehmann hyena whoop traces/ANNR_HZ_150226_1911_SC_WP_11_T.wav,0,crepe,242.19,17.773594754547947,17.773594754547947,1.0,0.7119643591318566,0.46539379474940334,195
spotted_hyenas,spotted_hyenas/lehmann hyena whoop traces/ANNR_HZ_150226_1911_SC_WP_11_T.wav,2,crepe,242.19,1888.1713993614053,14.552005892846095,0.0,0.7234549460813222,0.028639618138424822,12
spotted_hyenas,spotted_hyenas/lehmann hyena whoop traces/BADG_SS_100608_----_EC_WP_05_A.wav,0,crepe,214.84,1200.5965229109033,19.86758002469257,0.0,0.9873244855119271,0.8333333333333334,220
spotted_hyenas,spotted_hyenas/lehmann hyena whoop traces/BADG_SS_100608_----_EC_WP_05_A.wav,2,crepe,214.84,1203.5954586073979,21.024640832710915,0.0,0.9468061125013554,0.5340909090909091,141
spotted_hyenas,spotted_hyenas/lehmann hyena whoop traces/BADG_SS_100608_----_EC_WP_05_A.wav,4,crepe,214.84,1531.1318548731915,193.93952307406326,0.0,-0.20825858866217456,0.5984848484848485,158
spotted_hyenas,spotted_hyenas/lehmann hyena whoop traces/BADG_SS_100608_----_EC_WP_05_A.wav,6,crepe,214.84,809.0730930943811,390.926906905619,0.0,-0.947182272342455,0.06060606060606061,16
spotted_hyenas,spotted_hyenas/lehmann hyena whoop traces/BBW-_SS_100509_2309_EC_WP_04_A.wav,0,crepe,253.91,1197.9489045921607,8.948680372624947,0.0,-0.10210684188051126,0.9433198380566802,233
spotted_hyenas,spotted_hyenas/lehmann hyena whoop traces/BBW-_SS_100509_2309_EC_WP_04_A.wav,2,crepe,253.91,1881.3414159598478,224.66316391980862,0.0,0.2804471838841815,0.7165991902834008,177
spotted_hyenas,spotted_hyenas/lehmann hyena whoop traces/BBW-_SS_100509_2309_EC_WP_04_A.wav,4,crepe,253.91,1569.1973207285116,224.03192141881277,0.0,0.52679566476698,0.38461538461538464,95
spotted_hyenas,spotted_hyenas/lehmann hyena whoop traces/BBW-_SS_100509_2309_EC_WP_04_A.wav,6,crepe,253.91,2276.6172519493143,123.38274805068585,0.0,0.12266960583196244,0.13360323886639677,33
spotted_hyenas,spotted_hyenas/lehmann hyena whoop traces/BORA_TW bout1 call4 2017-01-06 21-28-45 S.wav,0,crepe,335.94,1198.8294509056834,9.58794847725549,0.0,0.9985047689361659,0.7554585152838428,346
spotted_hyenas,spotted_hyenas/lehmann hyena whoop traces/BORA_TW bout1 call4 2017-01-06 21-28-45 S.wav,2,crepe,335.94,1249.543338859187,37.649110884149614,0.0,0.1419310761457494,0.4606986899563319,211
spotted_hyenas,spotted_hyenas/lehmann hyena whoop traces/BORA_TW bout1 call4 2017-01-06 21-28-45 S.wav,4,crepe,335.94,1194.472622582964,12.67174697298703,0.0,0.9947785477080551,0.2816593886462882,129
spotted_hyenas,spotted_hyenas/lehmann hyena whoop traces/BORA_TW bout2 call10 2017-01-06 23-15-30 A.wav,0,crepe,230.47,9.5792021938953,9.5792021938953,1.0,0.9514448217469996,1.0,482
spotted_hyenas,spotted_hyenas/lehmann hyena whoop traces/BORA_TW bout2 call10 2017-01-06 23-15-30 A.wav,2,crepe,230.47,8.631398890725793,8.631398890725793,1.0,0.921215348511131,0.9253112033195021,446
spotted_hyenas,spotted_hyenas/lehmann hyena whoop traces/BORA_TW bout2 call10 2017-01-06 23-15-30 A.wav,4,crepe,230.47,2767.379821028363,367.3798210283634,0.0,0.8779585789010239,0.4460580912863071,215
spotted_hyenas,spotted_hyenas/lehmann hyena whoop traces/BORA_TW bout2 call6 2017-01-06 23-15-13 S.wav,0,crepe,257.81,1020.8025581718892,9.85329151115231,0.0,0.9010630635916551,0.9530386740331491,345
spotted_hyenas,spotted_hyenas/lehmann hyena whoop traces/BORA_TW bout2 call6 2017-01-06 23-15-13 S.wav,2,crepe,257.81,1794.4636664987831,19.929875730902882,0.0,-0.575087554613923,0.9861878453038674,357
spotted_hyenas,spotted_hyenas/lehmann hyena whoop traces/BORA_TW bout2 call6 2017-01-06 23-15-13 S.wav,4,crepe,257.81,1354.592537713715,183.16463483058303,0.0,-0.8079806687729882,0.5193370165745856,188
spotted_hyenas,spotted_hyenas/lehmann hyena whoop traces/BORA_TW bout2 call6 2017-01-06 23-15-13 S.wav,6,crepe,257.81,1451.6781140468195,251.67811404681936,0.0,0.5838804522844953,0.024861878453038673,9
spotted_hyenas,spotted_hyenas/lehmann hyena whoop traces/BRPH_SS_100602_1814_SC_WP_03_A.wav,0,crepe,265.62,1196.9890802860234,10.758249080356364,0.0,0.9974200403949659,0.8109243697478992,193
spotted_hyenas,spotted_hyenas/lehmann hyena whoop traces/BRPH_SS_100602_1814_SC_WP_03_A.wav,2,crepe,265.62,1889.284198605284,87.4250600758565,0.0,0.014604337492012936,0.634453781512605,151
spotted_hyenas,spotted_hyenas/lehmann hyena whoop traces/BRPH_SS_100602_1814_SC_WP_03_A.wav,4,crepe,265.62,1387.8446873745206,188.1637460643855,0.0,-0.32997693470894435,0.6008403361344538,143
spotted_hyenas,spotted_hyenas/lehmann hyena whoop traces/BRPH_SS_100602_1814_SC_WP_03_A.wav,6,crepe,265.62,1427.680974274145,192.0316041191023,0.0,0.32815125969671405,0.5504201680672269,131
spotted_hyenas,spotted_hyenas/lehmann hyena whoop traces/BRPH_SS_20100602_1821_EC_WP_01_P.wav,0,crepe,187.5,1184.2576288954192,24.356478387221593,0.0,0.9204390557713659,0.6568627450980392,67
spotted_hyenas,spotted_hyenas/lehmann hyena whoop traces/BRPH_SS_20100602_1821_EC_WP_01_P.wav,2,crepe,187.5,1158.7569271557202,48.416642377682145,0.0,0.917550614127158,0.5098039215686274,52
spotted_hyenas,spotted_hyenas/lehmann hyena whoop traces/BRPH_SS_20100602_1821_EC_WP_01_P.wav,4,crepe,187.5,2611.511458095559,226.79473573910636,0.0,0.7011491449193954,0.8137254901960784,83
spotted_hyenas,spotted_hyenas/lehmann hyena whoop traces/BRPH_SS_20100602_1821_EC_WP_01_P.wav,6,crepe,187.5,2023.2307071361836,106.92461142430798,0.0,0.37187570273750387,0.37254901960784315,38
spotted_hyenas,spotted_hyenas/lehmann hyena whoop traces/BRPH_SS_20100602_1821_EC_WP_07_A.wav,0,crepe,234.38,1193.9946841560236,11.409368971390233,0.0,-0.2668437372499978,0.9,252
spotted_hyenas,spotted_hyenas/lehmann hyena whoop traces/BRPH_SS_20100602_1821_EC_WP_07_A.wav,2,crepe,234.38,1901.8180499275297,13.402125649056552,0.0,-0.20973113292960666,0.9214285714285714,258
spotted_hyenas,spotted_hyenas/lehmann hyena whoop traces/BRPH_SS_20100602_1821_EC_WP_07_A.wav,4,crepe,234.38,1573.0165847912635,212.71731343160928,0.0,-0.2813977987484255,0.35,98
spotted_hyenas,spotted_hyenas/lehmann hyena whoop traces/BRPH_SS_20100602_1821_EC_WP_07_A.wav,6,crepe,234.38,1577.0521429431817,322.19249703172295,0.0,0.8677712481957145,0.44285714285714284,124
spotted_hyenas,spotted_hyenas/lehmann hyena whoop traces/BRPH_SS_20101210_0723_SC_WP_03_K.wav,0,crepe,285.16,1195.773029765386,12.562012059909438,0.0,0.9979528581570428,0.9647058823529412,246
spotted_hyenas,spotted_hyenas/lehmann hyena whoop traces/BRPH_SS_20101210_0723_SC_WP_03_K.wav,2,crepe,285.16,1627.4458963471222,245.3153376888824,0.0,0.12434348321290625,0.9490196078431372,242
spotted_hyenas,spotted_hyenas/lehmann hyena whoop traces/BRPH_SS_20101210_0723_SC_WP_03_K.wav,4,crepe,285.16,1219.583309364091,147.57628029516385,0.0,-0.5933140579735162,0.17647058823529413,45
spotted_hyenas,spotted_hyenas/lehmann hyena whoop traces/BYTE_TW bout1 call2 2017-01-03 15-59-59 P.wav,0,crepe,285.16,21.155515939496613,12.875673935879203,1.0,0.9590065105994768,0.8823529411764706,105
spotted_hyenas,spotted_hyenas/lehmann hyena whoop traces/BYTE_TW bout1 call2 2017-01-03 15-59-59 P.wav,2,crepe,285.16,1235.0198186245505,34.50065260633912,0.0,0.4122824309894731,0.865546218487395,103
spotted_hyenas,spotted_hyenas/lehmann hyena whoop traces/BYTE_TW bout1 call2 2017-01-03 15-59-59 P.wav,4,crepe,285.16,1208.7496436243998,8.749643624399711,0.0,,0.008403361344537815,1
spotted_hyenas,spotted_hyenas/lehmann hyena whoop traces/BYTE_TW bout3 call1 2017-01-12 23-46-54 V.wav,0,crepe,230.47,10.204676318379429,10.204676318379429,1.0,0.9830378262541972,1.0,215
spotted_hyenas,spotted_hyenas/lehmann hyena whoop traces/BYTE_TW bout3 call1 2017-01-12 23-46-54 V.wav,2,crepe,230.47,7.866658181068443,7.866658181068443,1.0,0.9979105041543195,0.9395348837209302,202
spotted_hyenas,spotted_hyenas/lehmann hyena whoop traces/BYTE_TW bout3 call1 2017-01-12 23-46-54 V.wav,4,crepe,230.47,8.836055138296288,8.836055138296288,1.0,0.9971331387540123,0.8930232558139535,192
spotted_hyenas,spotted_hyenas/lehmann hyena whoop traces/BYTE_TW bout3 call1 2017-01-12 23-46-54 V.wav,6,crepe,230.47,1445.1896121487143,210.58151350182067,0.0,-0.0063609571833661924,0.5348837209302325,115
spotted_hyenas,spotted_hyenas/lehmann hyena whoop traces/BYTE_TW bout4 call6 2017-01-13 19-36-28 S.wav,0,crepe,261.72,551.7371154217753,452.4950066380636,1.0,0.7838100831740502,0.7853982300884956,355
spotted_hyenas,spotted_hyenas/lehmann hyena whoop traces/BYTE_TW bout4 call6 2017-01-13 19-36-28 S.wav,2,crepe,261.72,1875.2281632523668,12.932070766704909,0.0,0.7907830696843675,0.7013274336283186,317
spotted_hyenas,spotted_hyenas/lehmann hyena whoop traces/BYTE_TW bout4 call6 2017-01-13 19-36-28 S.wav,4,crepe,261.72,1195.3158380144498,200.9014545006344,0.0,0.923219427563389,0.2079646017699115,94
spotted_hyenas,spotted_hyenas/lehmann hyena whoop traces/BYTE_TW bout4 call6 2017-01-13 19-36-28 S.wav,6,crepe,261.72,1201.00462940764,24.202844619059576,0.0,0.8938353710753182,0.08185840707964602,37
spotted_hyenas,spotted_hyenas/lehmann hyena whoop traces/DDMA_TW_141116_2345_SC_WP_03_K.wav,0,crepe,289.06,703.574842970175,490.876337496674,0.0,0.8622214008234185,0.5137844611528822,205
spotted_hyenas,spotted_hyenas/lehmann hyena whoop traces/DDMA_TW_141116_2345_SC_WP_03_K.wav,2,crepe,289.06,1893.6201602339183,17.823467137470672,0.0,0.09685000299563873,0.8596491228070176,343
spotted_hyenas,spotted_hyenas/lehmann hyena whoop traces/DDMA_TW_141116_2345_SC_WP_03_K.wav,6,crepe,289.06,803.4017129116871,385.7239084806787,0.0,-0.14052580105244472,0.10025062656641603,40
spotted_hyenas,spotted_hyenas/lehmann hyena whoop traces/DEE-_SS_20150306_1920_SC_WP_01_P.wav,0,crepe,257.81,679.0624623511097,44.038300764240965,1.0,-0.5477818909258044,0.42696629213483145,38
spotted_hyenas,spotted_hyenas/lehmann hyena whoop traces/DEE-_SS_20150306_1920_SC_WP_01_P.wav,2,crepe,257.81,1882.9295595096162,18.949538112272485,0.0,-0.2824773102861254,0.8202247191011236,73
spotted_hyenas,spotted_hyenas/lehmann hyena whoop traces/DEE-_SS_20150306_1920_SC_WP_07_A.wav,0,crepe,234.38,1200.1559966444802,10.186615939357601,0.0,0.9661280114457347,0.7835051546391752,456
spotted_hyenas,spotted_hyenas/lehmann hyena whoop traces/DEE-_SS_20150306_1920_SC_WP_07_A.wav,2,crepe,234.38,1898.6896603894825,10.616016563250355,0.0,0.42208813945799534,0.9209621993127147,536
spotted_hyenas,spotted_hyenas/lehmann hyena whoop traces/DEE-_SS_20150306_1920_SC_WP_07_A.wav,4,crepe,234.38,2636.822110866948,236.82211086694804,0.0,0.016795762549340724,0.5824742268041238,339
spotted_hyenas,spotted_hyenas/lehmann hyena whoop traces/DEE-_SS_20150306_1920_SC_WP_07_A.wav,6,crepe,234.38,588.0219213628486,588.0219213628486,1.0,0.2665844934425672,0.027491408934707903,16
spotted_hyenas,spotted_hyenas/lehmann hyena whoop traces/DORA_TW_140701_0740_SC_WP_06_A.wav,0,crepe,296.88,12.671309775432132,12.671309775432132,1.0,0.9930459960963516,0.9849624060150376,131
spotted_hyenas,spotted_hyenas/lehmann hyena whoop traces/DORA_TW_140701_0740_SC_WP_06_A.wav,2,crepe,296.88,13.824687138687736,11.013176943711473,1.0,0.7478803023306055,0.8721804511278195,116
spotted_hyenas,spotted_hyenas/lehmann hyena whoop traces/DORA_TW_140701_0740_SC_WP_06_A.wav,4,crepe,296.88,1460.4486664677488,178.3595010343654,0.0,-0.43071870006367385,0.8345864661654135,111
spotted_hyenas,spotted_hyenas/lehmann hyena whoop traces/DORA_TW_140701_0740_SC_WP_06_A.wav,6,crepe,296.88,1461.2637601619508,195.31243836913345,0.0,-0.701637632907185,0.6992481203007519,93
spotted_hyenas,spotted_hyenas/lehmann hyena whoop traces/DORA_TW_140701_0740_SC_WP_11_A.wav,0,crepe,300.78,8.348751334415397,8.348751334415397,1.0,0.996163485019765,0.9802371541501976,248
spotted_hyenas,spotted_hyenas/lehmann hyena whoop traces/DORA_TW_140701_0740_SC_WP_11_A.wav,2,crepe,300.78,71.15783095906018,8.782887388181933,1.0,0.6306221340789373,0.758893280632411,192
spotted_hyenas,spotted_hyenas/lehmann hyena whoop traces/DORA_TW_140701_0740_SC_WP_11_A.wav,4,crepe,300.78,1206.056739434725,18.996477181123673,0.0,-0.09386268701698333,0.6324110671936759,160
spotted_hyenas,spotted_hyenas/lehmann hyena whoop traces/DORA_TW_140701_0740_SC_WP_11_A.wav,6,crepe,300.78,1445.1126779062602,124.34144078909543,0.0,-0.042558934929774965,0.4308300395256917,109
spotted_hyenas,spotted_hyenas/lehmann hyena whoop traces/FAY-_TW bout2 call5 2017-01-04 21-35-32 A.wav,0,crepe,308.59,9.258364482347936,9.258364482347936,1.0,0.9981827806125086,0.7480314960629921,190
spotted_hyenas,spotted_hyenas/lehmann hyena whoop traces/FAY-_TW bout2 call5 2017-01-04 21-35-32 A.wav,2,crepe,308.59,12.317641171441844,12.317641171441844,1.0,0.9984789692104139,0.6299212598425197,160
spotted_hyenas,spotted_hyenas/lehmann hyena whoop traces/FAY-_TW bout2 call5 2017-01-04 21-35-32 A.wav,4,crepe,308.59,748.7254109128442,66.7084874352897,0.0,0.9051054613794443,0.3858267716535433,98
spotted_hyenas,spotted_hyenas/lehmann hyena whoop traces/FAY-_TW bout2 call5 2017-01-04 21-35-32 A.wav,6,crepe,308.59,1032.5030836790752,179.73097522174766,0.0,0.984376176038058,0.28346456692913385,72
spotted_hyenas,spotted_hyenas/lehmann hyena whoop traces/FAY-_TW bout1 call1 2017-01-04 21-24-13 P.wav,0,crepe,324.22,18.0087493403723,18.0087493403723,1.0,0.9943316647972196,0.9907407407407407,107
spotted_hyenas,spotted_hyenas/lehmann hyena whoop traces/FAY-_TW bout1 call1 2017-01-04 21-24-13 P.wav,2,crepe,324.22,14.501906095970494,14.501906095970494,1.0,0.9974796430602898,0.5833333333333334,63
spotted_hyenas,spotted_hyenas/lehmann hyena whoop traces/FAY-_TW bout1 call1 2017-01-04 21-24-13 P.wav,4,crepe,324.22,46.58505954787422,46.58505954787422,1.0,0.99805092380759,0.1574074074074074,17
spotted_hyenas,spotted_hyenas/lehmann hyena whoop traces/FAY-_TW bout1 call1 2017-01-04 21-24-13 P.wav,6,crepe,324.22,1196.2665174549866,109.5642775394331,0.0,0.9824994599575512,0.32407407407407407,35
spotted_hyenas,spotted_hyenas/lehmann hyena whoop traces/FAY-_TW bout4 call4 2017-01-05 17-43-51 T.wav,0,crepe,203.12,10.930277622276048,10.930277622276048,1.0,0.9928589527371728,0.9901380670611439,502
spotted_hyenas,spotted_hyenas/lehmann hyena whoop traces/FAY-_TW bout4 call4 2017-01-05 17-43-51 T.wav,2,crepe,203.12,2394.4457960554114,14.532117968871711,0.0,0.03615353032715003,0.8895463510848126,451
spotted_hyenas,spotted_hyenas/lehmann hyena whoop traces/FAY-_TW bout4 call4 2017-01-05 17-43-51 T.wav,4,crepe,203.12,2773.852325213234,373.85232521323405,0.0,0.22754485717115533,0.8284023668639053,420
spotted_hyenas,spotted_hyenas/lehmann hyena whoop traces/FAY-_TW bout4 call4 2017-01-05 17-43-51 T.wav,6,crepe,203.12,26.77964387427513,26.77964387427513,1.0,0.8922083224757245,0.08284023668639054,42
spotted_hyenas,spotted_hyenas/lehmann hyena whoop traces/GRIM_SS_100423_0907_EC_WP_04_S.wav,0,crepe,296.88,1194.4342325991204,9.767664923741277,0.0,0.1461368331354706,0.8753541076487252,309
spotted_hyenas,spotted_hyenas/lehmann hyena whoop traces/GRIM_SS_100423_0907_EC_WP_04_S.wav,2,crepe,296.88,1192.5742710005718,9.727037569219668,0.0,0.2832898950915866,0.6458923512747875,228
spotted_hyenas,spotted_hyenas/lehmann hyena whoop traces/GRIM_SS_100423_0907_EC_WP_04_S.wav,4,crepe,296.88,1137.5753797654936,27.629353382482925,1.0,0.24760363633231255,0.45892351274787535,162
spotted_hyenas,spotted_hyenas/lehmann hyena whoop traces/GRIM_SS_100423_0907_EC_WP_04_S.wav,6,crepe,296.88,1187.3490434195885,21.605246519481373,0.0,-0.9851933922108312,0.2804532577903683,99
spotted_hyenas,spotted_hyenas/lehmann hyena whoop traces/HRPY_TW_140708_0625_SC_WP_04_K.wav,0,crepe,343.75,40.26626921348045,12.69571231204544,1.0,0.8873707502140263,0.8813559322033898,312
spotted_hyenas,spotted_hyenas/lehmann hyena whoop traces/HRPY_TW_140708_0625_SC_WP_04_K.wav,2,crepe,343.75,17.706459890304867,17.706459890304867,1.0,0.9969119590236023,0.596045197740113,211
spotted_hyenas,spotted_hyenas/lehmann hyena whoop traces/HRPY_TW_140708_0625_SC_WP_04_K.wav,4,crepe,343.75,155.79552365515676,155.79552365515676,1.0,0.9894098756493855,0.062146892655367235,22
spotted_hyenas,spotted_hyenas/lehmann hyena whoop traces/HIGS_HZ_150311_----_EC_WP_05_A.wav,0,crepe,386.72,11.844545524450687,11.844545524450687,1.0,0.9981265221975804,0.8458149779735683,192
spotted_hyenas,spotted_hyenas/lehmann hyena whoop traces/HIGS_HZ_150311_----_EC_WP_05_A.wav,2,crepe,386.72,18.971326650826292,18.971326650826292,1.0,0.9756799911110264,0.5947136563876652,135
spotted_hyenas,spotted_hyenas/lehmann hyena whoop traces/HIGS_HZ_150311_----_EC_WP_05_A.wav,4,crepe,386.72,25.73150390097662,25.73150390097662,1.0,0.954653893937118,0.36123348017621143,82
spotted_hyenas,spotted_hyenas/lehmann hyena whoop traces/HIGS_HZ_150311_----_EC_WP_05_A.wav,6,crepe,386.72,759.5923389728181,437.1028507905952,0.0,-0.27216376036189016,0.19823788546255505,45
spotted_hyenas,spotted_hyenas/lehmann hyena whoop traces/ISTA_HZ_150109_1905_SC_WP_05_S.wav,0,crepe,339.84,8.854940843822478,8.854940843822478,1.0,0.9991341841588124,0.9821428571428571,495
spotted_hyenas,spotted_hyenas/lehmann hyena whoop traces/ISTA_HZ_150109_1905_SC_WP_05_S.wav,2,crepe,339.84,1490.5563636108084,267.10558898645456,0.0,0.1270008602572458,0.7182539682539683,362
spotted_hyenas,spotted_hyenas/lehmann hyena whoop traces/ISTA_HZ_150109_1905_SC_WP_05_S.wav,4,crepe,339.84,1491.6845231092566,276.636142665076,0.0,0.10194157337041868,0.6587301587301587,332
spotted_hyenas,spotted_hyenas/lehmann hyena whoop traces/ISTA_HZ_150109_1905_SC_WP_05_S.wav,6,crepe,339.84,1503.237732916747,261.9878966278525,0.0,0.18593145576448222,0.6785714285714286,342
spotted_hyenas,spotted_hyenas/lehmann hyena whoop traces/ISTA_HZ_150316_1939_SC_WP_03_A.wav,0,crepe,347.66,8.686965700108983,8.686965700108983,1.0,0.9886610578261807,0.9902597402597403,305
spotted_hyenas,spotted_hyenas/lehmann hyena whoop traces/ISTA_HZ_150316_1939_SC_WP_03_A.wav,2,crepe,347.66,1891.9565546962576,14.234747086866566,0.0,-0.5729136413537144,0.6038961038961039,186
spotted_hyenas,spotted_hyenas/lehmann hyena whoop traces/ISTA_HZ_150316_1939_SC_WP_03_A.wav,4,crepe,347.66,870.6308072505967,302.20309416136473,0.0,-0.3892401604452506,0.35064935064935066,108
spotted_hyenas,spotted_hyenas/lehmann hyena whoop traces/ISTA_HZ_150316_1939_SC_WP_03_A.wav,6,crepe,347.66,967.2720380405021,231.55562542758224,0.0,-0.30130995113761155,0.3116883116883117,96
spotted_hyenas,spotted_hyenas/lehmann hyena whoop traces/ISTA_HZ_150324_0652_SC_WP_05_A.wav,0,crepe,339.84,10.891814668412371,10.891814668412371,1.0,0.9992857548290252,0.9570552147239264,312
spotted_hyenas,spotted_hyenas/lehmann hyena whoop traces/ISTA_HZ_150324_0652_SC_WP_05_A.wav,2,crepe,339.84,11.31560559327391,11.31560559327391,1.0,0.9966304444575907,0.5122699386503068,167
spotted_hyenas,spotted_hyenas/lehmann hyena whoop traces/ISTA_HZ_150324_0652_SC_WP_05_A.wav,4,crepe,339.84,858.4219402330624,315.4863180921642,0.0,0.21763865524482082,0.3558282208588957,116
spotted_hyenas,spotted_hyenas/lehmann hyena whoop traces/ISTA_HZ_150324_0652_SC_WP_05_A.wav,6,crepe,339.84,823.69769415135,252.9646900842362,0.0,0.659438398274632,0.2668711656441718,87
spotted_hyenas,spotted_hyenas/lehmann hyena whoop traces/ISTA_HZ_150324_0706_SC_WP_05_S.wav,0,crepe,347.66,8.380307122432178,8.380307122432178,1.0,0.9992706697803825,0.9898167006109979,486
spotted_hyenas,spotted_hyenas/lehmann hyena whoop traces/ISTA_HZ_150324_0706_SC_WP_05_S.wav,2,crepe,347.66,11.335178022953334,11.335178022953334,1.0,0.9971816054618668,0.6130346232179226,301
spotted_hyenas,spotted_hyenas/lehmann hyena whoop traces/ISTA_HZ_150324_0706_SC_WP_05_S.wav,4,crepe,347.66,871.2886294580237,303.62440727461905,0.0,0.34929032309525154,0.4786150712830957,235
spotted_hyenas,spotted_hyenas/lehmann hyena whoop traces/ISTA_HZ_150324_0706_SC_WP_05_S.wav,6,crepe,347.66,846.4751438282569,353.52485617174307,0.0,-0.31298891260602646,0.1934826883910387,95
spotted_hyenas,spotted_hyenas/lehmann hyena whoop traces/ISTA_HZ_150324_0716_SC_WP_03_A.wav,0,crepe,335.94,10.02565735292982,10.02565735292982,1.0,0.997959221884093,0.8349056603773585,177
spotted_hyenas,spotted_hyenas/lehmann hyena whoop traces/ISTA_HZ_150324_0716_SC_WP_03_A.wav,2,crepe,335.94,10.66053857373285,10.66053857373285,1.0,0.9835910324343298,0.8962264150943396,190
spotted_hyenas,spotted_hyenas/lehmann hyena whoop traces/ISTA_HZ_150324_0716_SC_WP_03_A.wav,4,crepe,335.94,17.36512867818733,17.36512867818733,1.0,0.981273902933847,0.6839622641509434,145
spotted_hyenas,spotted_hyenas/lehmann hyena whoop traces/ISTA_HZ_150324_0716_SC_WP_03_A.wav,6,crepe,335.94,266.19923305080437,227.75324148072073,1.0,0.6683164626604869,0.6320754716981132,134
spotted_hyenas,spotted_hyenas/lehmann hyena whoop traces/ISTA_HZ_150324_0716_SC_WP_09_A.wav,0,crepe,339.84,11.475535990298662,11.475535990298662,1.0,0.9978837945939563,0.8427672955974843,402
spotted_hyenas,spotted_hyenas/lehmann hyena whoop traces/ISTA_HZ_150324_0716_SC_WP_09_A.wav,2,crepe,339.84,11.599773787414874,11.599773787414874,1.0,0.9145358481919034,0.4716981132075472,225
spotted_hyenas,spotted_hyenas/lehmann hyena whoop traces/ISTA_HZ_150324_0716_SC_WP_09_A.wav,4,crepe,339.84,18.732126385417665,18.732126385417665,1.0,-0.13987530862998676,0.5387840670859538,257
spotted_hyenas,spotted_hyenas/lehmann hyena whoop traces/ISTA_HZ_150324_0716_SC_WP_09_A.wav,6,crepe,339.84,75.20456774641264,75.20456774641264,1.0,-0.24094819624669286,0.6331236897274634,302
spotted_hyenas,spotted_hyenas/lehmann hyena whoop traces/ISTA_HZ_150324_0727_SC_WP_03_A.wav,0,crepe,355.47,7.316462689567596,7.316462689567596,1.0,0.9974980583304422,0.8969465648854962,235
spotted_hyenas,spotted_hyenas/lehmann hyena whoop traces/ISTA_HZ_150324_0727_SC_WP_03_A.wav,2,crepe,355.47,10.580911819234405,10.580911819234405,1.0,0.998380609602378,0.5419847328244275,142
spotted_hyenas,spotted_hyenas/lehmann hyena whoop traces/ISTA_HZ_150324_0727_SC_WP_03_A.wav,4,crepe,355.47,668.5952038592515,319.30082990963405,0.0,0.848876528623794,0.44274809160305345,116
spotted_hyenas,spotted_hyenas/lehmann hyena whoop traces/ISTA_HZ_150324_0727_SC_WP_03_A.wav,6,crepe,355.47,610.7644959576797,533.7952998860246,0.0,0.6921745925176047,0.061068702290076333,16
spotted_hyenas,spotted_hyenas/lehmann hyena whoop traces/ISTA_HZ_150324_0727_SC_WP_09_A.wav,0,crepe,347.66,7.954942897179524,7.954942897179524,1.0,0.9984475623782907,0.9668141592920354,437
spotted_hyenas,spotted_hyenas/lehmann hyena whoop traces/ISTA_HZ_150324_0727_SC_WP_09_A.wav,2,crepe,347.66,10.019605950556189,10.019605950556189,1.0,0.9988685776981163,0.8296460176991151,375
spotted_hyenas,spotted_hyenas/lehmann hyena whoop traces/ISTA_HZ_150324_0727_SC_WP_09_A.wav,4,crepe,347.66,875.9642601040383,317.06497005444896,0.0,0.2877714132385738,0.5199115044247787,235
spotted_hyenas,spotted_hyenas/lehmann hyena whoop traces/ISTA_HZ_150324_0727_SC_WP_09_A.wav,6,crepe,347.66,6.735820954059492,6.735820954059492,1.0,0.6406083110505192,0.06415929203539823,29
spotted_hyenas,spotted_hyenas/lehmann hyena whoop traces/JAVA_SS_100602_1814_EC_WP_02_A.wav,0,crepe,367.19,9.810887497531741,9.810887497531741,1.0,0.9993085158960493,0.9671361502347418,206
spotted_hyenas,spotted_hyenas/lehmann hyena whoop traces/JAVA_SS_100602_1814_EC_WP_02_A.wav,2,crepe,367.19,9.351365275584737,9.351365275584737,1.0,0.9982066956749192,0.6009389671361502,128
spotted_hyenas,spotted_hyenas/lehmann hyena whoop traces/JAVA_SS_100602_1814_EC_WP_02_A.wav,4,crepe,367.19,690.5236084836832,48.16913845408042,0.0,0.64592570179973,0.2676056338028169,57
spotted_hyenas,spotted_hyenas/lehmann hyena whoop traces/JAVA_SS_100602_1814_EC_WP_02_A.wav,6,crepe,367.19,659.817708457375,27.823308306761728,0.0,0.609120852969948,0.19718309859154928,42
spotted_hyenas,spotted_hyenas/lehmann hyena whoop traces/JAVA_SS_100602_1814_EC_WP_08_A.wav,0,crepe,304.69,8.12335907924136,8.12335907924136,1.0,0.9766921041943392,0.972636815920398,391
spotted_hyenas,spotted_hyenas/lehmann hyena whoop traces/JAVA_SS_100602_1814_EC_WP_08_A.wav,2,crepe,304.69,10.384471299504998,6.9756294136128485,1.0,-0.7934685765757638,0.8308457711442786,334
spotted_hyenas,spotted_hyenas/lehmann hyena whoop traces/JAVA_SS_100602_1814_EC_WP_08_A.wav,4,crepe,304.69,9.575110140709262,9.575110140709262,1.0,0.9950658564723789,0.7114427860696517,286
spotted_hyenas,spotted_hyenas/lehmann hyena whoop traces/JAVA_SS_100602_1814_EC_WP_08_A.wav,6,crepe,304.69,1205.2289160793048,14.861200480488847,0.0,0.44329974563075175,0.208955223880597,84
spotted_hyenas,spotted_hyenas/lehmann hyena whoop traces/JAZZ_HZ_150111_1915_SC_WP_03_A.wav,0,crepe,300.78,8.432807571015363,8.432807571015363,1.0,0.9950128753653693,0.8706624605678234,276
spotted_hyenas,spotted_hyenas/lehmann hyena whoop traces/JAZZ_HZ_150111_1915_SC_WP_03_A.wav,2,crepe,300.78,17.305695138037997,17.218319050456977,1.0,0.48897414195929023,0.6182965299684543,196
spotted_hyenas,spotted_hyenas/lehmann hyena whoop traces/JAZZ_HZ_150111_1915_SC_WP_03_A.wav,4,crepe,300.78,181.05502225765696,178.57750456260314,1.0,0.20748887766305937,0.3186119873817035,101
spotted_hyenas,spotted_hyenas/lehmann hyena whoop traces/JAZZ_HZ_150111_1915_SC_WP_03_A.wav,6,crepe,300.78,1542.7600866752423,262.51075594263784,0.0,0.2808899577776243,0.12302839116719243,39
spotted_hyenas,spotted_hyenas/lehmann hyena whoop traces/JAZZ_HZ_150111_1915_SC_WP_09_A.wav,0,crepe,277.34,9.97354832301805,9.963930575886671,1.0,0.6899318502653143,0.9398230088495575,531
spotted_hyenas,spotted_hyenas/lehmann hyena whoop traces/JAZZ_HZ_150111_1915_SC_WP_09_A.wav,2,crepe,277.34,1906.4984739085312,10.183506826615325,0.0,0.591376567830792,0.736283185840708,416
spotted_hyenas,spotted_hyenas/lehmann hyena whoop traces/JAZZ_HZ_150111_1915_SC_WP_09_A.wav,4,crepe,277.34,319.8316598606204,319.8316598606204,1.0,0.5838801386953607,0.14690265486725665,83
spotted_hyenas,spotted_hyenas/lehmann hyena whoop traces/JAZZ_HZ_150111_1915_SC_WP_09_A.wav,6,crepe,277.34,1458.55548548241,240.8371101991233,0.0,-0.3868880703783376,0.39469026548672564,223
spotted_hyenas,spotted_hyenas/lehmann hyena whoop traces/JAZZ_HZ_150816_1906_SC_WP_04_A.wav,0,crepe,304.69,11.453105434729322,11.453105434729322,1.0,0.8936472168204656,0.921875,354
spotted_hyenas,spotted_hyenas/lehmann hyena whoop traces/JAZZ_HZ_150816_1906_SC_WP_04_A.wav,2,crepe,304.69,1598.067920249825,291.571571660704,0.0,0.008120523387534549,0.1796875,69
spotted_hyenas,spotted_hyenas/lehmann hyena whoop traces/JLYR_HZ_140922_1833_SC_WP_03_A.wav,0,crepe,363.28,17.52755750284918,17.52755750284918,1.0,0.9975351640345715,0.7787610619469026,88
spotted_hyenas,spotted_hyenas/lehmann hyena whoop traces/JLYR_HZ_140922_1833_SC_WP_03_A.wav,2,crepe,363.28,39.90211423835471,32.69378995888776,1.0,0.9149451005297354,0.7964601769911505,90
spotted_hyenas,spotted_hyenas/lehmann hyena whoop traces/JLYR_HZ_140922_1833_SC_WP_03_A.wav,4,crepe,363.28,1814.2147274286956,83.56086385970846,0.0,-0.5626161619088772,0.5221238938053098,59
spotted_hyenas,spotted_hyenas/lehmann hyena whoop traces/JLYR_HZ_140922_1833_SC_WP_03_A.wav,6,crepe,363.28,622.8186753983346,489.8150653018473,0.0,-0.9611146433817149,0.11504424778761062,13
spotted_hyenas,spotted_hyenas/lehmann hyena whoop traces/JLYR_HZ_140922_1833_SC_WP_08_A.wav,0,crepe,365.235,10.655554258837375,10.655554258837375,1.0,0.9981516994263643,0.9315789473684211,177
spotted_hyenas,spotted_hyenas/lehmann hyena whoop traces/JLYR_HZ_140922_1833_SC_WP_08_A.wav,2,crepe,365.235,10.673222873882246,10.673222873882246,1.0,0.9909719252808311,0.9263157894736842,176
spotted_hyenas,spotted_hyenas/lehmann hyena whoop traces/JLYR_HZ_140922_1833_SC_WP_08_A.wav,4,crepe,365.235,86.30417136336173,86.30417136336173,1.0,0.8601524827037728,0.22105263157894736,42
spotted_hyenas,spotted_hyenas/lehmann hyena whoop traces/JLYR_HZ_140922_1833_SC_WP_08_A.wav,6,crepe,365.235,336.28206054356326,336.28206054356326,1.0,,0.015789473684210527,3
spotted_hyenas,spotted_hyenas/lehmann hyena whoop traces/KOMO_SS_150220_1808_SC_WP_02_V.wav,0,crepe,273.44,10.483716391165387,10.483716391165387,1.0,0.9735924623349057,0.9254108723135271,732
spotted_hyenas,spotted_hyenas/lehmann hyena whoop traces/KOMO_SS_150220_1808_SC_WP_02_V.wav,2,crepe,273.44,32.632121581085336,11.203062634716385,1.0,-0.6791053545879315,0.7800252844500632,617
spotted_hyenas,spotted_hyenas/lehmann hyena whoop traces/KOMO_SS_150220_1808_SC_WP_02_V.wav,4,crepe,273.44,10.725374202173755,10.725374202173755,1.0,0.9791711878634388,0.45132743362831856,357
spotted_hyenas,spotted_hyenas/lehmann hyena whoop traces/KOMO_SS_150220_1808_SC_WP_02_V.wav,6,crepe,273.44,1216.1139051552018,40.970493993037365,0.0,0.10227100918547588,0.17825537294563842,141
spotted_hyenas,spotted_hyenas/lehmann hyena whoop traces/KS--_SS_100504_----_SC_WP_02_A.wav,0,crepe,347.66,1199.6148182622826,10.119397558693802,0.0,0.7776629222887345,0.6789473684210526,129
spotted_hyenas,spotted_hyenas/lehmann hyena whoop traces/KS--_SS_100504_----_SC_WP_02_A.wav,2,crepe,347.66,1199.1740058332343,8.597029519839431,0.0,0.9926207382658652,0.24210526315789474,46
spotted_hyenas,spotted_hyenas/lehmann hyena whoop traces/KS--_SS_100504_----_SC_WP_02_A.wav,4,crepe,347.66,1180.1820263749232,25.819271266931576,0.0,0.7304342459896527,0.21578947368421053,41
spotted_hyenas,spotted_hyenas/lehmann hyena whoop traces/KS--_SS_100504_----_SC_WP_02_A.wav,6,crepe,347.66,1422.7876253941722,165.19472326159902,0.0,0.019402199173242814,0.17894736842105263,34
spotted_hyenas,spotted_hyenas/lehmann hyena whoop traces/LGO-_SN_100424_1948_SC_WP_01_S.wav,0,crepe,351.56,8.887852543043095,8.887852543043095,1.0,0.9993128041559834,1.0,488
spotted_hyenas,spotted_hyenas/lehmann hyena whoop traces/LGO-_SN_100424_1948_SC_WP_01_S.wav,2,crepe,351.56,10.254229943454533,10.254229943454533,1.0,0.9973729344460686,0.9692622950819673,473
spotted_hyenas,spotted_hyenas/lehmann hyena whoop traces/LGO-_SN_100424_1948_SC_WP_01_S.wav,4,crepe,351.56,9.220862248694107,9.220862248694107,1.0,0.9793646272828423,0.5040983606557377,246
spotted_hyenas,spotted_hyenas/lehmann hyena whoop traces/LGO-_SN_100424_1948_SC_WP_01_S.wav,6,crepe,351.56,944.0585029845738,243.30865592802957,0.0,0.13850105488415532,0.19672131147540983,96
spotted_hyenas,spotted_hyenas/lehmann hyena whoop traces/LGO-_SN_100424_1948_SC_WP_06_A.wav,0,crepe,335.94,9.000379641115037,9.000379641115037,1.0,0.9996164955917355,0.9391304347826087,324
spotted_hyenas,spotted_hyenas/lehmann hyena whoop traces/LGO-_SN_100424_1948_SC_WP_06_A.wav,2,crepe,335.94,9.46973289111369,9.369545818928733,1.0,0.9422191224271141,0.8753623188405797,302
spotted_hyenas,spotted_hyenas/lehmann hyena whoop traces/LGO-_SN_100424_1948_SC_WP_06_A.wav,4,crepe,335.94,7.384020300472223,7.384020300472223,1.0,0.9993551275915157,0.6,207
spotted_hyenas,spotted_hyenas/lehmann hyena whoop traces/LGO-_SN_100424_1948_SC_WP_06_A.wav,6,crepe,335.94,21.076504661783492,21.076504661783492,1.0,0.867295737318631,0.3188405797101449,110
spotted_hyenas,spotted_hyenas/lehmann hyena whoop traces/LGO-_SN_100603_1828_EC_WP_05_S.wav,0,crepe,335.94,9.666343913587518,9.666343913587518,1.0,0.998300163377477,0.9321266968325792,412
spotted_hyenas,spotted_hyenas/lehmann hyena whoop traces/LGO-_SN_100603_1828_EC_WP_05_S.wav,2,crepe,335.94,10.792505375946861,10.792505375946861,1.0,0.9859525634586985,0.47737556561085975,211
spotted_hyenas,spotted_hyenas/lehmann hyena whoop traces/LGO-_SN_100603_1828_EC_WP_05_S.wav,4,crepe,335.94,12.153216419041932,12.153216419041932,1.0,0.9888609797675059,0.8031674208144797,355
spotted_hyenas,spotted_hyenas/lehmann hyena whoop traces/LGO-_SN_100603_1828_EC_WP_05_S.wav,6,crepe,335.94,851.8195207089244,348.18047929107564,0.0,-0.17072657965866217,0.28054298642533937,124
spotted_hyenas,spotted_hyenas/lehmann hyena whoop traces/LOGC_SN_20150326_0657_SC_WP_07_A.wav,0,crepe,308.59,1197.4239456840423,11.352188410326873,0.0,0.998339564111491,0.7231404958677686,175
spotted_hyenas,spotted_hyenas/lehmann hyena whoop traces/LOGC_SN_20150326_0657_SC_WP_07_A.wav,2,crepe,308.59,30.623756918434438,13.110583051271885,1.0,-0.7961289785061092,0.5454545454545454,132
spotted_hyenas,spotted_hyenas/lehmann hyena whoop traces/LOGC_SN_20150326_0657_SC_WP_07_A.wav,4,crepe,308.59,457.8850342047849,457.8850342047849,1.0,-0.9407631582342556,0.012396694214876033,3
spotted_hyenas,spotted_hyenas/lehmann hyena whoop traces/MGTA_TW bout1 call2 2017-01-04 20-19-49 A.wav,0,crepe,318.36,235.15982874426803,41.67372177837033,1.0,0.9688924571739973,0.8277777777777777,149
spotted_hyenas,spotted_hyenas/lehmann hyena whoop traces/MGTA_TW bout1 call2 2017-01-04 20-19-49 A.wav,2,crepe,318.36,1627.600144429975,194.8463541861304,0.0,0.818729375339205,0.7333333333333333,132
spotted_hyenas,spotted_hyenas/lehmann hyena whoop traces/MGTA_TW bout1 call2 2017-01-04 20-19-49 A.wav,4,crepe,318.36,1383.4582653979705,183.4582653979705,0.0,-0.25355502732546775,0.29444444444444445,53
spotted_hyenas,spotted_hyenas/lehmann hyena whoop traces/MGTA_TW bout1 call2 2017-01-04 20-19-49 A.wav,6,crepe,318.36,77.15499812737711,77.15499812737711,1.0,-0.8997721799950813,0.08333333333333333,15
spotted_hyenas,spotted_hyenas/lehmann hyena whoop traces/MTN-_SS_100608_----_EC_WP_00_S.wav,0,crepe,339.84,26.177042515956995,8.444560961463447,1.0,-0.10902288336063966,0.75,249
spotted_hyenas,spotted_hyenas/lehmann hyena whoop traces/MTN-_SS_100608_----_EC_WP_00_S.wav,2,crepe,339.84,1013.9331885511795,177.79273669132473,0.0,0.5112794704074739,0.7259036144578314,241
spotted_hyenas,spotted_hyenas/lehmann hyena whoop traces/MTN-_SS_100608_----_EC_WP_00_S.wav,4,crepe,339.84,1199.7464058015557,23.79308410466401,0.0,0.8165671851222875,0.21686746987951808,72
spotted_hyenas,spotted_hyenas/lehmann hyena whoop traces/MTN-_SS_100608_----_EC_WP_00_S.wav,6,crepe,339.84,1186.820495773935,13.17950422606517,0.0,0.9557353690758544,0.08433734939759036,28
spotted_hyenas,spotted_hyenas/lehmann hyena whoop traces/MTN-_SS_100608_----_EC_WP_07_A.wav,0,crepe,316.41,16.04954574599278,15.481420493903538,1.0,0.5991706434254513,0.8404907975460123,274
spotted_hyenas,spotted_hyenas/lehmann hyena whoop traces/MTN-_SS_100608_----_EC_WP_07_A.wav,2,crepe,316.41,1047.8724479593143,44.87554822409982,0.0,0.77314917412709,0.37116564417177916,121
spotted_hyenas,spotted_hyenas/lehmann hyena whoop traces/MTN-_SS_100608_----_EC_WP_07_A.wav,4,crepe,316.41,161.34989352511593,161.34989352511593,1.0,0.5243537678326791,0.03680981595092025,12
spotted_hyenas,spotted_hyenas/lehmann hyena whoop traces/MTN-_SS_100608_----_EC_WP_07_A.wav,6,crepe,316.41,1279.006297598098,79.00629759809797,0.0,-0.18696657542889153,0.08282208588957055,27
spotted_hyenas,spotted_hyenas/lehmann hyena whoop traces/ONEK_SS_150302_0846_SC_WP_05_A.wav,0,crepe,277.34,1195.475094539796,8.560855889405332,0.0,-0.25796229244887126,0.8206521739130435,302
spotted_hyenas,spotted_hyenas/lehmann hyena whoop traces/ONEK_SS_150302_0846_SC_WP_05_A.wav,2,crepe,277.34,1891.603001303471,12.143465023219093,0.0,-0.6242957678454929,0.532608695652174,196
spotted_hyenas,spotted_hyenas/lehmann hyena whoop traces/ONEK_SS_150302_0846_SC_WP_05_A.wav,4,crepe,277.34,1203.6026606139933,13.678091386146878,0.0,0.4525993613603523,0.3641304347826087,134
spotted_hyenas,spotted_hyenas/lehmann hyena whoop traces/PALA_SS_150225_0736_EC_WP_10_A.wav,0,crepe,300.78,7.931329958684463,7.931329958684463,1.0,0.996704839331041,0.9471264367816092,412
spotted_hyenas,spotted_hyenas/lehmann hyena whoop traces/PALA_SS_150225_0736_EC_WP_10_A.wav,2,crepe,300.78,9.193495036775861,9.193495036775861,1.0,0.9960423602495623,0.7264367816091954,316
spotted_hyenas,spotted_hyenas/lehmann hyena whoop traces/PALA_SS_150225_0736_EC_WP_10_A.wav,4,crepe,300.78,7.2501142731913735,7.2501142731913735,1.0,0.9335598127677109,0.2689655172413793,117
spotted_hyenas,spotted_hyenas/lehmann hyena whoop traces/PALA_SS_150225_0736_EC_WP_10_A.wav,6,crepe,300.78,1426.019230743921,169.93223024417256,0.0,0.9972621955877243,0.041379310344827586,18
spotted_hyenas,spotted_hyenas/lehmann hyena whoop traces/PGLG_HZ_100626_0827_SC_WP_01_A.wav,0,crepe,406.25,13.51932319261961,13.51932319261961,1.0,0.996599093423053,0.9140625,117
spotted_hyenas,spotted_hyenas/lehmann hyena whoop traces/PGLG_HZ_100626_0827_SC_WP_01_A.wav,2,crepe,406.25,708.7038003568431,477.45648471325757,0.0,-0.3946871543245003,0.3359375,43
spotted_hyenas,spotted_hyenas/lehmann hyena whoop traces/PGLG_HZ_100626_0827_SC_WP_01_A.wav,4,crepe,406.25,1027.4587348420969,172.54126515790315,0.0,0.5278330048606258,0.0234375,3
spotted_hyenas,spotted_hyenas/lehmann hyena whoop traces/PIKE_HZ_100510_0647_EC_WP_02_S.wav,0,crepe,339.84,8.586924229275912,8.586924229275912,1.0,0.9992311020932925,0.9438202247191011,336
spotted_hyenas,spotted_hyenas/lehmann hyena whoop traces/PIKE_HZ_100510_0647_EC_WP_02_S.wav,2,crepe,339.84,1735.6994356363766,33.072213866598595,0.0,-0.21183689560690414,0.5814606741573034,207
spotted_hyenas,spotted_hyenas/lehmann hyena whoop traces/PIKE_HZ_100510_0647_EC_WP_02_S.wav,4,crepe,339.84,971.1362259713178,172.02144800442645,0.0,0.4190852564663486,0.3707865168539326,132
spotted_hyenas,spotted_hyenas/lehmann hyena whoop traces/PIKE_HZ_100510_0647_EC_WP_02_S.wav,6,crepe,339.84,801.0159759227847,119.00604751705166,0.0,0.5176499259033001,0.37359550561797755,133
spotted_hyenas,spotted_hyenas/lehmann hyena whoop traces/RALI_SN_150320_0641_SC_WP_03_A.wav,0,crepe,402.34,8.179658404462785,8.179658404462785,1.0,0.9952124011260631,0.9883720930232558,255
spotted_hyenas,spotted_hyenas/lehmann hyena whoop traces/RALI_SN_150320_0641_SC_WP_03_A.wav,2,crepe,402.34,9.234959374407333,9.234959374407333,1.0,0.9995855497187583,0.9302325581395349,240
spotted_hyenas,spotted_hyenas/lehmann hyena whoop traces/RALI_SN_150320_0641_SC_WP_03_A.wav,4,crepe,402.34,1192.6100415140843,8.441653121961345,0.0,0.18280558173838413,0.4108527131782946,106
spotted_hyenas,spotted_hyenas/lehmann hyena whoop traces/RALI_SN_150320_0641_SC_WP_03_A.wav,6,crepe,402.34,706.2410861336125,435.7532974328382,0.0,-0.8948422888198279,0.15891472868217055,41
spotted_hyenas,spotted_hyenas/lehmann hyena whoop traces/RALI_SN_150320_0641_SC_WP_09_K.wav,0,crepe,355.47,7.149648914587343,7.149648914587343,1.0,0.995890513223089,1.0,480
spotted_hyenas,spotted_hyenas/lehmann hyena whoop traces/RALI_SN_150320_0641_SC_WP_09_K.wav,2,crepe,355.47,6.867259004835331,6.867259004835331,1.0,0.9969596702462618,0.96875,465
spotted_hyenas,spotted_hyenas/lehmann hyena whoop traces/RALI_SN_150320_0641_SC_WP_09_K.wav,4,crepe,355.47,1181.5754858208397,9.685579776778594,0.0,-0.6659426009578012,0.7875,378
spotted_hyenas,spotted_hyenas/lehmann hyena whoop traces/RALI_SN_150320_0641_SC_WP_09_K.wav,6,crepe,355.47,12.97297141402345,12.97297141402345,1.0,0.9912135235882492,0.17291666666666666,83
spotted_hyenas,spotted_hyenas/lehmann hyena whoop traces/RBC-_SN_100508_1851_EC_WP_03_A.wav,0,crepe,285.16,1191.040488952532,15.074052137775727,0.0,-0.564437407092835,0.7614678899082569,166
spotted_hyenas,spotted_hyenas/lehmann hyena whoop traces/RBC-_SN_100508_1851_EC_WP_03_A.wav,2,crepe,285.16,1594.859859689418,218.503202457969,0.0,-0.7698979148883927,0.7798165137614679,170
spotted_hyenas,spotted_hyenas/lehmann hyena whoop traces/RBC-_SN_100508_1851_EC_WP_03_A.wav,4,crepe,285.16,1227.098370516928,178.06541677475684,0.0,-0.1287276889838453,0.2981651376146789,65
spotted_hyenas,spotted_hyenas/lehmann hyena whoop traces/RBC-_SN_100508_1851_EC_WP_03_A.wav,6,crepe,285.16,1211.0447604204476,34.539914237956026,0.0,0.9928488414208473,0.0779816513761468,17
spotted_hyenas,spotted_hyenas/lehmann hyena whoop traces/RBC-_SN_100508_1851_EC_WP_09_A.wav,0,crepe,246.09,1182.5758485159593,22.362684241836554,0.0,-0.4618926610488318,0.8579710144927536,296
spotted_hyenas,spotted_hyenas/lehmann hyena whoop traces/RBC-_SN_100508_1851_EC_WP_09_A.wav,2,crepe,246.09,1896.8708844949658,23.975918371535435,0.0,0.05442390589251662,0.8521739130434782,294
spotted_hyenas,spotted_hyenas/lehmann hyena whoop traces/RBC-_SN_100508_1851_EC_WP_09_A.wav,4,crepe,246.09,1572.7889700421397,183.5350133244492,0.0,-0.4443065880835206,0.2144927536231884,74
spotted_hyenas,spotted_hyenas/lehmann hyena whoop traces/RBC-_SN_100508_1851_EC_WP_09_A.wav,6,crepe,246.09,330.1168644103125,330.1168644103125,1.0,0.8660254037844388,0.008695652173913044,3
spotted_hyenas,spotted_hyenas/lehmann hyena whoop traces/RMON_SN_150225_1800_EC_WP_04_S.wav,0,crepe,328.12,10.49750905129265,10.49750905129265,1.0,0.9964643157844176,0.902946273830156,521
spotted_hyenas,spotted_hyenas/lehmann hyena whoop traces/RMON_SN_150225_1800_EC_WP_04_S.wav,2,crepe,328.12,8.148086299604252,8.148086299604252,1.0,0.9986301347769817,0.9566724436741768,552
spotted_hyenas,spotted_hyenas/lehmann hyena whoop traces/RMON_SN_150225_1800_EC_WP_04_S.wav,4,crepe,328.12,1198.1337077016783,9.107790120222685,0.0,0.9685284091670474,0.48873483535528595,282
spotted_hyenas,spotted_hyenas/lehmann hyena whoop traces/RMON_SN_150225_1800_EC_WP_04_S.wav,6,crepe,328.12,984.2711478398397,215.72885216016036,0.0,-0.7324387649597348,0.12305025996533796,71
spotted_hyenas,spotted_hyenas/lehmann hyena whoop traces/ROOS_TW_140708_1912_SC_WP_04_A.wav,0,crepe,337.89,8.952582787255736,8.952582787255736,1.0,0.9976441258503927,0.9702380952380952,326
spotted_hyenas,spotted_hyenas/lehmann hyena whoop traces/ROOS_TW_140708_1912_SC_WP_04_A.wav,2,crepe,337.89,11.647707842622763,11.647707842622763,1.0,0.9997615711838208,0.7559523809523809,254
spotted_hyenas,spotted_hyenas/lehmann hyena whoop traces/ROOS_TW_140708_1912_SC_WP_04_A.wav,4,crepe,337.89,1366.1655495212838,166.1655495212837,0.0,-0.21299311249071962,0.6547619047619048,220
spotted_hyenas,spotted_hyenas/lehmann hyena whoop traces/ROOS_TW_140708_1912_SC_WP_04_A.wav,6,crepe,337.89,1344.0343870161607,144.03438701616068,0.0,0.30358977278633376,0.14583333333333334,49
spotted_hyenas,spotted_hyenas/lehmann hyena whoop traces/ROOS_TW_140708_1912_SC_WP_09_A.wav,0,crepe,265.62,8.143071587233399,8.143071587233399,1.0,0.9962143191591124,0.9280575539568345,516
spotted_hyenas,spotted_hyenas/lehmann hyena whoop traces/ROOS_TW_140708_1912_SC_WP_09_A.wav,2,crepe,265.62,1897.9485761827195,9.05667583644572,0.0,-0.5575232093536132,0.9712230215827338,540
spotted_hyenas,spotted_hyenas/lehmann hyena whoop traces/ROOS_TW_140708_1912_SC_WP_09_A.wav,4,crepe,265.62,1568.7891471233597,316.10646313325555,0.0,-0.5098389190097801,0.37410071942446044,208
spotted_hyenas,spotted_hyenas/lehmann hyena whoop traces/ROOS_TW_140708_1912_SC_WP_09_A.wav,6,crepe,265.62,2180.0150740293584,217.31560145371077,0.0,0.4509696089752468,0.11870503597122302,66
spotted_hyenas,spotted_hyenas/lehmann hyena whoop traces/RSTR_SS_100709_1826_SC_WP_02_A.wav,0,crepe,257.81,13.580624655002062,13.580624655002062,1.0,0.9970654126065811,0.8862275449101796,148
spotted_hyenas,spotted_hyenas/lehmann hyena whoop traces/RSTR_SS_100709_1826_SC_WP_02_A.wav,2,crepe,257.81,13.291733650721838,13.291733650721838,1.0,0.9948922300502381,0.7305389221556886,122
spotted_hyenas,spotted_hyenas/lehmann hyena whoop traces/RSTR_SS_100709_1826_SC_WP_02_A.wav,4,crepe,257.81,1283.4190529605362,206.42926897201474,0.0,0.18565884469104443,0.5688622754491018,95
spotted_hyenas,spotted_hyenas/lehmann hyena whoop traces/RSTR_SS_100709_1826_SC_WP_02_A.wav,6,crepe,257.81,562.8485872506982,42.63517407361082,1.0,0.9854423952065486,0.17964071856287425,30
spotted_hyenas,spotted_hyenas/lehmann hyena whoop traces/RSTR_SS_100709_1826_SC_WP_08_A.wav,0,crepe,324.22,19.59871189023121,12.309644289696134,1.0,0.942278263084764,0.9513888888888888,274
spotted_hyenas,spotted_hyenas/lehmann hyena whoop traces/RSTR_SS_100709_1826_SC_WP_08_A.wav,2,crepe,324.22,1099.4092297154293,75.83296487849563,0.0,-0.38244445745052136,0.5625,162
spotted_hyenas,spotted_hyenas/lehmann hyena whoop traces/RSTR_SS_100709_1826_SC_WP_08_A.wav,4,crepe,324.22,1192.9576824652268,53.21492807616249,0.0,0.6089469874035314,0.22916666666666666,66
spotted_hyenas,spotted_hyenas/lehmann hyena whoop traces/RSTR_SS_100709_1826_SC_WP_08_A.wav,6,crepe,324.22,1445.4559187358382,172.01727653047703,0.0,0.9907558529920483,0.1875,54
spotted_hyenas,spotted_hyenas/lehmann hyena whoop traces/RSTR_SS_100714_----_EC_WP_02_A.wav,0,crepe,324.22,10.651300085424493,10.651300085424493,1.0,0.9962500683644624,0.9801324503311258,148
spotted_hyenas,spotted_hyenas/lehmann hyena whoop traces/RSTR_SS_100714_----_EC_WP_02_A.wav,2,crepe,324.22,8.72071900089057,8.72071900089057,1.0,0.972497591000807,0.7350993377483444,111
spotted_hyenas,spotted_hyenas/lehmann hyena whoop traces/RSTR_SS_100714_----_EC_WP_02_A.wav,4,crepe,324.22,1161.898649251185,20.24076598500723,0.0,0.5353345752870142,0.17218543046357615,26
spotted_hyenas,spotted_hyenas/lehmann hyena whoop traces/RSTR_SS_100714_----_EC_WP_02_A.wav,6,crepe,324.22,52.18280456359271,52.18280456359271,1.0,0.5165074087242556,0.0728476821192053,11
spotted_hyenas,spotted_hyenas/lehmann hyena whoop traces/RSTR_SS_100714_----_EC_WP_08_A.wav,0,crepe,347.66,9.895620354986212,9.895620354986212,1.0,0.9968653812310349,0.9117647058823529,248
spotted_hyenas,spotted_hyenas/lehmann hyena whoop traces/RSTR_SS_100714_----_EC_WP_08_A.wav,2,crepe,347.66,11.443195187572462,11.443195187572462,1.0,0.9962677409999816,0.7316176470588235,199
spotted_hyenas,spotted_hyenas/lehmann hyena whoop traces/RSTR_SS_100714_----_EC_WP_08_A.wav,4,crepe,347.66,8.401738468204144,8.401738468204144,1.0,0.9798931826292482,0.19852941176470587,54
spotted_hyenas,spotted_hyenas/lehmann hyena whoop traces/RSTR_SS_100714_----_EC_WP_08_A.wav,6,crepe,347.66,1306.281382715657,123.34088939379706,0.0,0.3419239619208791,0.22794117647058823,62
spotted_hyenas,spotted_hyenas/lehmann hyena whoop traces/RSTR_SS_20110122_1852_EC_WP_02_A.wav,0,crepe,289.06,10.467759234493453,10.467759234493453,1.0,0.989039217185586,0.8731707317073171,179
spotted_hyenas,spotted_hyenas/lehmann hyena whoop traces/RSTR_SS_20110122_1852_EC_WP_02_A.wav,2,crepe,289.06,1887.1436101332094,13.541789171156424,0.0,-0.8202899094524434,0.6146341463414634,126
spotted_hyenas,spotted_hyenas/lehmann hyena whoop traces/RSTR_SS_20110122_1852_EC_WP_02_A.wav,4,crepe,289.06,1058.3889400515723,168.0989976293642,0.0,0.2301331078266391,0.43902439024390244,90
spotted_hyenas,spotted_hyenas/lehmann hyena whoop traces/RSTR_SS_20110122_1852_EC_WP_02_A.wav,6,crepe,289.06,1760.7110842159532,141.2439166494344,0.0,0.16346705388393373,0.03902439024390244,8
spotted_hyenas,spotted_hyenas/lehmann hyena whoop traces/RSTR_SS_20110122_1852_EC_WP_08_A.wav,0,crepe,302.735,10.646208856159635,10.646208856159635,1.0,0.9291279530415223,0.9789156626506024,325
spotted_hyenas,spotted_hyenas/lehmann hyena whoop traces/RSTR_SS_20110122_1852_EC_WP_08_A.wav,2,crepe,302.735,1207.777940366223,21.889779391013445,0.0,0.3612620774727672,0.5180722891566265,172
spotted_hyenas,spotted_hyenas/lehmann hyena whoop traces/RSTR_SS_20110122_1852_EC_WP_08_A.wav,4,crepe,302.735,766.3237234967157,433.67627650328427,0.0,0.719876696221397,0.40963855421686746,136
spotted_hyenas,spotted_hyenas/lehmann hyena whoop traces/RSTR_SS_20110122_1852_EC_WP_08_A.wav,6,crepe,302.735,1185.8579306294887,38.904261332452656,0.0,0.5595505704075967,0.3855421686746988,128
spotted_hyenas,spotted_hyenas/lehmann hyena whoop traces/RSWL_TW_140708_1857_SC_WP_01_A.wav,0,crepe,177.735,97.93566631947549,58.613576698383234,1.0,0.49454454738572917,0.6739130434782609,186
spotted_hyenas,spotted_hyenas/lehmann hyena whoop traces/RSWL_TW_140708_1857_SC_WP_01_A.wav,2,crepe,177.735,1519.1897350957586,75.7891073418605,0.0,0.2535422000948915,0.8514492753623188,235
spotted_hyenas,spotted_hyenas/lehmann hyena whoop traces/RSWL_TW_140708_1857_SC_WP_01_A.wav,4,crepe,177.735,2442.178798608917,147.94794752940047,0.0,0.9520755512367443,0.5144927536231884,142
spotted_hyenas,spotted_hyenas/lehmann hyena whoop traces/RSWL_TW_140708_1857_SC_WP_01_A.wav,6,crepe,177.735,1853.2039443591193,126.2026505884921,0.0,-0.9018927323483185,0.4166666666666667,115
spotted_hyenas,spotted_hyenas/lehmann hyena whoop traces/RSWL_TW_140708_1857_SC_WP_07_A.wav,0,crepe,273.44,1128.820805310061,10.637736346386943,0.0,0.8096763835359222,0.858508604206501,449
spotted_hyenas,spotted_hyenas/lehmann hyena whoop traces/RSWL_TW_140708_1857_SC_WP_07_A.wav,2,crepe,273.44,1892.3980590129481,10.95604067522141,0.0,-0.6555693338781021,0.8508604206500956,445
spotted_hyenas,spotted_hyenas/lehmann hyena whoop traces/RSWL_TW_140708_1857_SC_WP_07_A.wav,4,crepe,273.44,10.595648879119523,10.595648879119523,1.0,0.9814781592934956,0.16443594646271512,86
spotted_hyenas,spotted_hyenas/lehmann hyena whoop traces/RSWL_TW_140708_1857_SC_WP_07_A.wav,6,crepe,273.44,1494.6870256885131,265.73581318669176,0.0,-0.47266881239004016,0.2925430210325048,153
spotted_hyenas,spotted_hyenas/lehmann hyena whoop traces/RSWL_TW_140720_1855_SC_WP_03_S.wav,0,crepe,304.69,8.578284820857787,8.578284820857787,1.0,0.9996558711745728,0.9077669902912622,561
spotted_hyenas,spotted_hyenas/lehmann hyena whoop traces/RSWL_TW_140720_1855_SC_WP_03_S.wav,2,crepe,304.69,21.89291253223835,15.887238744612485,1.0,0.6043441765245658,0.86084142394822,532
spotted_hyenas,spotted_hyenas/lehmann hyena whoop traces/RSWL_TW_140720_1855_SC_WP_03_S.wav,4,crepe,304.69,1192.3692440441082,102.43700229707804,0.0,0.6123529348822376,0.540453074433657,334
spotted_hyenas,spotted_hyenas/lehmann hyena whoop traces/RSWL_TW_140720_1855_SC_WP_03_S.wav,6,crepe,304.69,1201.7134772100424,165.54627082890488,0.0,0.4701332855267997,0.5598705501618123,346
spotted_hyenas,spotted_hyenas/lehmann hyena whoop traces/RSWL_TW_140722_1911_SC_WP_01_A.wav,0,crepe,269.53,1187.1293429912957,9.818208295895033,0.0,0.027014810221728653,0.7695652173913043,177
spotted_hyenas,spotted_hyenas/lehmann hyena whoop traces/RSWL_TW_140722_1911_SC_WP_01_A.wav,2,crepe,269.53,1782.5763331981918,24.047998240439846,0.0,-0.8657071893671646,0.8130434782608695,187
spotted_hyenas,spotted_hyenas/lehmann hyena whoop traces/RSWL_TW_140722_1911_SC_WP_01_A.wav,4,crepe,269.53,1204.7236179031047,93.94344900229649,0.0,0.23734071158787245,0.5478260869565217,126
spotted_hyenas,spotted_hyenas/lehmann hyena whoop traces/RSWL_TW_140722_1911_SC_WP_01_A.wav,6,crepe,269.53,24.718342511476113,24.718342511476113,1.0,-0.010430974703461908,0.034782608695652174,8
spotted_hyenas,spotted_hyenas/lehmann hyena whoop traces/RSWL_TW_140722_1911_SC_WP_07_A.wav,0,crepe,273.44,1194.9458365260227,9.889188872997805,0.0,0.9655927160443454,0.8275154004106776,403
spotted_hyenas,spotted_hyenas/lehmann hyena whoop traces/RSWL_TW_140722_1911_SC_WP_07_A.wav,2,crepe,273.44,1896.4623051313763,11.389069259216306,0.0,-0.6641466967222703,0.7885010266940452,384
spotted_hyenas,spotted_hyenas/lehmann hyena whoop traces/RSWL_TW_140722_1911_SC_WP_07_A.wav,4,crepe,273.44,1579.1694048100867,306.71696335418955,0.0,-0.8352693784642181,0.44969199178644764,219
spotted_hyenas,spotted_hyenas/lehmann hyena whoop traces/RSWL_TW_140722_1911_SC_WP_07_A.wav,6,crepe,273.44,882.9893802949422,55.90389644571964,0.0,-0.44157078571280106,0.09650924024640657,47
spotted_hyenas,spotted_hyenas/lehmann hyena whoop traces/RSWL_TW_140827_1916_SC_WP_01_S.wav,0,crepe,324.22,1193.5225766719416,12.120334040975578,0.0,-0.04365352889893896,0.7824933687002652,295
spotted_hyenas,spotted_hyenas/lehmann hyena whoop traces/RSWL_TW_140827_1916_SC_WP_01_S.wav,2,crepe,324.22,1545.5234356478713,13.067769777836546,0.0,0.8775226860883042,0.6047745358090185,228
spotted_hyenas,spotted_hyenas/lehmann hyena whoop traces/RSWL_TW_140827_1916_SC_WP_01_S.wav,4,crepe,324.22,35.480875705965914,20.3633877040793,1.0,0.6632209936196122,0.27055702917771884,102
spotted_hyenas,spotted_hyenas/lehmann hyena whoop traces/RSWL_TW_140827_1916_SC_WP_01_S.wav,6,crepe,324.22,512.887472267323,397.53700697160536,1.0,0.6277247959738999,0.23076923076923078,87
spotted_hyenas,spotted_hyenas/lehmann hyena whoop traces/RSWL_TW_140827_1916_SC_WP_06_T.wav,0,crepe,250.0,8.761864597589438,8.761864597589438,1.0,0.9937480128550832,0.9781121751025992,715
spotted_hyenas,spotted_hyenas/lehmann hyena whoop traces/RSWL_TW_140827_1916_SC_WP_06_T.wav,2,crepe,250.0,7.9500648053660505,7.9500648053660505,1.0,0.9900804619210037,0.8850889192886456,647
spotted_hyenas,spotted_hyenas/lehmann hyena whoop traces/RSWL_TW_140827_1916_SC_WP_06_T.wav,4,crepe,250.0,1197.3635225263702,19.26073596896462,0.0,0.846477499184606,0.30506155950752395,223
spotted_hyenas,spotted_hyenas/lehmann hyena whoop traces/RSWL_TW_140827_1916_SC_WP_06_T.wav,6,crepe,250.0,1142.5745184216032,57.42548157839692,0.0,-0.31804256392557123,0.1381668946648427,101
spotted_hyenas,spotted_hyenas/lehmann hyena whoop traces/RSWL_TW_141022_1912_SC_WP_01_A.wav,0,crepe,300.78,8.91595822405666,8.91595822405666,1.0,0.9902780769784566,0.9537712895377128,392
spotted_hyenas,spotted_hyenas/lehmann hyena whoop traces/RSWL_TW_141022_1912_SC_WP_01_A.wav,2,crepe,300.78,8.092144763781045,8.092144763781045,1.0,0.9959868131222999,0.6399026763990268,263
spotted_hyenas,spotted_hyenas/lehmann hyena whoop traces/RSWL_TW_141022_1912_SC_WP_01_A.wav,4,crepe,300.78,1213.8311067224931,66.1581014874661,0.0,0.7740874483994484,0.1873479318734793,77
spotted_hyenas,spotted_hyenas/lehmann hyena whoop traces/RSWL_TW_141022_1912_SC_WP_01_A.wav,6,crepe,300.78,1366.2161191236262,159.4839167163852,0.0,0.8097013720295516,0.635036496350365,261
spotted_hyenas,spotted_hyenas/lehmann hyena whoop traces/RSWL_TW_141022_1933_SC_WP_01_K.wav,0,crepe,367.19,1171.8330999264494,10.984849688318,0.0,0.930871325355309,0.8419354838709677,261
spotted_hyenas,spotted_hyenas/lehmann hyena whoop traces/RSWL_TW_141022_1933_SC_WP_01_K.wav,2,crepe,367.19,1507.1892452699728,56.49367512154131,0.0,0.1527648494142877,0.7838709677419354,243
spotted_hyenas,spotted_hyenas/lehmann hyena whoop traces/RSWL_TW_141022_1933_SC_WP_01_K.wav,4,crepe,367.19,1314.7750833827888,116.80409025343246,0.0,0.393903088653565,0.13548387096774195,42
spotted_hyenas,spotted_hyenas/lehmann hyena whoop traces/RSWL_TW_141022_1933_SC_WP_07_A.wav,0,crepe,269.53,1199.816869652013,10.180667215611466,0.0,0.9921262553555783,0.7402597402597403,285
spotted_hyenas,spotted_hyenas/lehmann hyena whoop traces/RSWL_TW_141022_1933_SC_WP_07_A.wav,2,crepe,269.53,1909.779511258087,14.726391907513232,0.0,-0.3177770168960437,0.9454545454545454,364
spotted_hyenas,spotted_hyenas/lehmann hyena whoop traces/RSWL_TW_141022_1933_SC_WP_07_A.wav,4,crepe,269.53,1556.3821402369967,241.32099078850698,0.0,-0.2922324729410383,0.3038961038961039,117
spotted_hyenas,spotted_hyenas/lehmann hyena whoop traces/RSWL_TW_141022_1933_SC_WP_07_A.wav,6,crepe,269.53,1304.4229582367357,178.17309820982743,0.0,-0.6591760120559386,0.23376623376623376,90
spotted_hyenas,spotted_hyenas/lehmann hyena whoop traces/SGL-_HZ_160407_0649_SC_WP_04_A.wav,0,crepe,253.91,1198.1490506656862,8.223219991333327,0.0,-0.610593963265614,0.8183856502242153,365
spotted_hyenas,spotted_hyenas/lehmann hyena whoop traces/SGL-_HZ_160407_0649_SC_WP_04_A.wav,2,crepe,253.91,1904.4400695553938,14.798401672003035,0.0,0.3227741988688474,0.8183856502242153,365
spotted_hyenas,spotted_hyenas/lehmann hyena whoop traces/SGL-_HZ_160407_0649_SC_WP_04_A.wav,4,crepe,253.91,1414.4050001469611,218.396428292866,0.0,0.13018641055685717,0.6121076233183856,273
spotted_hyenas,spotted_hyenas/lehmann hyena whoop traces/SGL-_HZ_160407_0649_SC_WP_04_A.wav,6,crepe,253.91,1651.7828807698875,221.72042355472038,0.0,-0.48820510185134086,0.12780269058295965,57
spotted_hyenas,spotted_hyenas/lehmann hyena whoop traces/SGL-_HZ_160407_0712_SC_WP_05_A.wav,0,crepe,234.38,1195.4154322672046,8.269454589289541,0.0,-0.596687979880756,0.7538860103626943,291
spotted_hyenas,spotted_hyenas/lehmann hyena whoop traces/SGL-_HZ_160407_0712_SC_WP_05_A.wav,2,crepe,234.38,1895.3775421380105,11.67547617136567,0.0,-0.615785014186343,0.9326424870466321,360
spotted_hyenas,spotted_hyenas/lehmann hyena whoop traces/SGL-_HZ_160407_0712_SC_WP_05_A.wav,4,crepe,234.38,2602.8338164482448,204.54729338673695,0.0,0.2249537600634311,0.6632124352331606,256
spotted_hyenas,spotted_hyenas/lehmann hyena whoop traces/SGL-_HZ_160407_0712_SC_WP_05_A.wav,6,crepe,234.38,694.5105793762359,505.4894206237641,0.0,0.9181681225273917,0.10362694300518134,40
spotted_hyenas,spotted_hyenas/lehmann hyena whoop traces/SNAP_HZ_100316_0630_EC_WP_05_A.wav,0,crepe,367.19,8.852536562091714,8.852536562091714,1.0,0.9942832373511213,0.9339622641509434,198
spotted_hyenas,spotted_hyenas/lehmann hyena whoop traces/SNAP_HZ_100316_0630_EC_WP_05_A.wav,2,crepe,367.19,10.371556645545024,10.371556645545024,1.0,0.9989528439081126,0.7688679245283019,163
spotted_hyenas,spotted_hyenas/lehmann hyena whoop traces/SNAP_HZ_100316_0630_EC_WP_05_A.wav,4,crepe,367.19,890.0198107973708,280.89607822973255,0.0,0.5452229040185549,0.3018867924528302,64
spotted_hyenas,spotted_hyenas/lehmann hyena whoop traces/SNAP_HZ_100316_0630_EC_WP_05_A.wav,6,crepe,367.19,1148.490594778473,51.50940522152698,0.0,0.8332994297506571,0.08018867924528301,17
spotted_hyenas,spotted_hyenas/lehmann hyena whoop traces/SST-_SN_100514_1800_EC_WP_00_P.wav,0,crepe,371.09,24.090162935642095,15.564038452889015,1.0,0.8439638149436632,0.8994082840236687,152
spotted_hyenas,spotted_hyenas/lehmann hyena whoop traces/SST-_SN_100514_1800_EC_WP_00_P.wav,2,crepe,371.09,12.319145195340242,12.319145195340242,1.0,0.9984985370192329,0.5857988165680473,99
spotted_hyenas,spotted_hyenas/lehmann hyena whoop traces/SST-_SN_100514_1800_EC_WP_00_P.wav,4,crepe,371.09,355.2566075551919,355.2566075551919,1.0,0.9721153297475884,0.0650887573964497,11
spotted_hyenas,spotted_hyenas/lehmann hyena whoop traces/SST-_SN_100514_1800_EC_WP_00_P.wav,6,crepe,371.09,792.2107244711897,383.3211932471943,0.0,-0.9595574928590287,0.17751479289940827,30
spotted_hyenas,spotted_hyenas/lehmann hyena whoop traces/TAJ-_SS_100504_1832_EC_WP_05_K.wav,0,crepe,304.69,51.844918097629645,10.36134287259678,1.0,0.6911886870277153,0.9378698224852071,317
spotted_hyenas,spotted_hyenas/lehmann hyena whoop traces/TAJ-_SS_100504_1832_EC_WP_05_K.wav,2,crepe,304.69,1646.0683331540845,28.193113595903117,0.0,-0.22965697119644213,0.7485207100591716,253
spotted_hyenas,spotted_hyenas/lehmann hyena whoop traces/TAJ-_SS_100504_1832_EC_WP_05_K.wav,4,crepe,304.69,1221.0147864133621,154.10155880872114,0.0,0.4243266064363652,0.6005917159763313,203
spotted_hyenas,spotted_hyenas/lehmann hyena whoop traces/TAJ-_SS_100504_1832_EC_WP_05_K.wav,6,crepe,304.69,1115.3121999823109,180.81927028581273,0.0,0.09936951582199936,0.27514792899408286,93
spotted_hyenas,spotted_hyenas/lehmann hyena whoop traces/TEMP_HZ_141219_1839_SC_WP_04_K.wav,0,crepe,386.72,14.47293532514167,14.47293532514167,1.0,0.972738281279566,0.8419117647058824,229
spotted_hyenas,spotted_hyenas/lehmann hyena whoop traces/TEMP_HZ_141219_1839_SC_WP_04_K.wav,2,crepe,386.72,114.31304579471905,114.31304579471905,1.0,0.002316449760244574,0.4852941176470588,132
spotted_hyenas,spotted_hyenas/lehmann hyena whoop traces/TEMP_HZ_141219_1839_SC_WP_04_K.wav,4,crepe,386.72,254.25180680484854,217.3629474990297,1.0,-0.42805523309199145,0.19852941176470587,54
spotted_hyenas,spotted_hyenas/lehmann hyena whoop traces/TEMP_HZ_141219_1839_SC_WP_04_K.wav,6,crepe,386.72,737.8730595191689,462.12694048083114,0.0,0.80867631762388,0.08823529411764706,24
spotted_hyenas,spotted_hyenas/lehmann hyena whoop traces/TNKS_TW_140808_1849_SC_WP_03_A.wav,0,crepe,363.28,19.53821680310724,19.53821680310724,1.0,0.9519795332269978,0.2318840579710145,32
spotted_hyenas,spotted_hyenas/lehmann hyena whoop traces/TNKS_TW_140808_1849_SC_WP_03_A.wav,2,crepe,363.28,21.210577101434726,21.210577101434726,1.0,0.9976525406467224,0.4855072463768116,67
spotted_hyenas,spotted_hyenas/lehmann hyena whoop traces/TNKS_TW_140808_1849_SC_WP_03_A.wav,4,crepe,363.28,375.44525774633814,375.44525774633814,1.0,0.41891481967118255,0.043478260869565216,6
spotted_hyenas,spotted_hyenas/lehmann hyena whoop traces/TNKS_TW_140808_1849_SC_WP_03_A.wav,6,crepe,363.28,369.4425681512238,247.10008560160946,1.0,-0.7387037199969464,0.21014492753623187,29
spotted_hyenas,spotted_hyenas/lehmann hyena whoop traces/TNKS_TW_140808_1849_SC_WP_09_A.wav,0,crepe,316.41,12.603891767901061,12.603891767901061,1.0,0.9981641612077591,0.57847533632287,129
spotted_hyenas,spotted_hyenas/lehmann hyena whoop traces/TNKS_TW_140808_1849_SC_WP_09_A.wav,2,crepe,316.41,10.392855009593017,10.392855009593017,1.0,0.996907799833587,0.672645739910314,150
spotted_hyenas,spotted_hyenas/lehmann hyena whoop traces/TNKS_TW_140808_1849_SC_WP_09_A.wav,4,crepe,316.41,1193.6781186722917,13.300500039095,0.0,0.047019132832822205,0.21076233183856502,47
spotted_hyenas,spotted_hyenas/lehmann hyena whoop traces/TNKS_TW_140808_1849_SC_WP_09_A.wav,6,crepe,316.41,963.6659865585492,236.33401344145085,0.0,0.6387353892733785,0.07174887892376682,16
spotted_hyenas,spotted_hyenas/lehmann hyena whoop traces/TSU-_SN_100503_1824_EC_WP_00_A.wav,0,crepe,375.0,9.761650183715286,9.761650183715286,1.0,0.94863559719854,0.7062146892655368,125
spotted_hyenas,spotted_hyenas/lehmann hyena whoop traces/TSU-_SN_100503_1824_EC_WP_00_A.wav,2,crepe,375.0,295.5906751166343,295.5906751166343,1.0,0.7001666044725275,0.672316384180791,119
spotted_hyenas,spotted_hyenas/lehmann hyena whoop traces/TSU-_SN_100503_1824_EC_WP_00_A.wav,4,crepe,375.0,9.855847158634283,9.855847158634283,1.0,0.937818303785514,0.0903954802259887,16
spotted_hyenas,spotted_hyenas/lehmann hyena whoop traces/TSU-_SN_100503_1824_EC_WP_00_A.wav,6,crepe,375.0,368.44805468876814,368.44805468876814,1.0,0.8864408608532147,0.02824858757062147,5
spotted_hyenas,spotted_hyenas/lehmann hyena whoop traces/TWST_TW_141102_0604_SC_WP_06_A.wav,0,crepe,292.97,13.378063829117817,9.749484922815078,1.0,-0.7055999355141239,0.8571428571428571,228
spotted_hyenas,spotted_hyenas/lehmann hyena whoop traces/TWST_TW_141102_0604_SC_WP_06_A.wav,2,crepe,292.97,12.79350849282985,12.79350849282985,1.0,0.9731903130333983,0.8082706766917294,215
spotted_hyenas,spotted_hyenas/lehmann hyena whoop traces/TWST_TW_141102_0604_SC_WP_06_A.wav,4,crepe,292.97,15.879614544743362,15.879614544743362,1.0,0.9795028737440301,0.3609022556390977,96
spotted_hyenas,spotted_hyenas/lehmann hyena whoop traces/TWST_TW_141102_0604_SC_WP_06_A.wav,6,crepe,292.97,1206.5443598136328,14.230344816017094,0.0,0.3350751337170428,0.34210526315789475,91
spotted_hyenas,spotted_hyenas/lehmann hyena whoop traces/TSU-_SN_100503_1824_EC_WP_06_T.wav,0,crepe,316.41,9.846658699102218,9.846658699102218,1.0,0.9883375471326541,1.0,360
spotted_hyenas,spotted_hyenas/lehmann hyena whoop traces/TSU-_SN_100503_1824_EC_WP_06_T.wav,2,crepe,316.41,1900.550008807588,9.189103565286514,0.0,0.9851520374256479,0.9305555555555556,335
spotted_hyenas,spotted_hyenas/lehmann hyena whoop traces/TSU-_SN_100503_1824_EC_WP_06_T.wav,4,crepe,316.41,10.587448261269962,10.587448261269962,1.0,0.9539461584941117,0.675,243
spotted_hyenas,spotted_hyenas/lehmann hyena whoop traces/TSU-_SN_100503_1824_EC_WP_06_T.wav,6,crepe,316.41,1216.58671258383,16.97164180671255,0.0,0.3027807058055993,0.45,162
spotted_hyenas,spotted_hyenas/lehmann hyena whoop traces/TWST_TW_150123_0721_SC_WP_05_S.wav,0,crepe,324.22,10.129109151977405,10.129109151977405,1.0,0.9906457218456782,0.8407643312101911,396
spotted_hyenas,spotted_hyenas/lehmann hyena whoop traces/TWST_TW_150123_0721_SC_WP_05_S.wav,2,crepe,324.22,1794.9845851627233,75.71850037529833,0.0,-0.130814688869849,0.7855626326963907,370
spotted_hyenas,spotted_hyenas/lehmann hyena whoop traces/TWST_TW_150123_0721_SC_WP_05_S.wav,4,crepe,324.22,873.5480580349561,326.45194196504394,0.0,0.9587354187681556,0.27388535031847133,129
spotted_hyenas,spotted_hyenas/lehmann hyena whoop traces/TWST_TW_150123_0721_SC_WP_10_K.wav,0,crepe,335.94,9.995573205691475,9.995573205691475,1.0,0.996310592984456,0.8013245033112583,363
spotted_hyenas,spotted_hyenas/lehmann hyena whoop traces/TWST_TW_150123_0721_SC_WP_10_K.wav,2,crepe,335.94,1907.6505912752266,31.07825548885369,0.0,-0.06413921072360032,0.7969094922737306,361
spotted_hyenas,spotted_hyenas/lehmann hyena whoop traces/TWST_TW_150123_0721_SC_WP_10_K.wav,4,crepe,335.94,916.5393565712453,283.46064342875474,0.0,-0.9690340205141568,0.10596026490066225,48
spotted_hyenas,spotted_hyenas/lehmann hyena whoop traces/TWST_TW_150123_0721_SC_WP_10_K.wav,6,crepe,335.94,964.1973493931876,235.8026506068124,0.0,-0.08688640651819882,0.12362030905077263,56
spotted_hyenas,spotted_hyenas/lehmann hyena whoop traces/WRTH_TW bout1 call4 2017-01-06 04-37-28 K.wav,0,crepe,351.56,11.585431149125972,11.585431149125972,1.0,0.997277647643501,0.9555555555555556,301
spotted_hyenas,spotted_hyenas/lehmann hyena whoop traces/WRTH_TW bout1 call4 2017-01-06 04-37-28 K.wav,2,crepe,351.56,1912.2370286420164,42.375578009749425,0.0,-0.04556387643048873,0.5619047619047619,177
spotted_hyenas,spotted_hyenas/lehmann hyena whoop traces/WRTH_TW bout1 call4 2017-01-06 04-37-28 K.wav,4,crepe,351.56,688.1801630655324,271.3276599485987,0.0,0.9451698506082641,0.2222222222222222,70
spotted_hyenas,spotted_hyenas/lehmann hyena whoop traces/WRTH_TW bout1 call4 2017-01-06 04-37-28 K.wav,6,crepe,351.56,905.7504569282578,149.90795616738853,0.0,0.8750914868770605,0.2222222222222222,70
spotted_hyenas,spotted_hyenas/lehmann hyena whoop traces/WRTH_TW bout3 call3 2017-01-06 19-05-38 A.wav,0,crepe,312.5,15.540918126618894,15.540918126618894,1.0,0.9854366602265138,0.8877551020408163,174
spotted_hyenas,spotted_hyenas/lehmann hyena whoop traces/WRTH_TW bout3 call3 2017-01-06 19-05-38 A.wav,2,crepe,312.5,1914.439449787095,33.28102420884909,0.0,-0.7115397597763362,0.5612244897959183,110
spotted_hyenas,spotted_hyenas/lehmann hyena whoop traces/WRTH_TW bout3 call3 2017-01-06 19-05-38 A.wav,4,crepe,312.5,1196.1834437363445,9.000295471634157,0.0,0.9945373826877268,0.336734693877551,66
spotted_hyenas,spotted_hyenas/lehmann hyena whoop traces/WRTH_TW bout3 call3 2017-01-06 19-05-38 A.wav,6,crepe,312.5,1187.1642051209508,19.90848205943672,0.0,0.9824436834857528,0.2755102040816326,54
spotted_hyenas,spotted_hyenas/lehmann hyena whoop traces/WRTH_TW bout5 call1 2017-01-11 04-03-15 A.wav,0,crepe,339.84,1200.0122557405527,11.908838970489828,0.0,0.9940123119179124,0.4956896551724138,115
spotted_hyenas,spotted_hyenas/lehmann hyena whoop traces/WRTH_TW bout5 call1 2017-01-11 04-03-15 A.wav,2,crepe,339.84,1885.9680702910205,24.29409315350029,0.0,-0.8785201174912128,0.23706896551724138,55
spotted_hyenas,spotted_hyenas/lehmann hyena whoop traces/WRTH_TW bout5 call1 2017-01-11 04-03-15 A.wav,4,crepe,339.84,204.51105176742078,204.51105176742078,1.0,0.9884405437360716,0.27586206896551724,64
spotted_hyenas,spotted_hyenas/lehmann hyena whoop traces/WRTH_TW bout5 call1 2017-01-11 04-03-15 A.wav,6,crepe,339.84,980.3496001455633,223.29615354020146,0.0,0.37010431923749304,0.3232758620689655,75
spotted_hyenas,spotted_hyenas/lehmann hyena whoop traces/WRTH_TW bout5 call6 2017-01-11 04-03-32 A.wav,0,crepe,339.84,12.875000868573958,12.875000868573958,1.0,0.9979343203264243,0.9390243902439024,231
spotted_hyenas,spotted_hyenas/lehmann hyena whoop traces/WRTH_TW bout5 call6 2017-01-11 04-03-32 A.wav,2,crepe,339.84,698.4206128388744,221.13203639816064,0.0,0.43152211333473356,0.6951219512195121,171
spotted_hyenas,spotted_hyenas/lehmann hyena whoop traces/WRTH_TW bout5 call6 2017-01-11 04-03-32 A.wav,4,crepe,339.84,1181.1354798027414,18.864520197258464,0.0,0.2259937505861642,0.2926829268292683,72
spotted_hyenas,spotted_hyenas/lehmann hyena whoop traces/WRTH_TW bout5 call6 2017-01-11 04-03-32 A.wav,6,crepe,339.84,1469.676215141364,269.6762151413641,0.0,0.10150549992661669,0.052845528455284556,13
spotted_hyenas,spotted_hyenas/lehmann hyena whoop traces/WRTH_TW bout6 call5 2017-01-11 04-04-55 A.wav,0,crepe,332.03,11.053385442256829,11.053385442256829,1.0,0.9944650134596008,1.0,350
spotted_hyenas,spotted_hyenas/lehmann hyena whoop traces/WRTH_TW bout6 call5 2017-01-11 04-04-55 A.wav,2,crepe,332.03,19.819838496512837,19.819838496512837,1.0,0.6814709031590607,0.6885714285714286,241
spotted_hyenas,spotted_hyenas/lehmann hyena whoop traces/WRTH_TW bout6 call5 2017-01-11 04-04-55 A.wav,4,crepe,332.03,20.021861166712135,12.224921803026488,1.0,-0.7400479378006456,0.5171428571428571,181
spotted_hyenas,spotted_hyenas/lehmann hyena whoop traces/WRTH_TW bout6 call5 2017-01-11 04-04-55 A.wav,6,crepe,332.03,1198.060440511212,203.1491559281213,0.0,0.6525379647731979,0.26,91
spotted_hyenas,spotted_hyenas/lehmann hyena whoop traces/ZITI_TW_150125_1914_SC_WP_02_05_T.wav,0,crepe,277.34,15.323628008770747,7.9973400378505675,1.0,0.6364241770839167,0.900375939849624,479
spotted_hyenas,spotted_hyenas/lehmann hyena whoop traces/ZITI_TW_150125_1914_SC_WP_02_05_T.wav,2,crepe,277.34,17.02880741201448,9.141557317573655,1.0,-0.858306790609364,0.8665413533834586,461
spotted_hyenas,spotted_hyenas/lehmann hyena whoop traces/ZITI_TW_150125_1914_SC_WP_02_05_T.wav,4,crepe,277.34,1202.9237115793724,9.992377507476492,0.0,0.18654264165388515,0.45864661654135336,244
spotted_hyenas,spotted_hyenas/lehmann hyena whoop traces/ZITI_TW_150125_1914_SC_WP_02_05_T.wav,6,crepe,277.34,1218.9293999175109,18.92939991751072,0.0,-0.9489573359011111,0.11842105263157894,63
monk_parakeets,monk_parakeets/pre-processed_calls/2011_02_15_BART_WRIG1026_15.WAV,0,crepe,1872.195331199065,178.02441644145154,178.02441644145154,1.0,0.7087543841286359,0.94,94
monk_parakeets,monk_parakeets/pre-processed_calls/2011_02_15_BART_WRIG1026_15.WAV,2,crepe,1872.195331199065,1630.8108611857726,160.1702746113208,0.0,-0.1874107781177505,0.59,59
monk_parakeets,monk_parakeets/pre-processed_calls/2011_02_15_BART_WRIG1026_15.WAV,4,crepe,1872.195331199065,1298.4338823926453,143.22759313642888,0.0,-0.9690477462673941,0.11,11
monk_parakeets,monk_parakeets/pre-processed_calls/2011_02_15_BART_WRIG1026_15.WAV,6,crepe,1872.195331199065,261.8436022048135,261.8436022048135,1.0,0.17125308713488105,0.03,3
monk_parakeets,monk_parakeets/pre-processed_calls/2011_02_15_BART_WRIG1026_23.WAV,0,crepe,1466.55502242544,135.15417874179232,135.15417874179232,1.0,0.6001535360510384,0.59,59
monk_parakeets,monk_parakeets/pre-processed_calls/2011_02_15_BART_WRIG1026_23.WAV,2,crepe,1466.55502242544,405.90426651728836,377.14735536487274,1.0,0.16066067242239332,0.68,68
monk_parakeets,monk_parakeets/pre-processed_calls/2011_02_15_BART_WRIG1026_23.WAV,4,crepe,1466.55502242544,359.40154371262196,359.40154371262196,1.0,0.07121797769901292,0.12,12
monk_parakeets,monk_parakeets/pre-processed_calls/2011_02_15_BART_WRIG1026_23.WAV,6,crepe,1466.55502242544,671.4190207417439,372.4841023095425,0.0,-0.3985377896727706,0.37,37
monk_parakeets,monk_parakeets/pre-processed_calls/2011_02_15_ELEM_WRIG1013_10_site_scale.WAV,0,crepe,1695.25,58.28037921966781,58.28037921966781,1.0,0.934414478810805,0.85,85
monk_parakeets,monk_parakeets/pre-processed_calls/2011_02_15_ELEM_WRIG1013_10_site_scale.WAV,2,crepe,1695.25,109.72357880975666,109.72357880975666,1.0,0.7736846728264559,0.83,83
monk_parakeets,monk_parakeets/pre-processed_calls/2011_02_15_ELEM_WRIG1013_10_site_scale.WAV,4,crepe,1695.25,26.94790030799046,26.94790030799046,1.0,-0.13655903653277357,0.1,10
monk_parakeets,monk_parakeets/pre-processed_calls/2011_02_15_ELEM_WRIG1013_10_site_scale.WAV,6,crepe,1695.25,517.4465429553974,296.8987890569721,1.0,0.7204636239649899,0.3,30
monk_parakeets,monk_parakeets/pre-processed_calls/2011_02_15_ELEM_WRIG1013_2.WAV,0,crepe,1881.519713934945,100.73858599832613,100.73858599832613,1.0,0.8193582156414911,0.88,88
monk_parakeets,monk_parakeets/pre-processed_calls/2011_02_15_ELEM_WRIG1013_2.WAV,2,crepe,1881.519713934945,124.34478867548152,119.82403508079359,1.0,-0.18311582883023622,0.63,63
monk_parakeets,monk_parakeets/pre-processed_calls/2011_02_15_ELEM_WRIG1013_4.WAV,0,crepe,1837.25,216.5313014971802,216.5313014971802,1.0,0.8797250019871666,0.97,97
monk_parakeets,monk_parakeets/pre-processed_calls/2011_02_15_ELEM_WRIG1013_4.WAV,2,crepe,1837.25,398.31743074079935,207.4623829386816,1.0,-0.03766941820941379,0.85,85
monk_parakeets,monk_parakeets/pre-processed_calls/2011_02_15_ELEM_WRIG1013_4.WAV,4,crepe,1837.25,192.78033896694046,192.78033896694046,1.0,0.2792149698991649,0.41,41
monk_parakeets,monk_parakeets/pre-processed_calls/2011_02_15_INTR_WRIG1032_13.WAV,0,crepe,1324.859761909995,56.865955359695164,56.865955359695164,1.0,0.771157556660467,0.67,67
monk_parakeets,monk_parakeets/pre-processed_calls/2011_02_15_INTR_WRIG1032_13.WAV,2,crepe,1324.859761909995,79.96665052697277,79.96665052697277,1.0,0.6462001960134169,0.72,72
monk_parakeets,monk_parakeets/pre-processed_calls/2011_02_15_INTR_WRIG1032_13.WAV,4,crepe,1324.859761909995,295.0598597698618,265.2365139989768,1.0,0.7787179169673578,0.8,80
monk_parakeets,monk_parakeets/pre-processed_calls/2011_02_15_INTR_WRIG1032_13.WAV,6,crepe,1324.859761909995,1085.6045320581188,231.2371688049633,0.0,-0.6577037345892152,0.32,32
monk_parakeets,monk_parakeets/pre-processed_calls/2011_02_15_INTR_WRIG1032_7.WAV,0,crepe,1395.7073921677174,67.63505293658713,67.63505293658713,1.0,0.8617383413933332,0.84,84
monk_parakeets,monk_parakeets/pre-processed_calls/2011_02_15_INTR_WRIG1032_7.WAV,2,crepe,1395.7073921677174,109.59725604992884,105.61425593362131,1.0,0.6676642036790493,0.89,89
monk_parakeets,monk_parakeets/pre-processed_calls/2011_02_15_INTR_WRIG1032_7.WAV,4,crepe,1395.7073921677174,106.27428776252137,106.27428776252137,1.0,-0.5880009362806421,0.32,32
monk_parakeets,monk_parakeets/pre-processed_calls/2011_02_15_INTR_WRIG1032_7.WAV,6,crepe,1395.7073921677174,1506.046788533874,306.04678853387406,0.0,,0.02,2
monk_parakeets,monk_parakeets/pre-processed_calls/2011_02_15_INTR_WRIG1033_12.WAV,0,crepe,1689.21900323542,122.29150215079281,122.29150215079281,1.0,0.654522100741045,0.86,86
monk_parakeets,monk_parakeets/pre-processed_calls/2011_02_15_INTR_WRIG1033_12.WAV,2,crepe,1689.21900323542,374.8611581794855,176.774635213257,1.0,-0.1465546680222966,0.94,94
monk_parakeets,monk_parakeets/pre-processed_calls/2011_02_15_INTR_WRIG1033_12.WAV,4,crepe,1689.21900323542,806.0546880928671,340.18098456356927,0.0,-0.3040958425601839,0.25,25
monk_parakeets,monk_parakeets/pre-processed_calls/2011_02_15_INTR_WRIG1033_12.WAV,6,crepe,1689.21900323542,533.4319430534524,268.47221482144334,1.0,-0.20385755366484876,0.32,32
monk_parakeets,monk_parakeets/pre-processed_calls/2011_02_15_MART_WRIG1008_16.WAV,0,crepe,1734.763908401095,106.09132343899566,106.09132343899566,1.0,0.7658685768789902,0.74,74
monk_parakeets,monk_parakeets/pre-processed_calls/2011_02_15_MART_WRIG1008_16.WAV,2,crepe,1734.763908401095,129.89644213654984,129.89644213654984,1.0,0.7413995098393668,0.82,82
monk_parakeets,monk_parakeets/pre-processed_calls/2011_02_15_MART_WRIG1008_16.WAV,4,crepe,1734.763908401095,191.30779440666876,191.30779440666876,1.0,-0.8607277724091688,0.03,3
monk_parakeets,monk_parakeets/pre-processed_calls/2011_02_15_MART_WRIG1008_16.WAV,6,crepe,1734.763908401095,977.7631825529536,222.2368174470464,0.0,0.5458014872114353,0.04,4
monk_parakeets,monk_parakeets/pre-processed_calls/2011_02_15_MART_WRIG1008_42.WAV,0,crepe,1779.6544067833875,90.31247147875769,90.31247147875769,1.0,0.827591644268601,0.88,88
monk_parakeets,monk_parakeets/pre-processed_calls/2011_02_15_MART_WRIG1008_42.WAV,2,crepe,1779.6544067833875,261.5718470589588,235.22050775083696,1.0,0.724315747899042,0.84,84
monk_parakeets,monk_parakeets/pre-processed_calls/2011_02_15_MART_WRIG1008_42.WAV,4,crepe,1779.6544067833875,498.28872095327256,263.8634285301887,1.0,-0.688949610753281,0.34,34
monk_parakeets,monk_parakeets/pre-processed_calls/2011_02_15_MART_WRIG1008_42.WAV,6,crepe,1779.6544067833875,219.6633493644926,219.6633493644926,1.0,-0.494772539533497,0.25,25
monk_parakeets,monk_parakeets/pre-processed_calls/2011_02_15_PLEA_WRIG1012_1.WAV,0,crepe,1726.3516816913425,98.25643304757946,98.25643304757946,1.0,0.7096481131830334,0.74,74
monk_parakeets,monk_parakeets/pre-processed_calls/2011_02_15_PLEA_WRIG1012_1.WAV,2,crepe,1726.3516816913425,129.22909456866108,129.22909456866108,1.0,0.7277270155200611,0.98,98
monk_parakeets,monk_parakeets/pre-processed_calls/2011_02_15_PLEA_WRIG1012_1.WAV,4,crepe,1726.3516816913425,272.72640547942854,272.72640547942854,1.0,0.19862673105335965,0.26,26
monk_parakeets,monk_parakeets/pre-processed_calls/2011_02_15_PLEA_WRIG1012_1.WAV,6,crepe,1726.3516816913425,835.6850331192225,364.3149668807775,0.0,,0.01,1
monk_parakeets,monk_parakeets/pre-processed_calls/2011_02_15_PLEA_WRIG1012_3.WAV,0,crepe,1775.248268548365,91.95252980948821,91.95252980948821,1.0,0.5116828744170113,0.27,27
monk_parakeets,monk_parakeets/pre-processed_calls/2011_02_15_PLEA_WRIG1012_3.WAV,2,crepe,1775.248268548365,386.8630779529405,113.70597702685798,1.0,-0.3689961967218756,0.83,83
monk_parakeets,monk_parakeets/pre-processed_calls/2011_02_15_PLEA_WRIG1012_3.WAV,4,crepe,1775.248268548365,913.8431909927158,286.1568090072843,0.0,,0.01,1
monk_parakeets,monk_parakeets/pre-processed_calls/2011_02_15_SOFT_WRIG1017_1.WAV,0,crepe,1841.5782219122475,82.70201760048711,82.70201760048711,1.0,0.7829667371362984,0.69,69
monk_parakeets,monk_parakeets/pre-processed_calls/2011_02_15_SOFT_WRIG1017_1.WAV,2,crepe,1841.5782219122475,145.17372284425,82.4229029645389,1.0,0.3906474123848053,0.88,88
monk_parakeets,monk_parakeets/pre-processed_calls/2011_02_15_SOFT_WRIG1017_1.WAV,4,crepe,1841.5782219122475,1099.0351426416669,100.96485735833312,0.0,,0.02,2
monk_parakeets,monk_parakeets/pre-processed_calls/2011_02_15_SOFT_WRIG1018_19.WAV,0,crepe,1822.5,104.3686739070297,104.3686739070297,1.0,0.886841590647285,0.79,79
monk_parakeets,monk_parakeets/pre-processed_calls/2011_02_15_SOFT_WRIG1018_19.WAV,2,crepe,1822.5,379.6525018380192,235.90953279117855,1.0,0.12823538843332444,1.0,100
monk_parakeets,monk_parakeets/pre-processed_calls/2011_02_15_SOFT_WRIG1018_19.WAV,4,crepe,1822.5,39.57225189502095,39.57225189502095,1.0,-0.6878156085940932,0.04,4
monk_parakeets,monk_parakeets/pre-processed_calls/2011_02_18_LAKE_WRIG1035_2.WAV,0,crepe,1942.24625415585,183.13117413903657,183.13117413903657,1.0,0.8570404702813645,1.0,100
monk_parakeets,monk_parakeets/pre-processed_calls/2011_02_18_LAKE_WRIG1035_2.WAV,2,crepe,1942.24625415585,383.77605231321337,267.012509348227,1.0,0.6186894256560752,0.95,95
monk_parakeets,monk_parakeets/pre-processed_calls/2011_02_18_LAKE_WRIG1035_2.WAV,4,crepe,1942.24625415585,1048.8050993990303,97.5930543321912,0.0,-0.8844215679756333,0.18,18
monk_parakeets,monk_parakeets/pre-processed_calls/2011_02_18_LAKE_WRIG1039_10.WAV,0,crepe,2276.7864000000004,226.16662026446258,136.38312476273546,1.0,0.6036766126367945,0.73,73
monk_parakeets,monk_parakeets/pre-processed_calls/2011_02_18_LAKE_WRIG1039_10.WAV,2,crepe,2276.7864000000004,72.13105034267578,72.13105034267578,1.0,0.5942120215357299,0.24,24
monk_parakeets,monk_parakeets/pre-processed_calls/2011_02_18_LAKE_WRIG1039_10.WAV,4,crepe,2276.7864000000004,990.8781916078634,209.12180839213656,0.0,0.5014508875094675,0.37,37
monk_parakeets,monk_parakeets/pre-processed_calls/2011_02_18_ROBE_WRIG1045_28.WAV,0,crepe,1932.125164119035,710.5391306616068,136.58027996474092,0.0,0.2869516578322581,1.0,100
monk_parakeets,monk_parakeets/pre-processed_calls/2011_02_18_ROBE_WRIG1045_28.WAV,2,crepe,1932.125164119035,152.98041301251587,152.98041301251587,1.0,0.3860153366978786,0.82,82
monk_parakeets,monk_parakeets/pre-processed_calls/2011_02_18_ROBE_WRIG1045_28.WAV,4,crepe,1932.125164119035,231.95911867835164,231.95911867835164,1.0,-0.11616864183209474,0.19,19
monk_parakeets,monk_parakeets/pre-processed_calls/2011_02_18_ROBE_WRIG1047_12.WAV,0,crepe,2002.972794376755,151.50525728328367,118.0850520642314,1.0,0.4992026942570501,0.82,82
monk_parakeets,monk_parakeets/pre-processed_calls/2011_02_18_ROBE_WRIG1047_12.WAV,2,crepe,2002.972794376755,242.13475607648334,242.13475607648334,1.0,0.2672404893693153,0.48,48
monk_parakeets,monk_parakeets/pre-processed_calls/2011_02_18_ROBE_WRIG1047_12.WAV,4,crepe,2002.972794376755,193.24962731489154,193.24962731489154,1.0,-0.4645103089308875,0.24,24
monk_parakeets,monk_parakeets/pre-processed_calls/2011_02_18_ROBE_WRIG1048_1.WAV,0,crepe,2033.3360644872048,97.61633549907039,97.61633549907039,1.0,0.7116527314794667,0.75,75
monk_parakeets,monk_parakeets/pre-processed_calls/2011_02_18_ROBE_WRIG1048_1.WAV,2,crepe,2033.3360644872048,327.4082503781349,168.33447497001475,1.0,0.48684283030586784,0.93,93
monk_parakeets,monk_parakeets/pre-processed_calls/2011_02_18_ROBE_WRIG1048_3.WAV,0,crepe,2035.81234575,87.23989614327394,70.64711072012858,1.0,0.6528673842177024,0.79,79
monk_parakeets,monk_parakeets/pre-processed_calls/2011_02_18_ROBE_WRIG1048_3.WAV,2,crepe,2035.81234575,241.40624485769982,241.40624485769982,1.0,-0.07915139085764475,0.77,77
monk_parakeets,monk_parakeets/pre-processed_calls/2011_02_18_ROBE_WRIG1048_3.WAV,4,crepe,2035.81234575,273.47665419625645,273.47665419625645,1.0,0.8514118151593231,0.12,12
monk_parakeets,monk_parakeets/pre-processed_calls/2017_05_21_PLVE_1005_2.WAV,0,crepe,1989.9863971883774,188.86439917150793,188.86439917150793,1.0,0.378487870606197,0.66,66
monk_parakeets,monk_parakeets/pre-processed_calls/2017_05_21_PLVE_1005_2.WAV,2,crepe,1989.9863971883774,250.00003812086408,250.00003812086408,1.0,0.4812413743692385,0.76,76
monk_parakeets,monk_parakeets/pre-processed_calls/2017_05_21_PLVE_1005_2.WAV,4,crepe,1989.9863971883774,376.64847962824,262.71104168863565,1.0,0.4963475904450909,0.96,96
monk_parakeets,monk_parakeets/pre-processed_calls/2017_05_21_PLVE_1005_6.WAV,0,crepe,2039.4180322436023,219.42599536249216,186.4112502610149,1.0,0.6519454479749787,0.88,88
monk_parakeets,monk_parakeets/pre-processed_calls/2017_05_21_PLVE_1005_6.WAV,2,crepe,2039.4180322436023,226.92881540825258,199.5610655955769,1.0,0.5654786231328756,0.8,80
monk_parakeets,monk_parakeets/pre-processed_calls/2017_05_21_PLVE_1005_6.WAV,4,crepe,2039.4180322436023,340.33873003892637,203.91171622053406,1.0,0.7206595768275242,0.78,78
monk_parakeets,monk_parakeets/pre-processed_calls/2017_07_11_INES-04_MZ000149_1.WAV,0,crepe,1540.83861225,115.65972757226626,115.65972757226626,1.0,0.8434479005389274,0.98,98
monk_parakeets,monk_parakeets/pre-processed_calls/2017_07_11_INES-04_MZ000149_1.WAV,2,crepe,1540.83861225,217.0894189860266,199.52665660939135,1.0,0.26117123542193244,0.81,81
monk_parakeets,monk_parakeets/pre-processed_calls/2017_07_11_INES-04_MZ000149_1.WAV,4,crepe,1540.83861225,83.37568761632346,83.37568761632346,1.0,,0.03,3
monk_parakeets,monk_parakeets/pre-processed_calls/2017_07_11_INES-04_MZ000149_1.WAV,6,crepe,1540.83861225,567.7835355260827,567.7835355260827,1.0,,0.02,2
monk_parakeets,monk_parakeets/pre-processed_calls/2017_07_11_INES-04_MZ000152_1.WAV,0,crepe,1601.4769615,171.32619514419383,171.32619514419383,1.0,0.7435112843344914,0.85,85
monk_parakeets,monk_parakeets/pre-processed_calls/2017_07_11_INES-04_MZ000152_1.WAV,2,crepe,1601.4769615,388.94557142813443,264.38090297132493,1.0,0.06665472422599286,1.0,100
monk_parakeets,monk_parakeets/pre-processed_calls/2017_07_11_INES-04_MZ000152_1.WAV,4,crepe,1601.4769615,140.5845226017163,140.5845226017163,1.0,,0.02,2
monk_parakeets,monk_parakeets/pre-processed_calls/2017_07_11_INES-04_MZ000152_1.WAV,6,crepe,1601.4769615,430.330127573456,367.42412612631745,1.0,-0.28358423640542785,0.76,76
monk_parakeets,monk_parakeets/pre-processed_calls/2017_07_13_INES-08_1101_3.WAV,0,crepe,1286.8389335,158.25744031560703,158.25744031560703,1.0,0.5921814682984302,0.96,96
monk_parakeets,monk_parakeets/pre-processed_calls/2017_07_13_INES-08_1101_3.WAV,2,crepe,1286.8389335,714.3637867461334,270.91571102631997,0.0,-0.43172609105779064,0.88,88
monk_parakeets,monk_parakeets/pre-processed_calls/2017_07_13_INES-08_1101_3.WAV,4,crepe,1286.8389335,2613.4932291515456,215.99479353520132,0.0,0.28969775250611635,0.66,66
monk_parakeets,monk_parakeets/pre-processed_calls/2017_07_13_INES-08_1101_3.WAV,6,crepe,1286.8389335,261.1415351271454,261.1415351271454,1.0,0.798967977947791,0.21,21
monk_parakeets,monk_parakeets/pre-processed_calls/2017_07_17_EMBR_INDIV-RAW_MZ000199_1.WAV,0,crepe,1755.7614175,152.39594347262346,152.39594347262346,1.0,0.763801412178023,0.91,91
monk_parakeets,monk_parakeets/pre-processed_calls/2017_07_17_EMBR_INDIV-RAW_MZ000199_1.WAV,2,crepe,1755.7614175,240.78135179476234,193.6558015245709,1.0,0.18911732643344004,0.91,91
monk_parakeets,monk_parakeets/pre-processed_calls/2017_07_17_EMBR_INDIV-RAW_MZ000199_1.WAV,4,crepe,1755.7614175,882.5060729515617,179.36415149156215,0.0,-0.768644381753612,0.28,28
monk_parakeets,monk_parakeets/pre-processed_calls/2017_07_17_EMBR_INDIV-RAW_MZ000199_1.WAV,6,crepe,1755.7614175,1349.1315425402827,149.1315425402826,0.0,-0.18191295707000482,0.03,3
monk_parakeets,monk_parakeets/pre-processed_calls/2017_07_17_EMBR_INDIV-RAW_MZ000202_1.WAV,0,crepe,1853.2676768938375,219.27845759337578,219.27845759337578,1.0,0.7671262339881497,0.89,89
monk_parakeets,monk_parakeets/pre-processed_calls/2017_07_17_EMBR_INDIV-RAW_MZ000202_1.WAV,2,crepe,1853.2676768938375,187.4280972115189,182.4537486786149,1.0,0.5508343900554109,0.87,87
monk_parakeets,monk_parakeets/pre-processed_calls/2017_07_17_EMBR_INDIV-RAW_MZ000202_1.WAV,4,crepe,1853.2676768938375,219.03201120250588,219.03201120250588,1.0,-0.12780682203542845,0.23,23
monk_parakeets,monk_parakeets/pre-processed_calls/2017_07_17_EMBR_INDIV-RAW_MZ000202_1.WAV,6,crepe,1853.2676768938375,425.96964640412057,340.61296810413387,1.0,-0.09386747556380468,0.56,56
monk_parakeets,monk_parakeets/pre-processed_calls/2017_07_21_EMBR_INDIV-ZW8_MZ000261_1.WAV,0,crepe,1618.99235975,399.60307908484214,202.60898341874702,1.0,0.4989626130929722,0.8,80
monk_parakeets,monk_parakeets/pre-processed_calls/2017_07_21_EMBR_INDIV-ZW8_MZ000261_1.WAV,2,crepe,1618.99235975,500.02131739055733,249.4147865951855,1.0,0.12565647916187567,1.0,100
monk_parakeets,monk_parakeets/pre-processed_calls/2017_07_21_EMBR_INDIV-ZW8_MZ000263_1.WAV,0,crepe,1755.76141775,162.98626368785636,144.18701757290916,1.0,0.6329750010852857,1.0,100
monk_parakeets,monk_parakeets/pre-processed_calls/2017_07_21_EMBR_INDIV-ZW8_MZ000263_1.WAV,2,crepe,1755.76141775,406.63177987541513,158.1919144783113,1.0,0.42569682059564945,0.9,90
monk_parakeets,monk_parakeets/pre-processed_calls/2017_07_21_EMBR_INDIV-ZW8_MZ000263_1.WAV,4,crepe,1755.76141775,659.9565490565042,122.79881045628512,1.0,-0.97529014266151,0.25,25
monk_parakeets,monk_parakeets/pre-processed_calls/2017_07_24_1145-01_INDIV-UNMARKED-BIRD2_MZ000284_10.WAV,0,crepe,1824.983207,127.02035143775254,127.02035143775254,1.0,0.667520950630339,0.92,92
monk_parakeets,monk_parakeets/pre-processed_calls/2017_07_24_1145-01_INDIV-UNMARKED-BIRD2_MZ000284_10.WAV,2,crepe,1824.983207,245.89173301042638,160.22935173895556,1.0,0.01957085622848839,0.8,80
monk_parakeets,monk_parakeets/pre-processed_calls/2017_07_24_1145-01_INDIV-UNMARKED-BIRD2_MZ000284_10.WAV,4,crepe,1824.983207,293.4341470938246,267.4856372913869,1.0,0.0324438326458319,0.28,28
monk_parakeets,monk_parakeets/pre-processed_calls/2017_07_24_1145-01_INDIV-UNMARKED-BIRD2_MZ000284_16.WAV,0,crepe,1805.6115386588176,173.46474868715023,173.46474868715023,1.0,0.6132309566973384,0.84,84
monk_parakeets,monk_parakeets/pre-processed_calls/2017_07_24_1145-01_INDIV-UNMARKED-BIRD2_MZ000284_16.WAV,2,crepe,1805.6115386588176,369.05450254059053,157.63298572129042,1.0,0.06915997422813566,0.76,76
monk_parakeets,monk_parakeets/pre-processed_calls/2017_07_24_1145-01_INDIV-UNMARKED-BIRD2_MZ000284_16.WAV,4,crepe,1805.6115386588176,347.1372781514493,347.1372781514493,1.0,-0.017956453319196986,0.23,23
monk_parakeets,monk_parakeets/pre-processed_calls/2017_07_24_1145-01_INDIV-UNMARKED-BIRD2_MZ000284_16.WAV,6,crepe,1805.6115386588176,289.8320051793179,289.8320051793179,1.0,-0.37869192215803243,0.23,23
monk_parakeets,monk_parakeets/pre-processed_calls/2017_07_24_1145-01_INDIV-UNMARKED-BIRD3_MZ000289_3.WAV,0,crepe,2017.9942171147425,1004.6179992275929,175.63865773724393,0.0,-0.6019719460121568,0.96,96
monk_parakeets,monk_parakeets/pre-processed_calls/2017_07_24_1145-01_INDIV-UNMARKED-BIRD3_MZ000289_3.WAV,2,crepe,2017.9942171147425,137.88018212717438,137.88018212717438,1.0,0.6263542137514615,0.78,78
monk_parakeets,monk_parakeets/pre-processed_calls/2017_07_24_1145-01_INDIV-UNMARKED-BIRD3_MZ000289_3.WAV,4,crepe,2017.9942171147425,141.6156405425226,141.6156405425226,1.0,0.39486577850826116,0.17,17
monk_parakeets,monk_parakeets/pre-processed_calls/2017_07_24_1145-01_INDIV-UNMARKED-BIRD3_MZ000289_5.WAV,0,crepe,2022.78672125,88.04827435628386,88.04827435628386,1.0,0.4326201502757385,0.19,19
monk_parakeets,monk_parakeets/pre-processed_calls/2017_07_24_1145-01_INDIV-UNMARKED-BIRD3_MZ000289_5.WAV,2,crepe,2022.78672125,207.6036159824098,207.6036159824098,1.0,0.4276153888463156,0.78,78
monk_parakeets,monk_parakeets/pre-processed_calls/2017_07_24_1145-01_INDIV-UNMARKED-BIRD3_MZ000289_5.WAV,4,crepe,2022.78672125,208.06619922754973,208.06619922754973,1.0,0.15608014973668932,0.39,39
monk_parakeets,monk_parakeets/pre-processed_calls/2017_07_24_1145-01_INDIV-UNMARKED-BIRD3_MZ000289_7.WAV,0,crepe,1896.7013489901724,207.38333745189482,207.38333745189482,1.0,-0.20467520455257107,0.51,51
monk_parakeets,monk_parakeets/pre-processed_calls/2017_07_24_1145-01_INDIV-UNMARKED-BIRD3_MZ000289_7.WAV,2,crepe,1896.7013489901724,282.48107624786553,164.47144800757013,1.0,0.0951868829583679,0.87,87
monk_parakeets,monk_parakeets/pre-processed_calls/2017_07_24_1145-01_INDIV-UNMARKED-BIRD3_MZ000289_7.WAV,4,crepe,1896.7013489901724,2.1747673367184723,2.1747673367184723,1.0,,0.02,2
monk_parakeets,monk_parakeets/pre-processed_calls/2017_07_24_1145-01_INDIV-UNMARKED-BIRD3_MZ000289_7.WAV,6,crepe,1896.7013489901724,109.24755457739798,109.24755457739798,1.0,0.3087824054021084,0.12,12
monk_parakeets,monk_parakeets/pre-processed_calls/2017_07_26_1145-02_INDIV-UNMARKED-BIRD4_MZ000321_12.WAV,0,crepe,1466.55502242544,487.58025974451823,155.8184602275731,1.0,0.5920226083987328,0.73,73
monk_parakeets,monk_parakeets/pre-processed_calls/2017_07_26_1145-02_INDIV-UNMARKED-BIRD4_MZ000321_12.WAV,2,crepe,1466.55502242544,384.5253864256556,229.72850757078004,1.0,0.29844117732303355,0.91,91
monk_parakeets,monk_parakeets/pre-processed_calls/2017_07_26_1145-02_INDIV-UNMARKED-BIRD4_MZ000321_12.WAV,4,crepe,1466.55502242544,343.27678565270116,343.27678565270116,1.0,0.4432665247002454,0.3,30
monk_parakeets,monk_parakeets/pre-processed_calls/2017_07_26_1145-02_INDIV-UNMARKED-BIRD4_MZ000321_6.WAV,0,crepe,1882.3164212358824,780.6448932896682,328.38853245684425,0.0,-0.005873784267606699,0.72,72
monk_parakeets,monk_parakeets/pre-processed_calls/2017_07_26_1145-02_INDIV-UNMARKED-BIRD4_MZ000321_6.WAV,2,crepe,1882.3164212358824,271.8918769115031,271.8918769115031,1.0,0.6265692613430804,0.68,68
monk_parakeets,monk_parakeets/pre-processed_calls/2017_07_28_1145-01_INDIV-UNMARKED-BIRD1_1192_6.WAV,0,crepe,2201.38675253814,130.7162476344281,130.7162476344281,1.0,0.2587134899520581,0.58,58
monk_parakeets,monk_parakeets/pre-processed_calls/2017_07_28_1145-01_INDIV-UNMARKED-BIRD1_1192_6.WAV,2,crepe,2201.38675253814,123.87719356560616,114.8207037329249,1.0,0.12703942549684047,0.58,58
monk_parakeets,monk_parakeets/pre-processed_calls/2017_07_28_1145-01_INDIV-UNMARKED-BIRD1_1192_6.WAV,4,crepe,2201.38675253814,1145.995897806613,77.92482024297404,0.0,0.7022750623581275,0.14,14
monk_parakeets,monk_parakeets/pre-processed_calls/2017_07_28_1145-01_INDIV-UNMARKED-BIRD1_1193_22.WAV,0,crepe,2192.1198402500004,1712.9462255512835,173.9889277133181,0.0,-0.09121072281688325,0.97,97
monk_parakeets,monk_parakeets/pre-processed_calls/2017_07_28_1145-01_INDIV-UNMARKED-BIRD1_1193_22.WAV,2,crepe,2192.1198402500004,245.48183240281253,245.48183240281253,1.0,-0.08992124869417042,0.7,70
monk_parakeets,monk_parakeets/pre-processed_calls/2017_07_28_1145-01_INDIV-UNMARKED-BIRD1_1193_22.WAV,4,crepe,2192.1198402500004,264.3380255276288,264.3380255276288,1.0,0.6909518281096695,0.23,23
monk_parakeets,monk_parakeets/pre-processed_calls/2017_07_29_1145-02_INDIV-AAT_1224_4.WAV,0,crepe,1422.9747861206752,99.96677019725684,99.96677019725684,1.0,0.7303283998716538,1.0,100
monk_parakeets,monk_parakeets/pre-processed_calls/2017_07_29_1145-02_INDIV-AAT_1224_4.WAV,2,crepe,1422.9747861206752,621.5939438903557,272.24479659671863,0.0,-0.36750928855357295,1.0,100
monk_parakeets,monk_parakeets/pre-processed_calls/2017_07_29_1145-02_INDIV-AAT_1224_4.WAV,4,crepe,1422.9747861206752,31.3488799963989,31.3488799963989,1.0,0.1859262627618031,0.06,6
monk_parakeets,monk_parakeets/pre-processed_calls/2017_07_29_1145-02_INDIV-AAT_1224_4.WAV,6,crepe,1422.9747861206752,204.20230926282986,204.20230926282986,1.0,-0.1338724071996959,0.59,59
monk_parakeets,monk_parakeets/pre-processed_calls/2017_07_29_1145-02_INDIV-AAT_MZ000343_3.WAV,0,crepe,1456.43393238862,141.3509327029537,141.3509327029537,1.0,0.7722196948638335,0.67,67
monk_parakeets,monk_parakeets/pre-processed_calls/2017_07_29_1145-02_INDIV-AAT_MZ000343_3.WAV,2,crepe,1456.43393238862,610.3006073034651,243.6178415649776,0.0,-0.06137546361745235,1.0,100
monk_parakeets,monk_parakeets/pre-processed_calls/2017_07_29_1145-02_INDIV-AAT_MZ000343_3.WAV,4,crepe,1456.43393238862,197.42640321463642,197.42640321463642,1.0,-0.30485532712167984,0.33,33
monk_parakeets,monk_parakeets/pre-processed_calls/2017_07_29_1145-02_INDIV-AAT_MZ000343_3.WAV,6,crepe,1456.43393238862,297.88487378580373,297.88487378580373,1.0,0.8602513277922418,0.07,7
monk_parakeets,monk_parakeets/pre-processed_calls/2017_08_21_CHAC_INDIV-UNMARKED-BIRD5_1242_3.WAV,0,crepe,1790.42990360359,580.2128049364239,278.8371330831505,1.0,0.18078562540255344,0.99,99
monk_parakeets,monk_parakeets/pre-processed_calls/2017_08_21_CHAC_INDIV-UNMARKED-BIRD5_1242_3.WAV,2,crepe,1790.42990360359,1424.879276413256,70.40144618508549,0.0,0.4882097040671624,0.59,59
monk_parakeets,monk_parakeets/pre-processed_calls/2017_08_21_CHAC_INDIV-UNMARKED-BIRD5_1242_3.WAV,4,crepe,1790.42990360359,220.07303120010863,220.07303120010863,1.0,-0.30531433103861766,0.13,13
monk_parakeets,monk_parakeets/pre-processed_calls/2017_08_21_CHAC_INDIV-UNMARKED-BIRD5_1242_6.WAV,0,crepe,1861.2775338613096,546.0932043000082,206.38777724140783,1.0,-0.3853585465109445,0.84,84
monk_parakeets,monk_parakeets/pre-processed_calls/2017_08_21_CHAC_INDIV-UNMARKED-BIRD5_1242_6.WAV,2,crepe,1861.2775338613096,1577.1394581459613,121.05418923379922,0.0,0.38960746770708216,0.76,76
monk_parakeets,monk_parakeets/pre-processed_calls/2017_08_21_CHAC_INDIV-UNMARKED-BIRD5_1242_6.WAV,6,crepe,1861.2775338613096,392.9105430256661,392.9105430256661,1.0,,0.01,1
monk_parakeets,monk_parakeets/pre-processed_calls/2017_09_03_INBR_1261_1.WAV,0,crepe,1469.32861719431,574.5713572487421,231.6498975968605,1.0,0.5796016441691408,0.73,73
monk_parakeets,monk_parakeets/pre-processed_calls/2017_09_03_INBR_1261_1.WAV,2,crepe,1469.32861719431,545.4431836527706,236.60932138652905,1.0,0.2092190148066923,1.0,100
monk_parakeets,monk_parakeets/pre-processed_calls/2017_09_03_INBR_1261_1.WAV,4,crepe,1469.32861719431,276.93550014989745,274.449739250672,1.0,-0.3035561956135764,0.25,25
monk_parakeets,monk_parakeets/pre-processed_calls/2017_09_03_INBR_1261_1.WAV,6,crepe,1469.32861719431,470.8665700493284,234.97522224729988,1.0,-0.07412017390953891,0.72,72
monk_parakeets,monk_parakeets/pre-processed_calls/2017_09_03_INBR_1269_6.WAV,0,crepe,2063.699334597658,77.62638246994196,77.62638246994196,1.0,0.45372029975859635,0.74,74
monk_parakeets,monk_parakeets/pre-processed_calls/2017_09_03_INBR_1269_6.WAV,2,crepe,2063.699334597658,140.28484132297123,90.70425024060245,1.0,0.024447865202618678,0.72,72
monk_parakeets,monk_parakeets/pre-processed_calls/2017_09_03_INBR_1269_6.WAV,4,crepe,2063.699334597658,182.8219771924193,182.8219771924193,1.0,0.5811630201183722,0.2,20
monk_parakeets,monk_parakeets/pre-processed_calls/2017_09_05_FAGR_1297_3.WAV,0,crepe,1916.9435290638075,104.21214509924515,104.21214509924515,1.0,0.352615035020055,0.69,69
monk_parakeets,monk_parakeets/pre-processed_calls/2017_09_05_FAGR_1297_3.WAV,2,crepe,1916.9435290638075,146.74077420185165,128.90617178968344,1.0,0.5408536104098443,0.81,81
monk_parakeets,monk_parakeets/pre-processed_calls/2017_09_05_FAGR_1297_3.WAV,4,crepe,1916.9435290638075,647.276595606979,143.47503884940636,1.0,-0.26428627948034844,0.22,22
monk_parakeets,monk_parakeets/pre-processed_calls/2017_09_05_FAGR_1297_3.WAV,6,crepe,1916.9435290638075,33.069592061680325,33.069592061680325,1.0,,0.02,2
monk_parakeets,monk_parakeets/pre-processed_calls/2017_09_05_FAGR_1301_3.WAV,0,crepe,2191.63675253814,70.2426968882443,70.2426968882443,1.0,0.634961617677674,0.82,82
monk_parakeets,monk_parakeets/pre-processed_calls/2017_09_05_FAGR_1301_3.WAV,2,crepe,2191.63675253814,128.56645943202614,123.45317213327971,1.0,0.6072738415304075,0.68,68
monk_parakeets,monk_parakeets/pre-processed_calls/2017_09_05_FAGR_1301_3.WAV,4,crepe,2191.63675253814,430.82201890857755,399.39758654161676,1.0,-0.3489344590750986,0.36,36
monk_parakeets,monk_parakeets/pre-processed_calls/2017_09_13_ELTE_1399_6.WAV,0,crepe,1825.8537187324525,119.25565204790041,116.00900608949695,1.0,0.8395372699844187,0.92,92
monk_parakeets,monk_parakeets/pre-processed_calls/2017_09_13_ELTE_1399_6.WAV,2,crepe,1825.8537187324525,217.28411094059402,184.91554668644164,1.0,0.6324292078117763,0.75,75
monk_parakeets,monk_parakeets/pre-processed_calls/2017_09_13_ELTE_1399_6.WAV,4,crepe,1825.8537187324525,118.04093112727725,118.04093112727725,1.0,0.3458098283536907,0.24,24
monk_parakeets,monk_parakeets/pre-processed_calls/2017_09_13_QUEB_1417_5.WAV,0,crepe,1423.0351878706751,65.61530152079044,65.61530152079044,1.0,0.8987393246551952,0.89,89
monk_parakeets,monk_parakeets/pre-processed_calls/2017_09_13_QUEB_1417_5.WAV,2,crepe,1423.0351878706751,580.77841119712,313.7413479042235,1.0,0.18254887670762018,1.0,100
monk_parakeets,monk_parakeets/pre-processed_calls/2017_09_13_QUEB_1417_5.WAV,4,crepe,1423.0351878706751,547.5140852846866,210.4650606143625,1.0,0.5635260280229049,0.73,73
monk_parakeets,monk_parakeets/pre-processed_calls/2017_09_13_QUEB_1417_5.WAV,6,crepe,1423.0351878706751,863.8620068812982,329.09913958797097,0.0,0.503590707020499,0.38,38
monk_parakeets,monk_parakeets/pre-processed_calls/2017_09_13_QUEB_1432_2.WAV,0,crepe,1755.00608847473,91.8057950731395,91.8057950731395,1.0,0.8860057037026777,0.76,76
monk_parakeets,monk_parakeets/pre-processed_calls/2017_09_13_QUEB_1432_2.WAV,2,crepe,1755.00608847473,121.58399409582114,121.58399409582114,1.0,0.5938873979235996,0.78,78
monk_parakeets,monk_parakeets/pre-processed_calls/2017_09_13_QUEB_1432_2.WAV,4,crepe,1755.00608847473,360.7930881265503,305.26164904091013,1.0,-0.6543650793753351,0.35,35
monk_parakeets,monk_parakeets/pre-processed_calls/2017_10_17_PAVO_1510_2.WAV,0,crepe,1770.187723529955,200.7985255183195,153.90783091025773,1.0,0.645689081135588,0.92,92
monk_parakeets,monk_parakeets/pre-processed_calls/2017_10_17_PAVO_1510_2.WAV,2,crepe,1770.187723529955,396.1705708037625,316.65185013766165,1.0,0.22408537597932093,0.81,81
monk_parakeets,monk_parakeets/pre-processed_calls/2017_10_17_PAVO_1510_2.WAV,4,crepe,1770.187723529955,534.6134626251371,225.95888899982523,1.0,-0.5717195979999401,0.34,34
monk_parakeets,monk_parakeets/pre-processed_calls/2017_10_17_PAVO_1522_2.WAV,0,crepe,1981.4160918831499,99.2153285477928,99.2153285477928,1.0,0.797429795450823,0.94,94
monk_parakeets,monk_parakeets/pre-processed_calls/2017_10_17_PAVO_1522_2.WAV,2,crepe,1981.4160918831499,188.6066934309816,182.16149407705134,1.0,0.12547891963747118,0.67,67
monk_parakeets,monk_parakeets/pre-processed_calls/2017_10_17_PAVO_1522_2.WAV,4,crepe,1981.4160918831499,401.0723527782751,253.42030500912603,1.0,-0.855830164442033,0.48,48
monk_parakeets,monk_parakeets/pre-processed_calls/2017_10_25_PIED_1563_2.WAV,0,crepe,1628.4924630145151,188.0833787604309,188.0833787604309,1.0,0.495055981012152,0.86,86
monk_parakeets,monk_parakeets/pre-processed_calls/2017_10_25_PIED_1563_2.WAV,2,crepe,1628.4924630145151,458.19797757506745,234.78751336150697,1.0,0.5431840945365816,1.0,100
monk_parakeets,monk_parakeets/pre-processed_calls/2017_10_25_PIED_1563_2.WAV,4,crepe,1628.4924630145151,221.53097295345418,203.8578427069256,1.0,-0.18785797853710012,0.53,53
monk_parakeets,monk_parakeets/pre-processed_calls/2017_10_25_PIED_1563_2.WAV,6,crepe,1628.4924630145151,227.78867746096762,227.78867746096762,1.0,0.1349021926616925,0.12,12
monk_parakeets,monk_parakeets/pre-processed_calls/2017_11_20_GOLF_1636_4.WAV,0,crepe,1638.5307965000002,457.57450741514594,144.99913969574453,1.0,0.3804763302850824,1.0,100
monk_parakeets,monk_parakeets/pre-processed_calls/2017_11_20_GOLF_1636_4.WAV,2,crepe,1638.5307965000002,488.8828523144668,141.61970552315222,1.0,0.5777522613466536,1.0,100
monk_parakeets,monk_parakeets/pre-processed_calls/2017_11_20_GOLF_1636_4.WAV,4,crepe,1638.5307965000002,1852.988397391176,48.96660347421145,0.0,-0.001280727016714297,0.04,4
monk_parakeets,monk_parakeets/pre-processed_calls/2017_11_20_GOLF_1636_4.WAV,6,crepe,1638.5307965000002,214.43722927822938,214.43722927822938,1.0,-0.5985578543890955,0.16,16
monk_parakeets,monk_parakeets/pre-processed_calls/2017_11_20_GOLF_1641_2.WAV,0,crepe,2321.7871305364974,142.77387232694363,142.77387232694363,1.0,0.8354774023660301,0.91,91
monk_parakeets,monk_parakeets/pre-processed_calls/2017_11_20_GOLF_1641_2.WAV,2,crepe,2321.7871305364974,124.94388467161119,124.94388467161119,1.0,0.6348147345390074,0.49,49
monk_parakeets,monk_parakeets/pre-processed_calls/2017_11_20_GOLF_1641_2.WAV,4,crepe,2321.7871305364974,929.9663990640113,270.0336009359888,0.0,-0.001511673695974161,0.29,29
monk_parakeets,monk_parakeets/pre-processed_calls/2019_03_10_ASCA_1001_4_17.WAV,0,crepe,1402.28477725,74.6862570042985,74.6862570042985,1.0,0.8162727769739905,0.75,75
monk_parakeets,monk_parakeets/pre-processed_calls/2019_03_10_ASCA_1001_4_17.WAV,2,crepe,1402.28477725,608.3117163053978,314.8254839674013,0.0,-0.1222791043294108,1.0,100
monk_parakeets,monk_parakeets/pre-processed_calls/2019_03_10_ASCA_1001_4_17.WAV,4,crepe,1402.28477725,1154.8886989915816,45.11130100841854,0.0,0.07203652077252956,0.05,5
monk_parakeets,monk_parakeets/pre-processed_calls/2019_03_10_ASCA_1001_5_123.WAV,0,crepe,1426.0706622781677,71.16776026014985,71.16776026014985,1.0,0.7909625258725913,0.75,75
monk_parakeets,monk_parakeets/pre-processed_calls/2019_03_10_ASCA_1001_5_123.WAV,2,crepe,1426.0706622781677,1817.9381110507916,156.17591518423075,0.0,-0.6960010014235603,0.86,86
monk_parakeets,monk_parakeets/pre-processed_calls/2019_03_10_ASCA_1001_5_123.WAV,4,crepe,1426.0706622781677,1175.1416502380123,140.44635288295189,0.0,0.49538103077348117,0.47,47
monk_parakeets,monk_parakeets/pre-processed_calls/2019_03_10_ASCA_1001_5_123.WAV,6,crepe,1426.0706622781677,1003.0145084920002,235.32564252064643,0.0,0.8511515455327207,0.53,53
monk_parakeets,monk_parakeets/pre-processed_calls/2019_08_06_ELEM_1035_7.WAV,0,crepe,1365.3441220572652,505.1016008376552,175.31641250202486,1.0,-0.5884809026873522,0.83,83
monk_parakeets,monk_parakeets/pre-processed_calls/2019_08_06_ELEM_1035_7.WAV,2,crepe,1365.3441220572652,646.399352137224,233.12176188254983,0.0,0.7295357135556578,1.0,100
monk_parakeets,monk_parakeets/pre-processed_calls/2019_08_06_ELEM_1035_7.WAV,4,crepe,1365.3441220572652,838.3936428288383,195.81101559702068,0.0,0.09067907672089998,0.59,59
monk_parakeets,monk_parakeets/pre-processed_calls/2019_08_06_ELEM_GSV1025_24.WAV,0,crepe,1673.2922468308925,129.1619707787173,129.1619707787173,1.0,0.687565364301878,0.69,69
monk_parakeets,monk_parakeets/pre-processed_calls/2019_08_06_ELEM_GSV1025_24.WAV,2,crepe,1673.2922468308925,463.7580040057187,241.79901602682997,1.0,-0.24502997019054693,1.0,100
monk_parakeets,monk_parakeets/pre-processed_calls/2019_08_06_ELEM_GSV1025_24.WAV,4,crepe,1673.2922468308925,726.8774918715833,250.11251038787648,0.0,-0.5194860578867131,0.7,70
monk_parakeets,monk_parakeets/pre-processed_calls/2019_08_06_ELEM_GSV1030_10.WAV,0,crepe,1608.87514147044,733.0466208538277,233.43407110104891,0.0,0.11787183574211983,0.85,85
monk_parakeets,monk_parakeets/pre-processed_calls/2019_08_06_ELEM_GSV1030_10.WAV,2,crepe,1608.87514147044,363.41814103268257,162.184180033629,1.0,0.5633614259485393,1.0,100
monk_parakeets,monk_parakeets/pre-processed_calls/2019_08_06_ELEM_GSV1030_10.WAV,4,crepe,1608.87514147044,473.2118302451085,388.95304565332566,1.0,0.07763502402562614,0.43,43
monk_parakeets,monk_parakeets/pre-processed_calls/2019_08_06_ELEM_GSV1030_10.WAV,6,crepe,1608.87514147044,241.7518940124143,231.19050679227598,1.0,-0.26957321044446825,0.42,42
monk_parakeets,monk_parakeets/pre-processed_calls/2019_08_06_ELEM_GSV1030_34.WAV,0,crepe,1930.2520370411075,1007.7967725775593,186.3747958366088,0.0,0.5006120380196575,0.99,99
monk_parakeets,monk_parakeets/pre-processed_calls/2019_08_06_ELEM_GSV1030_34.WAV,2,crepe,1930.2520370411075,101.69429318440038,101.69429318440038,1.0,0.48459627818135853,0.8,80
monk_parakeets,monk_parakeets/pre-processed_calls/2019_08_06_ELEM_GSV1030_34.WAV,4,crepe,1930.2520370411075,286.68017083678365,202.78609722116198,1.0,0.034899899638147165,0.5,50
monk_parakeets,monk_parakeets/pre-processed_calls/2019_08_06_ELEM_GSV1033_10.WAV,0,crepe,1704.4006382906423,180.50665437717652,168.9362340572539,1.0,0.6612375542419835,0.76,76
monk_parakeets,monk_parakeets/pre-processed_calls/2019_08_06_ELEM_GSV1033_10.WAV,2,crepe,1704.4006382906423,479.18246317692905,211.55217174280048,1.0,-0.1980241173888531,0.99,99
monk_parakeets,monk_parakeets/pre-processed_calls/2019_08_06_ELEM_GSV1033_10.WAV,4,crepe,1704.4006382906423,453.7658538972844,452.6042712672165,1.0,0.9182360429813379,0.08,8
monk_parakeets,monk_parakeets/pre-processed_calls/2019_08_06_ELEM_GSV1033_10.WAV,6,crepe,1704.4006382906423,72.86187696596423,72.86187696596423,1.0,,0.01,1
monk_parakeets,monk_parakeets/pre-processed_calls/2019_08_06_ELEM_GSV1033_6.WAV,0,crepe,2033.3360644872048,75.41130878353651,75.41130878353651,1.0,0.4573436143051111,0.65,65
monk_parakeets,monk_parakeets/pre-processed_calls/2019_08_06_ELEM_GSV1033_6.WAV,2,crepe,2033.3360644872048,91.87760942721714,91.87760942721714,1.0,0.4195474674104331,0.65,65
monk_parakeets,monk_parakeets/pre-processed_calls/2019_08_06_ELEM_GSV1033_6.WAV,4,crepe,2033.3360644872048,199.83118309863346,164.0917357787178,1.0,0.7806476611134207,0.46,46
monk_parakeets,monk_parakeets/pre-processed_calls/2019_08_06_ELEM_GSV1033_9.WAV,0,crepe,2063.69933459766,127.03418450795344,127.03418450795344,1.0,0.8502302760515144,0.92,92
monk_parakeets,monk_parakeets/pre-processed_calls/2019_08_06_ELEM_GSV1033_9.WAV,2,crepe,2063.69933459766,112.7710598884667,112.7710598884667,1.0,0.6466324156310379,0.87,87
monk_parakeets,monk_parakeets/pre-processed_calls/2019_08_06_ELEM_GSV1033_9.WAV,4,crepe,2063.69933459766,164.56962254012535,164.56962254012535,1.0,0.3725705894151781,0.68,68
monk_parakeets,monk_parakeets/pre-processed_calls/2019_08_07_AIRP_GSV1040_8_site_scale.WAV,0,crepe,1736.22298075,122.25811555745909,122.25811555745909,1.0,0.7866125955957394,0.78,78
monk_parakeets,monk_parakeets/pre-processed_calls/2019_08_07_AIRP_GSV1040_8_site_scale.WAV,2,crepe,1736.22298075,471.34493438601544,186.69241522855629,1.0,0.6107719784592925,1.0,100
monk_parakeets,monk_parakeets/pre-processed_calls/2019_08_07_AIRP_GSV1040_8_site_scale.WAV,4,crepe,1736.22298075,220.97194851915702,184.21536221831428,1.0,0.39816011199444445,0.36,36
monk_parakeets,monk_parakeets/pre-processed_calls/2019_08_08_INTR_1088_2.WAV,0,crepe,1650.367321544075,119.25520525808575,119.25520525808575,1.0,0.895722662198185,0.77,77
monk_parakeets,monk_parakeets/pre-processed_calls/2019_08_08_INTR_1088_2.WAV,2,crepe,1650.367321544075,539.6043177187332,272.0215134473643,1.0,0.13573035607349657,1.0,100
monk_parakeets,monk_parakeets/pre-processed_calls/2019_08_08_INTR_1088_2.WAV,4,crepe,1650.367321544075,78.73050945018562,78.73050945018562,1.0,0.8100158747577407,0.07,7
monk_parakeets,monk_parakeets/pre-processed_calls/2019_08_08_INTR_1091_6.WAV,0,crepe,1785.714951801795,656.982193684499,167.50659716494243,0.0,-0.1214619358768807,0.88,88
monk_parakeets,monk_parakeets/pre-processed_calls/2019_08_08_INTR_1091_6.WAV,2,crepe,1785.714951801795,169.96743930113277,94.276685528781,1.0,0.6181883014210127,0.95,95
monk_parakeets,monk_parakeets/pre-processed_calls/2019_08_08_INTR_1091_6.WAV,4,crepe,1785.714951801795,450.8475261067212,160.39101611420554,1.0,0.4824145779390907,0.69,69
monk_parakeets,monk_parakeets/pre-processed_calls/2019_08_08_INTR_1092_3.WAV,0,crepe,1841.035353787675,292.39185926628534,217.75402358935804,1.0,0.6844381660125798,0.78,78
monk_parakeets,monk_parakeets/pre-processed_calls/2019_08_08_INTR_1092_3.WAV,2,crepe,1841.035353787675,370.14093784357783,271.4632767237338,1.0,0.42961060396622147,0.72,72
monk_parakeets,monk_parakeets/pre-processed_calls/2019_08_08_INTR_1092_3.WAV,4,crepe,1841.035353787675,551.3800210307791,424.6340048836703,1.0,0.7793452091759819,0.3,30
monk_parakeets,monk_parakeets/pre-processed_calls/2019_08_08_INTR_1092_3.WAV,6,crepe,1841.035353787675,338.43297236855517,338.43297236855517,1.0,0.07144148169332742,0.19,19
monk_parakeets,monk_parakeets/pre-processed_calls/2019_08_08_INTR_GSV1056_1.WAV,0,crepe,1861.2775338613123,149.97699411895985,149.97699411895985,1.0,0.1980632233605509,0.44,44
monk_parakeets,monk_parakeets/pre-processed_calls/2019_08_08_INTR_GSV1056_1.WAV,2,crepe,1861.2775338613123,406.9472984071324,215.51515054253593,1.0,-0.20885648969538587,0.96,96
monk_parakeets,monk_parakeets/pre-processed_calls/2019_08_08_INTR_GSV1056_1.WAV,6,crepe,1861.2775338613123,85.0947548193462,85.0947548193462,1.0,-0.946006180949967,0.08,8
monk_parakeets,monk_parakeets/pre-processed_calls/2019_08_08_INTR_GSV1067_6.WAV,0,crepe,1781.81266675,155.62487376901205,155.62487376901205,1.0,0.7292293197235332,0.62,62
monk_parakeets,monk_parakeets/pre-processed_calls/2019_08_08_INTR_GSV1067_6.WAV,2,crepe,1781.81266675,407.1658277717298,206.47122331575986,1.0,-0.19040236010454023,0.97,97
monk_parakeets,monk_parakeets/pre-processed_calls/2019_08_09_FIEL_1124_21.WAV,0,crepe,1957.4278892110751,133.8853671163717,133.8853671163717,1.0,0.6872618810304817,0.81,81
monk_parakeets,monk_parakeets/pre-processed_calls/2019_08_09_FIEL_1124_21.WAV,2,crepe,1957.4278892110751,388.2157654219072,212.2874027441305,1.0,0.7792645222559464,0.95,95
monk_parakeets,monk_parakeets/pre-processed_calls/2019_08_09_FIEL_1124_21.WAV,4,crepe,1957.4278892110751,575.6509829078962,243.4159885997634,1.0,0.8617733887164414,0.26,26
monk_parakeets,monk_parakeets/pre-processed_calls/2019_08_09_FIEL_GSV1088_1.WAV,0,crepe,1908.13094700429,100.4337557433985,100.4337557433985,1.0,0.630940119130461,0.88,88
monk_parakeets,monk_parakeets/pre-processed_calls/2019_08_09_FIEL_GSV1088_1.WAV,2,crepe,1908.13094700429,319.36205641591755,105.1492548878939,1.0,0.24937557970485663,1.0,100
monk_parakeets,monk_parakeets/pre-processed_calls/2019_08_09_FIEL_GSV1088_1.WAV,4,crepe,1908.13094700429,898.6990961979536,150.08207357661996,1.0,-0.9589061504821571,0.23,23
monk_parakeets,monk_parakeets/pre-processed_calls/2019_08_09_FIEL_GSV1088_14.WAV,0,crepe,1532.34210766475,117.72910550994973,117.72910550994973,1.0,0.7213490756072868,0.64,64
monk_parakeets,monk_parakeets/pre-processed_calls/2019_08_09_FIEL_GSV1088_14.WAV,2,crepe,1532.34210766475,618.3051598804974,306.83816850422465,1.0,0.46162624384893897,0.95,95
monk_parakeets,monk_parakeets/pre-processed_calls/2019_08_09_FIEL_GSV1088_14.WAV,4,crepe,1532.34210766475,730.8807373792974,89.09421269212454,0.0,-0.9797798074434694,0.34,34
monk_parakeets,monk_parakeets/pre-processed_calls/2019_08_09_FIEL_GSV1088_14.WAV,6,crepe,1532.34210766475,998.0677990390182,279.0356474090829,0.0,0.15747624323401943,0.41,41
monk_parakeets,monk_parakeets/pre-processed_calls/2019_08_09_FIEL_GSV1088_17.WAV,0,crepe,1330.4483294734075,196.78641144518215,179.92177039564325,1.0,0.6391231730432841,0.75,75
monk_parakeets,monk_parakeets/pre-processed_calls/2019_08_09_FIEL_GSV1088_17.WAV,2,crepe,1330.4483294734075,692.50298927086,192.21568605717283,0.0,0.6086882659017088,0.93,93
monk_parakeets,monk_parakeets/pre-processed_calls/2019_08_09_FIEL_GSV1088_17.WAV,4,crepe,1330.4483294734075,109.04591543342045,70.03791283112159,1.0,0.6257838884479625,0.44,44
monk_parakeets,monk_parakeets/pre-processed_calls/2019_08_09_FIEL_GSV1088_17.WAV,6,crepe,1330.4483294734075,897.4739788826071,127.77621549802089,1.0,-0.6714577096503532,0.48,48
monk_parakeets,monk_parakeets/pre-processed_calls/2019_08_09_FIEL_GSV1088_7.WAV,0,crepe,1911.8829840453975,127.75825247191253,127.75825247191253,1.0,0.6726566134008373,0.88,88
monk_parakeets,monk_parakeets/pre-processed_calls/2019_08_09_FIEL_GSV1088_7.WAV,2,crepe,1911.8829840453975,134.14314925873617,134.14314925873617,1.0,0.5353364267178108,0.84,84
monk_parakeets,monk_parakeets/pre-processed_calls/2019_08_09_FIEL_GSV1088_9.WAV,0,crepe,1990.22312125,92.55598334237071,92.55598334237071,1.0,0.7375302693180804,0.93,93
monk_parakeets,monk_parakeets/pre-processed_calls/2019_08_09_FIEL_GSV1088_9.WAV,2,crepe,1990.22312125,132.2529143924114,94.65034243284069,1.0,0.29105354524251986,0.68,68
monk_parakeets,monk_parakeets/pre-processed_calls/2019_08_09_MANO_GSV1095_4.WAV,0,crepe,1802.7554363386125,568.7581209853406,163.5526714151335,1.0,0.03989212566951027,1.0,100
monk_parakeets,monk_parakeets/pre-processed_calls/2019_08_09_MANO_GSV1095_4.WAV,2,crepe,1802.7554363386125,497.95550172247596,162.67794255656815,1.0,0.3189301489918859,0.89,89
monk_parakeets,monk_parakeets/pre-processed_calls/2019_08_09_MANO_GSV1095_4.WAV,4,crepe,1802.7554363386125,164.67681400973427,164.67681400973427,1.0,0.26111618924654645,0.37,37
monk_parakeets,monk_parakeets/pre-processed_calls/2019_08_09_MANO_GSV1096_1.WAV,0,crepe,1893.89001900429,116.94243910893647,116.94243910893647,1.0,0.703967854994818,0.86,86
monk_parakeets,monk_parakeets/pre-processed_calls/2019_08_09_MANO_GSV1096_1.WAV,2,crepe,1893.89001900429,117.40720383169864,117.40720383169864,1.0,0.4252914059688684,0.7,70
monk_parakeets,monk_parakeets/pre-processed_calls/2019_08_09_MANO_GSV1096_1.WAV,4,crepe,1893.89001900429,277.3635618283034,277.3635618283034,1.0,-0.29223292626604214,0.46,46
monk_parakeets,monk_parakeets/pre-processed_calls/2019_08_10_MART_1144_7.WAV,0,crepe,1825.90214837543,98.5168741144818,98.5168741144818,1.0,0.7208922132081511,0.66,66
monk_parakeets,monk_parakeets/pre-processed_calls/2019_08_10_MART_1144_7.WAV,2,crepe,1825.90214837543,395.4568803535734,86.66343626209681,1.0,-0.034791122012945645,1.0,100
monk_parakeets,monk_parakeets/pre-processed_calls/2019_08_10_MART_1144_7.WAV,4,crepe,1825.90214837543,941.9113400371403,258.08865996285965,0.0,0.47950108972575795,0.09,9
monk_parakeets,monk_parakeets/pre-processed_calls/2019_08_10_MART_GSV1103_1.WAV,0,crepe,1671.09537825,94.45990914590442,94.45990914590442,1.0,0.5067288657641402,0.42,42
monk_parakeets,monk_parakeets/pre-processed_calls/2019_08_10_MART_GSV1103_1.WAV,2,crepe,1671.09537825,463.5581090864414,177.79147394680663,1.0,-0.21031200069750175,0.99,99
monk_parakeets,monk_parakeets/pre-processed_calls/2019_08_10_MART_GSV1103_1.WAV,4,crepe,1671.09537825,1203.8013906576675,100.37690263335604,0.0,0.8791950185901791,0.13,13
monk_parakeets,monk_parakeets/pre-processed_calls/SBD_Austin.1001.0217-2_resamp.WAV,0,crepe,1616.5,98.90534879833797,98.90534879833797,1.0,0.765652747811912,0.88,88
monk_parakeets,monk_parakeets/pre-processed_calls/SBD_Austin.1001.0217-2_resamp.WAV,2,crepe,1616.5,475.6679804275516,197.0687733552392,1.0,-0.05993500675938107,0.97,97
monk_parakeets,monk_parakeets/pre-processed_calls/SBD_Austin.1001.0217-2_resamp.WAV,4,crepe,1616.5,49.289175545477256,49.289175545477256,1.0,0.9703125807834917,0.09,9
monk_parakeets,monk_parakeets/pre-processed_calls/SBD_Austin.1001.0715_resamp.WAV,0,crepe,1405.52074575,372.86159869084065,72.97427784070176,1.0,0.056872619670207944,0.77,77
monk_parakeets,monk_parakeets/pre-processed_calls/SBD_Austin.1001.0715_resamp.WAV,2,crepe,1405.52074575,599.3044669278875,105.1104477507624,1.0,0.07348477983538332,0.96,96
monk_parakeets,monk_parakeets/pre-processed_calls/SBD_Austin.1001.0715_resamp.WAV,4,crepe,1405.52074575,611.4591050622577,151.1365968753055,0.0,0.36949416289287623,0.79,79
monk_parakeets,monk_parakeets/pre-processed_calls/SBD_Austin.1001.0715_resamp.WAV,6,crepe,1405.52074575,794.0315031215321,166.23357940086515,0.0,-0.6492786748980257,0.68,68
monk_parakeets,monk_parakeets/pre-processed_calls/SBD_Austin.1002.0180_resamp.WAV,0,crepe,1841.079044,158.93274879434932,100.04756274621988,1.0,0.472522853501115,0.94,94
monk_parakeets,monk_parakeets/pre-processed_calls/SBD_Austin.1002.0180_resamp.WAV,2,crepe,1841.079044,416.61501936431955,138.60057768920944,1.0,0.2520740349358783,0.76,76
monk_parakeets,monk_parakeets/pre-processed_calls/SBD_Austin.1009.0085_resamp.WAV,0,crepe,1737.7923008677099,401.84345603195584,117.1279258619136,1.0,0.14362310859422447,0.95,95
monk_parakeets,monk_parakeets/pre-processed_calls/SBD_Austin.1009.0085_resamp.WAV,2,crepe,1737.7923008677099,749.5220127826783,115.62557402111172,0.0,0.5350744342367486,0.83,83
monk_parakeets,monk_parakeets/pre-processed_calls/SBD_Austin.1009.0085_resamp.WAV,4,crepe,1737.7923008677099,853.6915136280467,162.0956521394978,0.0,0.34926494782272377,0.78,78
monk_parakeets,monk_parakeets/pre-processed_calls/SBD_Austin2.1013.0130_resamp.WAV,0,crepe,1724.6428183642774,512.5687522456143,146.337693123007,1.0,0.3013032067495776,0.89,89
monk_parakeets,monk_parakeets/pre-processed_calls/SBD_Austin2.1013.0130_resamp.WAV,2,crepe,1724.6428183642774,466.59523708742597,291.23506491564905,1.0,0.22233566707734811,0.96,96
monk_parakeets,monk_parakeets/pre-processed_calls/SBD_Austin2.1013.0130_resamp.WAV,4,crepe,1724.6428183642774,705.1599651524527,216.6388656228667,0.0,-0.5227666279272002,0.79,79
monk_parakeets,monk_parakeets/pre-processed_calls/SBD_Austin2.1026.0320_resamp.WAV,0,crepe,1699.3400932722375,848.2457361987321,193.98608709167274,0.0,-0.4274584211489096,0.77,77
monk_parakeets,monk_parakeets/pre-processed_calls/SBD_Austin2.1026.0320_resamp.WAV,2,crepe,1699.3400932722375,504.72445300334596,154.60924098575393,1.0,0.09566607660306377,0.94,94
monk_parakeets,monk_parakeets/pre-processed_calls/SBD_Austin2.1026.0320_resamp.WAV,4,crepe,1699.3400932722375,449.5994954491163,306.2331455138924,1.0,0.3943152675712293,0.17,17
monk_parakeets,monk_parakeets/pre-processed_calls/SBD_Connecticut.1004.1229_resamp.WAV,0,crepe,1451.3733873702126,345.2073401902123,160.846290495288,1.0,0.5397702493843103,0.93,93
monk_parakeets,monk_parakeets/pre-processed_calls/SBD_Connecticut.1004.1229_resamp.WAV,2,crepe,1451.3733873702126,175.3827997292004,175.3827997292004,1.0,0.49141859552957085,0.7,70
monk_parakeets,monk_parakeets/pre-processed_calls/SBD_Connecticut.1004.1229_resamp.WAV,4,crepe,1451.3733873702126,373.9077915754946,308.5600022936132,1.0,-0.48444599368746377,0.27,27
monk_parakeets,monk_parakeets/pre-processed_calls/SBD_Connecticut.1004.1229_resamp.WAV,6,crepe,1451.3733873702126,835.5977256767367,251.7688410083207,0.0,0.18107461597399713,0.24,24
monk_parakeets,monk_parakeets/pre-processed_calls/SBD_Miami.BaptistH1.1164_resamp.WAV,0,crepe,1932.125164119035,119.08885451833987,119.08885451833987,1.0,0.7692403319648232,0.79,79
monk_parakeets,monk_parakeets/pre-processed_calls/SBD_Miami.BaptistH1.1164_resamp.WAV,2,crepe,1932.125164119035,94.67062028649119,94.67062028649119,1.0,0.18914460281886272,0.64,64
monk_parakeets,monk_parakeets/pre-processed_calls/SBD_Miami.BaptistH1.1164_resamp.WAV,4,crepe,1932.125164119035,177.68108373251226,177.68108373251226,1.0,0.140943416822375,0.3,30
monk_parakeets,monk_parakeets/pre-processed_calls/SBD_Miami.BaptistH2.0702_resamp.WAV,0,crepe,1895.2870400000002,210.06412770814367,210.06412770814367,1.0,0.723052491981836,0.86,86
monk_parakeets,monk_parakeets/pre-processed_calls/SBD_Miami.BaptistH2.0702_resamp.WAV,2,crepe,1895.2870400000002,269.20274499466404,160.71680567066602,1.0,0.2512796555516745,0.96,96
monk_parakeets,monk_parakeets/pre-processed_calls/SBD_Miami.BaptistH2.0702_resamp.WAV,4,crepe,1895.2870400000002,163.63057646621291,163.63057646621291,1.0,0.028487799374243138,0.37,37
monk_parakeets,monk_parakeets/pre-processed_calls/SBD_NewOrleans.1005.0812_resamp.WAV,0,crepe,1800.5509936404073,234.13341618608263,234.13341618608263,1.0,0.833144350497555,0.82,82
monk_parakeets,monk_parakeets/pre-processed_calls/SBD_NewOrleans.1005.0812_resamp.WAV,2,crepe,1800.5509936404073,315.64388889927216,265.7048416967152,1.0,0.41543440107734275,0.68,68
monk_parakeets,monk_parakeets/pre-processed_calls/SBD_NewOrleans.1005.0812_resamp.WAV,4,crepe,1800.5509936404073,597.5306292720543,315.3646476443654,1.0,0.6482705976706188,0.43,43
monk_parakeets,monk_parakeets/pre-processed_calls/SBD_NewOrleans.1006.0003_resamp.WAV,0,crepe,1162.9223213209202,802.816717574893,205.53024495724222,0.0,0.14811711916152165,0.78,78
monk_parakeets,monk_parakeets/pre-processed_calls/SBD_NewOrleans.1006.0003_resamp.WAV,2,crepe,1162.9223213209202,1070.712942899298,129.2870571007021,0.0,0.25544830896291143,0.76,76
monk_parakeets,monk_parakeets/pre-processed_calls/SBD_NewOrleans.1006.0003_resamp.WAV,4,crepe,1162.9223213209202,2787.688546776442,387.68854677644185,0.0,0.11149152328892291,0.85,85
monk_parakeets,monk_parakeets/pre-processed_calls/SBD_NewOrleans.1006.0003_resamp.WAV,6,crepe,1162.9223213209202,1115.2148562487798,217.60332152039558,0.0,-0.4319711432526827,0.81,81
monk_parakeets,monk_parakeets/pre-processed_calls/SBD_NewOrleans.1008.0501_resamp.WAV,0,crepe,1642.056776525665,415.30930504637615,130.84622422505876,1.0,0.5838814151423638,0.84,84
monk_parakeets,monk_parakeets/pre-processed_calls/SBD_NewOrleans.1008.0501_resamp.WAV,2,crepe,1642.056776525665,527.794821023512,326.87530284832076,1.0,-0.4029493070042937,0.91,91
monk_parakeets,monk_parakeets/pre-processed_calls/SBD_NewOrleans.1008.0501_resamp.WAV,4,crepe,1642.056776525665,412.1867219925426,231.48299778235176,1.0,0.7897821904244936,0.4,40
monk_parakeets,monk_parakeets/pre-processed_calls/SBD_NewOrleans.1008.0501_resamp.WAV,6,crepe,1642.056776525665,429.3273631481193,429.3273631481193,1.0,,0.02,2
monk_parakeets,monk_parakeets/pre-processed_calls/SBD_NewOrleans.1012.0044_resamp.WAV,0,crepe,2033.3360644872048,198.2743440936208,168.91248643605272,1.0,0.6966445671784791,0.88,88
monk_parakeets,monk_parakeets/pre-processed_calls/SBD_NewOrleans.1012.0044_resamp.WAV,2,crepe,2033.3360644872048,437.35775164287554,251.22107215464416,1.0,0.4601523933008695,0.76,76
monk_parakeets,monk_parakeets/pre-processed_calls/SBD_NewOrleans.1012.0044_resamp.WAV,4,crepe,2033.3360644872048,329.83640053338553,204.25584696404272,1.0,0.12189956458171518,0.55,55
monk_parakeets,monk_parakeets/pre-processed_calls/SBD_NewOrleans.1013.0190_resamp.WAV,0,crepe,1653.5,213.72465751731394,213.72465751731394,1.0,0.632879344984167,0.89,89
monk_parakeets,monk_parakeets/pre-processed_calls/SBD_NewOrleans.1013.0190_resamp.WAV,2,crepe,1653.5,546.1560522211952,243.30548707331613,1.0,-0.009207394437657087,0.99,99
monk_parakeets,monk_parakeets/pre-processed_calls/SBD_NewOrleans.1013.0190_resamp.WAV,4,crepe,1653.5,881.306810940757,181.67603513696605,0.0,0.577111259530069,0.34,34
monk_parakeets,monk_parakeets/pre-processed_calls/SBD_NewOrleans.1017.0149_resamp.WAV,0,crepe,1652.25,103.98187248232327,103.98187248232327,1.0,0.7451534846490028,0.81,81
monk_parakeets,monk_parakeets/pre-processed_calls/SBD_NewOrleans.1017.0149_resamp.WAV,2,crepe,1652.25,701.4332008678305,145.58597344786668,0.0,0.7517410483576262,0.85,85
monk_parakeets,monk_parakeets/pre-processed_calls/SBD_NewOrleans.1017.0149_resamp.WAV,4,crepe,1652.25,299.58426410259835,299.58426410259835,1.0,-0.15166092809103668,0.25,25
monk_parakeets,monk_parakeets/pre-processed_calls/SBD_NewOrleans2.1001.1118_resamp.WAV,0,crepe,1846.9407895,438.63343043496144,254.94432253606854,1.0,0.6390379314341991,0.93,93
monk_parakeets,monk_parakeets/pre-processed_calls/SBD_NewOrleans2.1001.1118_resamp.WAV,2,crepe,1846.9407895,352.05824869106834,109.5387343029151,1.0,0.3704853498255866,0.64,64
monk_parakeets,monk_parakeets/pre-processed_calls/SBD_NewOrleans2.1001.1118_resamp.WAV,4,crepe,1846.9407895,940.9817472743655,210.78199205014027,0.0,-0.909192237636531,0.38,38
monk_parakeets,monk_parakeets/pre-processed_calls/SBD_NewOrleans2.1001.1269_resamp.WAV,0,crepe,1623.252586,266.66609123159293,233.96378292753425,1.0,0.5046300981047293,0.58,58
monk_parakeets,monk_parakeets/pre-processed_calls/SBD_NewOrleans2.1001.1269_resamp.WAV,2,crepe,1623.252586,553.7083681125339,186.52455385101112,1.0,0.43082703701642067,0.99,99
monk_parakeets,monk_parakeets/pre-processed_calls/SBD_NewOrleans2.1001.1269_resamp.WAV,4,crepe,1623.252586,590.833240712135,378.26880611084925,0.0,-0.9466890955435444,0.06,6
monk_parakeets,monk_parakeets/pre-processed_calls/SBD_NewOrleans2.1003.0182_resamp.WAV,0,crepe,1744.8849984379126,359.29843248260596,192.93210943771857,1.0,0.6273558666013419,1.0,100
monk_parakeets,monk_parakeets/pre-processed_calls/SBD_NewOrleans2.1003.0182_resamp.WAV,2,crepe,1744.8849984379126,424.9833759255867,294.627342350744,1.0,0.28283921417869456,0.75,75
monk_parakeets,monk_parakeets/pre-processed_calls/SBD_NewOrleans2.1003.0182_resamp.WAV,4,crepe,1744.8849984379126,1036.894931284917,255.53873655902,0.0,-0.5525813877559849,0.41,41
monk_parakeets,monk_parakeets/pre-processed_calls/SBD_NewOrleans2.1003.0187_resamp.WAV,0,crepe,1871.3986238981274,155.5038547304233,106.82523113085989,1.0,0.6660749197781972,0.94,94
monk_parakeets,monk_parakeets/pre-processed_calls/SBD_NewOrleans2.1003.0187_resamp.WAV,2,crepe,1871.3986238981274,349.7438805212663,162.20685081989143,1.0,-0.1185339663324011,0.75,75
monk_parakeets,monk_parakeets/pre-processed_calls/SBD_NewOrleans2.1003.0187_resamp.WAV,4,crepe,1871.3986238981274,152.31874302913897,152.31874302913897,1.0,-0.27644381145269903,0.11,11
monk_parakeets,monk_parakeets/pre-processed_calls/SBD_St1001001624_resamp.WAV,0,crepe,1495.2489264640126,454.66633975595715,166.87343840676428,1.0,0.4123886287423551,0.77,77
monk_parakeets,monk_parakeets/pre-processed_calls/SBD_St1001001624_resamp.WAV,2,crepe,1495.2489264640126,416.6034168497273,172.74495486936758,1.0,0.03957251222856654,1.0,100
monk_parakeets,monk_parakeets/pre-processed_calls/SBD_St1001001624_resamp.WAV,4,crepe,1495.2489264640126,566.6145220787278,459.38554036908437,1.0,0.5042985515545501,0.25,25
monk_parakeets,monk_parakeets/pre-processed_calls/SBD_St1001001624_resamp.WAV,6,crepe,1495.2489264640126,339.9275698947124,237.30304258498592,1.0,0.03217528933759803,0.7,70
monk_parakeets,monk_parakeets/pre-processed_calls/SBD_St100109_resamp.WAV,0,crepe,1679.0979131985998,680.0672052792204,130.66404778126594,0.0,0.14743095228455458,0.9,90
monk_parakeets,monk_parakeets/pre-processed_calls/SBD_St100109_resamp.WAV,2,crepe,1679.0979131985998,591.0146005649564,175.62316756139828,1.0,0.4277976177903201,0.91,91
monk_parakeets,monk_parakeets/pre-processed_calls/SBD_St100109_resamp.WAV,4,crepe,1679.0979131985998,993.4589039203518,208.32179251618075,0.0,0.6158492825544406,0.15,15
long-billed_hermits,long-billed_hermits/44kKz_songtype_segment_analysis_sep_2019.wav_1.wav,0,crepe,5950.4675455,90.37589481805387,90.37589481805387,1.0,0.9657769300424377,0.84,84
long-billed_hermits,long-billed_hermits/44kKz_songtype_segment_analysis_sep_2019.wav_1.wav,1,crepe,5950.4675455,1274.1134414060768,95.09225517116627,0.0,0.624738050222586,1.0,100
long-billed_hermits,long-billed_hermits/44kKz_songtype_segment_analysis_sep_2019.wav_1.wav,2,crepe,5950.4675455,1853.0684872525576,272.84036614614627,0.0,0.7192269283601892,1.0,100
long-billed_hermits,long-billed_hermits/44kKz_songtype_segment_analysis_sep_2019.wav_100.wav,0,crepe,3507.0056505000002,81.46227787990914,81.46227787990914,1.0,0.8216791002030276,0.89,89
long-billed_hermits,long-billed_hermits/44kKz_songtype_segment_analysis_sep_2019.wav_100.wav,1,crepe,3507.0056505000002,851.6820019368331,113.51085676639806,0.0,0.181371629115652,1.0,100
long-billed_hermits,long-billed_hermits/44kKz_songtype_segment_analysis_sep_2019.wav_100.wav,2,crepe,3507.0056505000002,1730.324702809633,79.99103376942773,0.0,-0.30067894020005,1.0,100
long-billed_hermits,long-billed_hermits/44kKz_songtype_segment_analysis_sep_2019.wav_100.wav,3,crepe,3507.0056505000002,2303.3576189564756,183.97285279774664,0.0,-0.02787799786922631,1.0,100
long-billed_hermits,long-billed_hermits/44kKz_songtype_segment_analysis_sep_2019.wav_101.wav,0,crepe,4110.83358973187,103.8488846613057,103.8488846613057,1.0,0.8112618854977011,0.92,92
long-billed_hermits,long-billed_hermits/44kKz_songtype_segment_analysis_sep_2019.wav_101.wav,1,crepe,4110.83358973187,730.157410825401,205.10221540190778,0.0,-0.6944652805564964,1.0,100
long-billed_hermits,long-billed_hermits/44kKz_songtype_segment_analysis_sep_2019.wav_101.wav,2,crepe,4110.83358973187,1802.1064740603233,159.58094680471078,0.0,-0.11566885604706004,1.0,100
long-billed_hermits,long-billed_hermits/44kKz_songtype_segment_analysis_sep_2019.wav_101.wav,3,crepe,4110.83358973187,1150.4940891603574,188.2767458077167,0.0,-0.3669718541984603,1.0,100
long-billed_hermits,long-billed_hermits/44kKz_songtype_segment_analysis_sep_2019.wav_103.wav,0,crepe,4479.346137,106.93408511853067,106.93408511853067,1.0,0.9532501692836685,0.92,92
long-billed_hermits,long-billed_hermits/44kKz_songtype_segment_analysis_sep_2019.wav_103.wav,1,crepe,4479.346137,979.4270706211082,122.48416832316717,1.0,-0.31034633920777277,1.0,100
long-billed_hermits,long-billed_hermits/44kKz_songtype_segment_analysis_sep_2019.wav_103.wav,2,crepe,4479.346137,1837.3338020475749,164.66399314570162,0.0,0.3609255291351227,1.0,100
long-billed_hermits,long-billed_hermits/44kKz_songtype_segment_analysis_sep_2019.wav_103.wav,3,crepe,4479.346137,1171.1740345609687,265.3110466205138,0.0,-0.39255823062372064,1.0,100
long-billed_hermits,long-billed_hermits/44kKz_songtype_segment_analysis_sep_2019.wav_104.wav,0,crepe,4089.9782674999997,87.2123757345045,87.2123757345045,1.0,0.6208252340951453,0.99,99
long-billed_hermits,long-billed_hermits/44kKz_songtype_segment_analysis_sep_2019.wav_104.wav,1,crepe,4089.9782674999997,755.7717974311888,236.9163761261418,0.0,-0.34483102508115865,1.0,100
long-billed_hermits,long-billed_hermits/44kKz_songtype_segment_analysis_sep_2019.wav_104.wav,2,crepe,4089.9782674999997,1984.4904111671121,113.4540850500749,0.0,0.7025187154413297,1.0,100
long-billed_hermits,long-billed_hermits/44kKz_songtype_segment_analysis_sep_2019.wav_104.wav,3,crepe,4089.9782674999997,2192.8036393268985,207.4170522234716,0.0,-0.29638394054772965,0.97,97
long-billed_hermits,long-billed_hermits/44kKz_songtype_segment_analysis_sep_2019.wav_106.wav,0,crepe,4454.5573256725,89.21482147719226,89.21482147719226,1.0,0.8857244653966392,1.0,100
long-billed_hermits,long-billed_hermits/44kKz_songtype_segment_analysis_sep_2019.wav_106.wav,1,crepe,4454.5573256725,950.7085130979813,255.43496720845167,0.0,-0.10362115427442979,1.0,100
long-billed_hermits,long-billed_hermits/44kKz_songtype_segment_analysis_sep_2019.wav_106.wav,2,crepe,4454.5573256725,1872.4940145603953,144.7662621425676,0.0,0.3939916019227586,1.0,100
long-billed_hermits,long-billed_hermits/44kKz_songtype_segment_analysis_sep_2019.wav_106.wav,3,crepe,4454.5573256725,1028.3651331437518,215.68381198113244,0.0,-0.5747114252790291,1.0,100
long-billed_hermits,long-billed_hermits/44kKz_songtype_segment_analysis_sep_2019.wav_108.wav,0,crepe,3150.652433195045,97.1666682364062,95.50293501872949,1.0,0.6824003634483707,1.0,100
long-billed_hermits,long-billed_hermits/44kKz_songtype_segment_analysis_sep_2019.wav_108.wav,1,crepe,3150.652433195045,853.016481297544,230.86845104495984,0.0,-0.011422905987290887,1.0,100
long-billed_hermits,long-billed_hermits/44kKz_songtype_segment_analysis_sep_2019.wav_108.wav,2,crepe,3150.652433195045,1808.3158382174524,118.87633833455007,0.0,0.5410157069940896,1.0,100
long-billed_hermits,long-billed_hermits/44kKz_songtype_segment_analysis_sep_2019.wav_108.wav,3,crepe,3150.652433195045,2509.301341640448,174.16036689319057,0.0,0.4821947220460447,0.92,92
long-billed_hermits,long-billed_hermits/44kKz_songtype_segment_analysis_sep_2019.wav_109.wav,0,crepe,3144.322187195045,81.04694519596396,81.04694519596396,1.0,0.706404843268246,0.99,99
long-billed_hermits,long-billed_hermits/44kKz_songtype_segment_analysis_sep_2019.wav_109.wav,1,crepe,3144.322187195045,822.5769565300766,299.1579002109106,0.0,-0.19303953848320882,1.0,100
long-billed_hermits,long-billed_hermits/44kKz_songtype_segment_analysis_sep_2019.wav_109.wav,2,crepe,3144.322187195045,1823.2757342149444,125.87139773967907,0.0,0.5404444919841422,1.0,100
long-billed_hermits,long-billed_hermits/44kKz_songtype_segment_analysis_sep_2019.wav_109.wav,3,crepe,3144.322187195045,2374.743701722376,127.72077850147394,0.0,0.5868382095516431,0.96,96
long-billed_hermits,long-billed_hermits/44kKz_songtype_segment_analysis_sep_2019.wav_110.wav,0,crepe,5926.87385740402,1479.6380490809497,201.5824099441089,0.0,-0.629564235695136,0.93,93
long-billed_hermits,long-billed_hermits/44kKz_songtype_segment_analysis_sep_2019.wav_110.wav,1,crepe,5926.87385740402,940.0162025963709,259.98379740362896,0.0,-0.31404489924489165,1.0,100
long-billed_hermits,long-billed_hermits/44kKz_songtype_segment_analysis_sep_2019.wav_110.wav,2,crepe,5926.87385740402,654.1257460921547,423.75759351739737,1.0,0.3742398828219093,1.0,100
long-billed_hermits,long-billed_hermits/44kKz_songtype_segment_analysis_sep_2019.wav_111.wav,0,crepe,6022.63428223209,1482.1428029721105,214.87288015429544,0.0,-0.46064976142534964,0.76,76
long-billed_hermits,long-billed_hermits/44kKz_songtype_segment_analysis_sep_2019.wav_111.wav,1,crepe,6022.63428223209,938.6258174108,264.1734640603839,0.0,-0.11821269381827136,1.0,100
long-billed_hermits,long-billed_hermits/44kKz_songtype_segment_analysis_sep_2019.wav_111.wav,2,crepe,6022.63428223209,502.45192855252037,420.5038321668871,1.0,0.25065567827204105,1.0,100
long-billed_hermits,long-billed_hermits/44kKz_songtype_segment_analysis_sep_2019.wav_113.wav,0,crepe,3748.925476282755,191.99658220184875,161.97828166168085,1.0,0.591746453297517,0.98,98
long-billed_hermits,long-billed_hermits/44kKz_songtype_segment_analysis_sep_2019.wav_113.wav,1,crepe,3748.925476282755,1013.7870881797621,215.27206551846447,0.0,0.22176129514258866,1.0,100
long-billed_hermits,long-billed_hermits/44kKz_songtype_segment_analysis_sep_2019.wav_113.wav,2,crepe,3748.925476282755,1842.6630470674972,146.7569924716387,0.0,-0.37541212370349164,1.0,100
long-billed_hermits,long-billed_hermits/44kKz_songtype_segment_analysis_sep_2019.wav_113.wav,3,crepe,3748.925476282755,2216.1316169847987,200.326003642746,0.0,-0.2581220360330077,1.0,100
long-billed_hermits,long-billed_hermits/44kKz_songtype_segment_analysis_sep_2019.wav_115.wav,0,crepe,4055.5555555000005,337.4591420007462,157.56091558983402,1.0,0.6169692116569094,0.99,99
long-billed_hermits,long-billed_hermits/44kKz_songtype_segment_analysis_sep_2019.wav_115.wav,1,crepe,4055.5555555000005,945.9134246888161,118.73325612582636,0.0,0.5958431349776797,1.0,100
long-billed_hermits,long-billed_hermits/44kKz_songtype_segment_analysis_sep_2019.wav_115.wav,2,crepe,4055.5555555000005,1697.026440783242,229.73283124172497,0.0,-0.37796833104911526,1.0,100
long-billed_hermits,long-billed_hermits/44kKz_songtype_segment_analysis_sep_2019.wav_115.wav,3,crepe,4055.5555555000005,2426.860141145913,215.48752644829898,0.0,-0.08257810233279093,1.0,100
long-billed_hermits,long-billed_hermits/44kKz_songtype_segment_analysis_sep_2019.wav_116.wav,0,crepe,3996.9715280000005,94.42870953538218,94.42870953538218,1.0,0.8890411339627724,0.96,96
long-billed_hermits,long-billed_hermits/44kKz_songtype_segment_analysis_sep_2019.wav_116.wav,1,crepe,3996.9715280000005,1103.1785881458413,97.77973835829759,0.0,-0.17507166726132387,1.0,100
long-billed_hermits,long-billed_hermits/44kKz_songtype_segment_analysis_sep_2019.wav_116.wav,2,crepe,3996.9715280000005,1800.4660964022914,95.64711817745106,0.0,0.3249332647972197,1.0,100
long-billed_hermits,long-billed_hermits/44kKz_songtype_segment_analysis_sep_2019.wav_116.wav,3,crepe,3996.9715280000005,2331.7849517849195,172.10204664898978,0.0,-0.21996423619453467,1.0,100
long-billed_hermits,long-billed_hermits/44kKz_songtype_segment_analysis_sep_2019.wav_118.wav,0,crepe,4151.645501999999,151.5782375882706,118.69605886784144,1.0,0.5389152974213506,1.0,100
long-billed_hermits,long-billed_hermits/44kKz_songtype_segment_analysis_sep_2019.wav_118.wav,1,crepe,4151.645501999999,1052.1120759061066,117.03477508059142,0.0,-0.13306000050672123,1.0,100
long-billed_hermits,long-billed_hermits/44kKz_songtype_segment_analysis_sep_2019.wav_118.wav,2,crepe,4151.645501999999,1527.7487880262988,138.03067413109778,0.0,0.4699024059864934,1.0,100
long-billed_hermits,long-billed_hermits/44kKz_songtype_segment_analysis_sep_2019.wav_118.wav,3,crepe,4151.645501999999,1300.9047160509954,249.91022355030384,0.0,0.36470123179992964,1.0,100
long-billed_hermits,long-billed_hermits/44kKz_songtype_segment_analysis_sep_2019.wav_119.wav,0,crepe,3820.328666,164.55997733374866,116.40497669712964,1.0,0.5804325770766425,0.95,95
long-billed_hermits,long-billed_hermits/44kKz_songtype_segment_analysis_sep_2019.wav_119.wav,1,crepe,3820.328666,1083.861129934387,112.33375074987124,0.0,0.1109547895902794,1.0,100
long-billed_hermits,long-billed_hermits/44kKz_songtype_segment_analysis_sep_2019.wav_119.wav,2,crepe,3820.328666,1737.63518310549,117.31417932402792,0.0,0.22977151813064492,1.0,100
long-billed_hermits,long-billed_hermits/44kKz_songtype_segment_analysis_sep_2019.wav_119.wav,3,crepe,3820.328666,2481.920075157733,209.93629280024948,0.0,-0.12254552321802725,1.0,100
long-billed_hermits,long-billed_hermits/44kKz_songtype_segment_analysis_sep_2019.wav_120.wav,0,crepe,3592.713502,76.6068531499802,76.6068531499802,1.0,0.9494573022216267,0.95,95
long-billed_hermits,long-billed_hermits/44kKz_songtype_segment_analysis_sep_2019.wav_120.wav,1,crepe,3592.713502,1107.0919685104823,78.33947519951124,0.0,0.17103847523247945,1.0,100
long-billed_hermits,long-billed_hermits/44kKz_songtype_segment_analysis_sep_2019.wav_120.wav,2,crepe,3592.713502,1789.1338838708452,85.53410562316293,0.0,0.8081594692914649,1.0,100
long-billed_hermits,long-billed_hermits/44kKz_songtype_segment_analysis_sep_2019.wav_120.wav,3,crepe,3592.713502,2357.399527467791,243.7759138791888,0.0,-0.674436283599864,1.0,100
long-billed_hermits,long-billed_hermits/44kKz_songtype_segment_analysis_sep_2019.wav_122.wav,0,crepe,4179.246104145905,125.0657516081635,105.37440296907549,1.0,-0.2149716180106073,0.93,93
long-billed_hermits,long-billed_hermits/44kKz_songtype_segment_analysis_sep_2019.wav_122.wav,1,crepe,4179.246104145905,1079.343055880647,98.35551461079879,0.0,-0.3559374125692539,1.0,100
long-billed_hermits,long-billed_hermits/44kKz_songtype_segment_analysis_sep_2019.wav_122.wav,2,crepe,4179.246104145905,1807.748635249161,98.27443756779498,0.0,0.4055036977136915,1.0,100
long-billed_hermits,long-billed_hermits/44kKz_songtype_segment_analysis_sep_2019.wav_122.wav,3,crepe,4179.246104145905,2289.477643586541,98.54032173782073,0.0,-0.03315398004712602,1.0,100
long-billed_hermits,long-billed_hermits/44kKz_songtype_segment_analysis_sep_2019.wav_123.wav,0,crepe,5491.075124999999,745.0918708878203,101.61496481991745,0.0,0.5276673271160283,1.0,100
long-billed_hermits,long-billed_hermits/44kKz_songtype_segment_analysis_sep_2019.wav_123.wav,1,crepe,5491.075124999999,707.5477739964142,77.10398233508158,1.0,-0.23408503068472164,1.0,100
long-billed_hermits,long-billed_hermits/44kKz_songtype_segment_analysis_sep_2019.wav_123.wav,2,crepe,5491.075124999999,1701.5190291222489,111.47307079912936,0.0,-0.8777381572018259,1.0,100
long-billed_hermits,long-billed_hermits/44kKz_songtype_segment_analysis_sep_2019.wav_123.wav,3,crepe,5491.075124999999,484.06562159877456,357.5929214053136,1.0,-0.18896650970732728,0.74,74
long-billed_hermits,long-billed_hermits/44kKz_songtype_segment_analysis_sep_2019.wav_125.wav,0,crepe,6735.75035,97.11211325414172,93.4201669206485,1.0,0.8636907285865542,1.0,100
long-billed_hermits,long-billed_hermits/44kKz_songtype_segment_analysis_sep_2019.wav_125.wav,1,crepe,6735.75035,762.066628944471,391.05839305282996,0.0,0.722391140324672,1.0,100
long-billed_hermits,long-billed_hermits/44kKz_songtype_segment_analysis_sep_2019.wav_125.wav,2,crepe,6735.75035,440.1037936627274,148.6343831309691,1.0,-0.7613656177277641,1.0,100
long-billed_hermits,long-billed_hermits/44kKz_songtype_segment_analysis_sep_2019.wav_127.wav,0,crepe,3748.3241925,117.57795243744995,111.49444588033579,1.0,0.7256112898689413,0.83,83
long-billed_hermits,long-billed_hermits/44kKz_songtype_segment_analysis_sep_2019.wav_127.wav,1,crepe,3748.3241925,1069.6415811091294,120.7541128799213,0.0,0.49888932084202553,1.0,100
long-billed_hermits,long-billed_hermits/44kKz_songtype_segment_analysis_sep_2019.wav_127.wav,2,crepe,3748.3241925,1752.9771835716674,112.31086941231626,0.0,-0.08089183977678964,1.0,100
long-billed_hermits,long-billed_hermits/44kKz_songtype_segment_analysis_sep_2019.wav_127.wav,3,crepe,3748.3241925,1852.192186796443,98.09355661403737,0.0,0.6778765442256511,1.0,100
long-billed_hermits,long-billed_hermits/44kKz_songtype_segment_analysis_sep_2019.wav_128.wav,0,crepe,3496.953077,123.86375878284923,117.98529826055218,1.0,0.8323574321939771,0.98,98
long-billed_hermits,long-billed_hermits/44kKz_songtype_segment_analysis_sep_2019.wav_128.wav,1,crepe,3496.953077,1083.5546768208067,108.56456254390065,0.0,0.4322732984970718,1.0,100
long-billed_hermits,long-billed_hermits/44kKz_songtype_segment_analysis_sep_2019.wav_128.wav,2,crepe,3496.953077,1793.619163600215,115.5368523158171,0.0,0.2564134831878891,1.0,100
long-billed_hermits,long-billed_hermits/44kKz_songtype_segment_analysis_sep_2019.wav_128.wav,3,crepe,3496.953077,2398.63680444128,250.2178705905746,0.0,-0.07441727843507906,1.0,100
long-billed_hermits,long-billed_hermits/44kKz_songtype_segment_analysis_sep_2019.wav_13.wav,0,crepe,4065.920873,169.69854301271982,145.41187170975513,1.0,0.5851376421842865,0.99,99
long-billed_hermits,long-billed_hermits/44kKz_songtype_segment_analysis_sep_2019.wav_13.wav,1,crepe,4065.920873,671.9480166192681,137.69319018908803,1.0,-0.46551179564940565,1.0,100
long-billed_hermits,long-billed_hermits/44kKz_songtype_segment_analysis_sep_2019.wav_13.wav,2,crepe,4065.920873,1640.4143907494395,179.793874426144,0.0,-0.4894119836272009,1.0,100
long-billed_hermits,long-billed_hermits/44kKz_songtype_segment_analysis_sep_2019.wav_13.wav,3,crepe,4065.920873,2265.1833905569033,287.7419447050777,0.0,-0.5733071284201564,1.0,100
long-billed_hermits,long-billed_hermits/44kKz_songtype_segment_analysis_sep_2019.wav_130.wav,0,crepe,5688.503567,92.63906309150977,90.61178021773361,1.0,0.7771728090582527,1.0,100
long-billed_hermits,long-billed_hermits/44kKz_songtype_segment_analysis_sep_2019.wav_130.wav,1,crepe,5688.503567,762.784451158204,98.14753803320244,1.0,-0.3927746153854319,1.0,100
long-billed_hermits,long-billed_hermits/44kKz_songtype_segment_analysis_sep_2019.wav_130.wav,2,crepe,5688.503567,1662.375667554907,123.29984065491729,0.0,-0.5764403509598662,1.0,100
long-billed_hermits,long-billed_hermits/44kKz_songtype_segment_analysis_sep_2019.wav_132.wav,0,crepe,5367.675863500001,147.46872073016036,120.5535372775972,1.0,0.7093522859157513,0.96,96
long-billed_hermits,long-billed_hermits/44kKz_songtype_segment_analysis_sep_2019.wav_132.wav,1,crepe,5367.675863500001,673.2372438979271,121.54244758093685,1.0,-0.3691394038081002,1.0,100
long-billed_hermits,long-billed_hermits/44kKz_songtype_segment_analysis_sep_2019.wav_132.wav,2,crepe,5367.675863500001,1721.3005283661369,151.20076076025794,0.0,0.5334805087541404,1.0,100
long-billed_hermits,long-billed_hermits/44kKz_songtype_segment_analysis_sep_2019.wav_132.wav,3,crepe,5367.675863500001,862.6667852292369,136.15075769119335,1.0,0.6209618481807031,0.72,72
long-billed_hermits,long-billed_hermits/44kKz_songtype_segment_analysis_sep_2019.wav_134.wav,0,crepe,4367.196948999999,101.37916420757819,97.63267039546935,1.0,0.6225142914720407,0.98,98
long-billed_hermits,long-billed_hermits/44kKz_songtype_segment_analysis_sep_2019.wav_134.wav,1,crepe,4367.196948999999,1007.282549475871,208.8186285582757,0.0,-0.01640726174522379,1.0,100
long-billed_hermits,long-billed_hermits/44kKz_songtype_segment_analysis_sep_2019.wav_134.wav,2,crepe,4367.196948999999,1836.2742288908548,73.0919174048428,0.0,0.5130019476272272,1.0,100
long-billed_hermits,long-billed_hermits/44kKz_songtype_segment_analysis_sep_2019.wav_134.wav,3,crepe,4367.196948999999,1212.4770581638477,176.94379549473368,0.0,0.3289035107535133,1.0,100
long-billed_hermits,long-billed_hermits/44kKz_songtype_segment_analysis_sep_2019.wav_135.wav,0,crepe,4391.693227,88.80267613031059,86.61992521586967,1.0,0.6279359642889875,0.99,99
long-billed_hermits,long-billed_hermits/44kKz_songtype_segment_analysis_sep_2019.wav_135.wav,1,crepe,4391.693227,978.4443417684381,240.70944037984697,0.0,0.11887697675384462,1.0,100
long-billed_hermits,long-billed_hermits/44kKz_songtype_segment_analysis_sep_2019.wav_135.wav,2,crepe,4391.693227,1918.632257183771,82.33542484167089,0.0,0.057044782341756306,1.0,100
long-billed_hermits,long-billed_hermits/44kKz_songtype_segment_analysis_sep_2019.wav_135.wav,3,crepe,4391.693227,1211.9941429352784,238.71471703770302,0.0,0.3245473847620175,1.0,100
long-billed_hermits,long-billed_hermits/44kKz_songtype_segment_analysis_sep_2019.wav_137.wav,0,crepe,5244.5808305,115.84287999394164,113.17642271260371,1.0,0.8015860870067649,0.82,82
long-billed_hermits,long-billed_hermits/44kKz_songtype_segment_analysis_sep_2019.wav_137.wav,1,crepe,5244.5808305,892.3558805905908,98.0254217556236,1.0,-0.3466503171085394,1.0,100
long-billed_hermits,long-billed_hermits/44kKz_songtype_segment_analysis_sep_2019.wav_137.wav,2,crepe,5244.5808305,1740.3193103170547,131.41993431651244,0.0,-0.5791908920788534,1.0,100
long-billed_hermits,long-billed_hermits/44kKz_songtype_segment_analysis_sep_2019.wav_137.wav,3,crepe,5244.5808305,537.5973717876682,392.2879247353576,1.0,0.3844377076211273,1.0,100
long-billed_hermits,long-billed_hermits/44kKz_songtype_segment_analysis_sep_2019.wav_138.wav,0,crepe,5606.562567500001,345.208190447358,166.17733309763264,1.0,-0.5472968793788773,1.0,100
long-billed_hermits,long-billed_hermits/44kKz_songtype_segment_analysis_sep_2019.wav_138.wav,1,crepe,5606.562567500001,509.19427640131266,230.38673448115998,1.0,-0.732118476433483,1.0,100
long-billed_hermits,long-billed_hermits/44kKz_songtype_segment_analysis_sep_2019.wav_138.wav,2,crepe,5606.562567500001,1793.2664219397639,188.2875446044985,0.0,0.09272886558346656,1.0,100
long-billed_hermits,long-billed_hermits/44kKz_songtype_segment_analysis_sep_2019.wav_138.wav,3,crepe,5606.562567500001,944.7866770596091,255.21332294039092,1.0,-0.4282231763406864,0.63,63
long-billed_hermits,long-billed_hermits/44kKz_songtype_segment_analysis_sep_2019.wav_14.wav,0,crepe,3580.743449,157.35267557218918,147.94693447974578,1.0,0.4904829731735862,0.99,99
long-billed_hermits,long-billed_hermits/44kKz_songtype_segment_analysis_sep_2019.wav_14.wav,1,crepe,3580.743449,815.9957852205662,139.83120612039335,1.0,-0.44847823518993907,1.0,100
long-billed_hermits,long-billed_hermits/44kKz_songtype_segment_analysis_sep_2019.wav_14.wav,2,crepe,3580.743449,1698.582865002149,144.31203859963503,0.0,0.4161205350940883,1.0,100
long-billed_hermits,long-billed_hermits/44kKz_songtype_segment_analysis_sep_2019.wav_14.wav,3,crepe,3580.743449,2402.3874014170647,257.73203485254425,0.0,0.33678081319340575,1.0,100
long-billed_hermits,long-billed_hermits/44kKz_songtype_segment_analysis_sep_2019.wav_141.wav,0,crepe,6465.526247,208.6406149130298,164.19862511728442,1.0,0.8174820634360376,0.96,96
long-billed_hermits,long-billed_hermits/44kKz_songtype_segment_analysis_sep_2019.wav_141.wav,1,crepe,6465.526247,1236.5273843651585,122.97528229435144,0.0,0.7052634435952644,1.0,100
long-billed_hermits,long-billed_hermits/44kKz_songtype_segment_analysis_sep_2019.wav_141.wav,2,crepe,6465.526247,406.4612394206853,238.6885838955489,1.0,-0.10377254110390259,1.0,100
long-billed_hermits,long-billed_hermits/44kKz_songtype_segment_analysis_sep_2019.wav_142.wav,0,crepe,6106.424654,184.12751986314203,174.19768095911917,1.0,0.7433930594880417,1.0,100
long-billed_hermits,long-billed_hermits/44kKz_songtype_segment_analysis_sep_2019.wav_142.wav,1,crepe,6106.424654,1074.960568240234,210.99721025281826,0.0,0.7263637357654754,1.0,100
long-billed_hermits,long-billed_hermits/44kKz_songtype_segment_analysis_sep_2019.wav_142.wav,2,crepe,6106.424654,1612.7262456446597,192.91395497998934,0.0,-0.6333169182053416,1.0,100
long-billed_hermits,long-billed_hermits/44kKz_songtype_segment_analysis_sep_2019.wav_144.wav,0,crepe,5519.892052,225.02588017218125,198.6519731876689,1.0,0.7506604837486588,1.0,100
long-billed_hermits,long-billed_hermits/44kKz_songtype_segment_analysis_sep_2019.wav_144.wav,1,crepe,5519.892052,514.3055161403461,210.08475614899288,1.0,-0.3870468851921883,1.0,100
long-billed_hermits,long-billed_hermits/44kKz_songtype_segment_analysis_sep_2019.wav_144.wav,2,crepe,5519.892052,1740.456569043984,148.4104485263948,0.0,-0.10178214286503141,1.0,100
long-billed_hermits,long-billed_hermits/44kKz_songtype_segment_analysis_sep_2019.wav_145.wav,0,crepe,6309.915556961654,126.51972619547101,105.66243906373097,1.0,0.6976098650205397,1.0,100
long-billed_hermits,long-billed_hermits/44kKz_songtype_segment_analysis_sep_2019.wav_145.wav,1,crepe,6309.915556961654,1155.565450163418,139.77395139854443,0.0,0.717535936950197,1.0,100
long-billed_hermits,long-billed_hermits/44kKz_songtype_segment_analysis_sep_2019.wav_145.wav,2,crepe,6309.915556961654,430.95390276978424,271.7419160088888,1.0,-0.3893539954187608,1.0,100
long-billed_hermits,long-billed_hermits/44kKz_songtype_segment_analysis_sep_2019.wav_147.wav,0,crepe,3425.132759,114.62246016441277,90.54092914454671,1.0,0.6440270845767413,0.99,99
long-billed_hermits,long-billed_hermits/44kKz_songtype_segment_analysis_sep_2019.wav_147.wav,1,crepe,3425.132759,1141.0566049030754,118.5645448607848,0.0,-0.17213169239309692,1.0,100
long-billed_hermits,long-billed_hermits/44kKz_songtype_segment_analysis_sep_2019.wav_147.wav,2,crepe,3425.132759,1748.5247108814747,153.73039368477583,0.0,0.41764694153355075,1.0,100
long-billed_hermits,long-billed_hermits/44kKz_songtype_segment_analysis_sep_2019.wav_147.wav,3,crepe,3425.132759,2361.086735715546,174.91260369050303,0.0,-0.2247249501063062,1.0,100
long-billed_hermits,long-billed_hermits/44kKz_songtype_segment_analysis_sep_2019.wav_149.wav,0,crepe,5292.6418140000005,182.35873910001794,169.1066818580212,1.0,0.8256210222761987,1.0,100
long-billed_hermits,long-billed_hermits/44kKz_songtype_segment_analysis_sep_2019.wav_149.wav,1,crepe,5292.6418140000005,695.6580050237911,184.94439441208158,1.0,-0.10649646172826457,1.0,100
long-billed_hermits,long-billed_hermits/44kKz_songtype_segment_analysis_sep_2019.wav_149.wav,2,crepe,5292.6418140000005,1820.9480575846524,131.58042636409272,0.0,-0.4098986216966332,1.0,100
long-billed_hermits,long-billed_hermits/44kKz_songtype_segment_analysis_sep_2019.wav_149.wav,3,crepe,5292.6418140000005,2189.560928642079,186.84553956015708,0.0,-0.33870807231927713,0.99,99
long-billed_hermits,long-billed_hermits/44kKz_songtype_segment_analysis_sep_2019.wav_15.wav,0,crepe,6065.840566000001,134.3070499996069,127.07388384521265,1.0,0.5845574672428078,0.69,69
long-billed_hermits,long-billed_hermits/44kKz_songtype_segment_analysis_sep_2019.wav_15.wav,1,crepe,6065.840566000001,848.536252067151,340.9006746854659,0.0,0.2170832211551378,1.0,100
long-billed_hermits,long-billed_hermits/44kKz_songtype_segment_analysis_sep_2019.wav_15.wav,2,crepe,6065.840566000001,596.7308453326798,311.79139601239183,1.0,0.6745050657553168,1.0,100
long-billed_hermits,long-billed_hermits/44kKz_songtype_segment_analysis_sep_2019.wav_151.wav,0,crepe,6063.9320365,252.38763301060533,230.07064502401465,1.0,0.7182438183530387,0.97,97
long-billed_hermits,long-billed_hermits/44kKz_songtype_segment_analysis_sep_2019.wav_151.wav,1,crepe,6063.9320365,966.3826756614079,256.5320169367815,0.0,0.7319831179597835,0.97,97
long-billed_hermits,long-billed_hermits/44kKz_songtype_segment_analysis_sep_2019.wav_151.wav,2,crepe,6063.9320365,572.5285841973368,348.2758847989778,1.0,0.20115849275972136,1.0,100
long-billed_hermits,long-billed_hermits/44kKz_songtype_segment_analysis_sep_2019.wav_154.wav,0,crepe,7040.0887965,99.97417450852487,96.50243118961212,1.0,0.8724986505950575,0.99,99
long-billed_hermits,long-billed_hermits/44kKz_songtype_segment_analysis_sep_2019.wav_154.wav,1,crepe,7040.0887965,1174.2955670066128,116.51754680673417,0.0,0.5232503868173762,1.0,100
long-billed_hermits,long-billed_hermits/44kKz_songtype_segment_analysis_sep_2019.wav_154.wav,2,crepe,7040.0887965,476.8812344613798,225.41267248088838,1.0,-0.31815937321034465,0.82,82
long-billed_hermits,long-billed_hermits/44kKz_songtype_segment_analysis_sep_2019.wav_152.wav,0,crepe,5639.592583,275.18580360936664,160.16255258526263,1.0,0.6374769885246098,0.97,97
long-billed_hermits,long-billed_hermits/44kKz_songtype_segment_analysis_sep_2019.wav_152.wav,1,crepe,5639.592583,950.3698304652758,295.43940504451905,0.0,0.6744615370164417,0.93,93
long-billed_hermits,long-billed_hermits/44kKz_songtype_segment_analysis_sep_2019.wav_152.wav,2,crepe,5639.592583,1684.8791083273513,158.74152222739843,0.0,-0.7549196653169635,1.0,100
long-billed_hermits,long-billed_hermits/44kKz_songtype_segment_analysis_sep_2019.wav_152.wav,3,crepe,5639.592583,951.7367582378407,259.2592938431329,0.0,-0.05264786147866636,0.38,38
long-billed_hermits,long-billed_hermits/44kKz_songtype_segment_analysis_sep_2019.wav_156.wav,0,crepe,3963.785148,78.22404289945,78.22404289945,1.0,0.9363149173082549,0.89,89
long-billed_hermits,long-billed_hermits/44kKz_songtype_segment_analysis_sep_2019.wav_156.wav,1,crepe,3963.785148,1127.0205340711573,89.88125072426374,0.0,0.4009038991579312,1.0,100
long-billed_hermits,long-billed_hermits/44kKz_songtype_segment_analysis_sep_2019.wav_156.wav,2,crepe,3963.785148,1422.5657201228196,96.43102762235907,0.0,0.3101064880198356,1.0,100
long-billed_hermits,long-billed_hermits/44kKz_songtype_segment_analysis_sep_2019.wav_156.wav,3,crepe,3963.785148,2334.7560598164737,204.36587551012144,0.0,-0.4837944663233446,1.0,100
long-billed_hermits,long-billed_hermits/44kKz_songtype_segment_analysis_sep_2019.wav_157.wav,0,crepe,4380.99383,330.4453246714733,210.44917257925243,1.0,0.46567119300814397,0.99,99
long-billed_hermits,long-billed_hermits/44kKz_songtype_segment_analysis_sep_2019.wav_157.wav,1,crepe,4380.99383,926.1718409723832,189.99725952791925,0.0,-0.14381833187605306,1.0,100
long-billed_hermits,long-billed_hermits/44kKz_songtype_segment_analysis_sep_2019.wav_157.wav,2,crepe,4380.99383,1587.3497215101793,154.58474321257899,0.0,0.36195992672668487,1.0,100
long-billed_hermits,long-billed_hermits/44kKz_songtype_segment_analysis_sep_2019.wav_157.wav,3,crepe,4380.99383,1053.5053024038602,236.47572277196346,0.0,0.027852437614199466,1.0,100
long-billed_hermits,long-billed_hermits/44kKz_songtype_segment_analysis_sep_2019.wav_159.wav,0,crepe,6692.92697,114.77892658334855,114.77892658334855,1.0,0.8971275202864195,1.0,100
long-billed_hermits,long-billed_hermits/44kKz_songtype_segment_analysis_sep_2019.wav_159.wav,1,crepe,6692.92697,837.5419188420447,358.5589125061558,0.0,0.5653929138115862,1.0,100
long-billed_hermits,long-billed_hermits/44kKz_songtype_segment_analysis_sep_2019.wav_159.wav,2,crepe,6692.92697,458.5433811122144,237.71594337505954,1.0,-0.15676480584096505,1.0,100
long-billed_hermits,long-billed_hermits/44kKz_songtype_segment_analysis_sep_2019.wav_16.wav,0,crepe,6195.4317,193.11283908325157,193.11283908325157,1.0,0.8096587769170537,0.78,78
long-billed_hermits,long-billed_hermits/44kKz_songtype_segment_analysis_sep_2019.wav_16.wav,1,crepe,6195.4317,936.5484709398554,139.96851205729976,0.0,-0.31825086875404074,1.0,100
long-billed_hermits,long-billed_hermits/44kKz_songtype_segment_analysis_sep_2019.wav_16.wav,2,crepe,6195.4317,446.2661001777646,254.1931529231867,1.0,-0.19157167960980445,1.0,100
long-billed_hermits,long-billed_hermits/44kKz_songtype_segment_analysis_sep_2019.wav_161.wav,0,crepe,7358.7634105,89.7354533628687,89.7354533628687,1.0,0.9555036675058828,1.0,100
long-billed_hermits,long-billed_hermits/44kKz_songtype_segment_analysis_sep_2019.wav_161.wav,1,crepe,7358.7634105,1218.5642082896916,96.3730825651293,0.0,0.6126575503749705,1.0,100
long-billed_hermits,long-billed_hermits/44kKz_songtype_segment_analysis_sep_2019.wav_161.wav,2,crepe,7358.7634105,285.0749799142076,119.65135391029602,1.0,-0.6725489891839233,0.53,53
long-billed_hermits,long-billed_hermits/44kKz_songtype_segment_analysis_sep_2019.wav_163.wav,0,crepe,5483.9818925,275.83360835206884,203.62920255225396,1.0,-0.24279660174511802,0.7,70
long-billed_hermits,long-billed_hermits/44kKz_songtype_segment_analysis_sep_2019.wav_163.wav,1,crepe,5483.9818925,528.5147667215996,151.9454597063476,1.0,-0.5389185672086013,1.0,100
long-billed_hermits,long-billed_hermits/44kKz_songtype_segment_analysis_sep_2019.wav_163.wav,2,crepe,5483.9818925,1845.8536194847052,194.94381448044516,0.0,0.22612493915303003,1.0,100
long-billed_hermits,long-billed_hermits/44kKz_songtype_segment_analysis_sep_2019.wav_163.wav,3,crepe,5483.9818925,649.0124416661328,265.10899135329123,1.0,-0.18881949157309286,0.67,67
long-billed_hermits,long-billed_hermits/44kKz_songtype_segment_analysis_sep_2019.wav_17.wav,0,crepe,3751.974511,104.49642341014967,104.49642341014967,1.0,0.9551208576578837,1.0,100
long-billed_hermits,long-billed_hermits/44kKz_songtype_segment_analysis_sep_2019.wav_17.wav,1,crepe,3751.974511,1040.8767952762155,100.80450361229072,0.0,-0.1707932461590931,1.0,100
long-billed_hermits,long-billed_hermits/44kKz_songtype_segment_analysis_sep_2019.wav_17.wav,2,crepe,3751.974511,1755.4131046643358,122.50758528567681,0.0,0.29637103094371037,1.0,100
long-billed_hermits,long-billed_hermits/44kKz_songtype_segment_analysis_sep_2019.wav_17.wav,3,crepe,3751.974511,2276.984556538077,261.3797959492966,0.0,0.27187373751080657,1.0,100
long-billed_hermits,long-billed_hermits/44kKz_songtype_segment_analysis_sep_2019.wav_19.wav,0,crepe,5603.6824240000005,129.12251743387134,114.50547022791689,1.0,0.7374987291117314,0.99,99
long-billed_hermits,long-billed_hermits/44kKz_songtype_segment_analysis_sep_2019.wav_19.wav,1,crepe,5603.6824240000005,879.1819850685831,334.34080233087496,0.0,0.1659680021428644,0.99,99
long-billed_hermits,long-billed_hermits/44kKz_songtype_segment_analysis_sep_2019.wav_19.wav,2,crepe,5603.6824240000005,1658.205565369388,164.72574490678213,0.0,-0.4299084927125054,0.95,95
long-billed_hermits,long-billed_hermits/44kKz_songtype_segment_analysis_sep_2019.wav_2.wav,0,crepe,6183.918459500001,101.33761691741753,99.07049097127414,1.0,0.671722412164927,0.99,99
long-billed_hermits,long-billed_hermits/44kKz_songtype_segment_analysis_sep_2019.wav_2.wav,1,crepe,6183.918459500001,1198.9313111937186,96.33614095532998,0.0,0.6217936754884404,0.99,99
long-billed_hermits,long-billed_hermits/44kKz_songtype_segment_analysis_sep_2019.wav_2.wav,2,crepe,6183.918459500001,1857.939396836652,195.14999395247105,0.0,0.7734725021872791,1.0,100
long-billed_hermits,long-billed_hermits/44kKz_songtype_segment_analysis_sep_2019.wav_21.wav,0,crepe,4812.563433,140.98221413592955,134.23489039897396,1.0,0.44625908566653716,0.88,88
long-billed_hermits,long-billed_hermits/44kKz_songtype_segment_analysis_sep_2019.wav_21.wav,1,crepe,4812.563433,1123.9558240803563,117.6819458744213,0.0,0.5835545668560216,1.0,100
long-billed_hermits,long-billed_hermits/44kKz_songtype_segment_analysis_sep_2019.wav_21.wav,2,crepe,4812.563433,1832.1756878975416,153.9956625812869,0.0,-0.23715221181293497,1.0,100
long-billed_hermits,long-billed_hermits/44kKz_songtype_segment_analysis_sep_2019.wav_21.wav,3,crepe,4812.563433,1045.6288302737753,237.9291110784057,0.0,0.15981097282167256,0.86,86
long-billed_hermits,long-billed_hermits/44kKz_songtype_segment_analysis_sep_2019.wav_23.wav,0,crepe,5735.353008,107.22993709057974,107.22993709057974,1.0,0.9055451572960691,0.98,98
long-billed_hermits,long-billed_hermits/44kKz_songtype_segment_analysis_sep_2019.wav_23.wav,1,crepe,5735.353008,827.2517614743624,367.12388149153446,0.0,-0.09345732064100241,1.0,100
long-billed_hermits,long-billed_hermits/44kKz_songtype_segment_analysis_sep_2019.wav_23.wav,2,crepe,5735.353008,553.121940168179,332.23674483817854,1.0,-0.5231199213542445,1.0,100
long-billed_hermits,long-billed_hermits/44kKz_songtype_segment_analysis_sep_2019.wav_24.wav,0,crepe,5783.23322,118.32302734958245,118.32302734958245,1.0,0.8877163684308175,0.98,98
long-billed_hermits,long-billed_hermits/44kKz_songtype_segment_analysis_sep_2019.wav_24.wav,1,crepe,5783.23322,827.1591496759089,366.0896622902016,0.0,0.3400961686979024,1.0,100
long-billed_hermits,long-billed_hermits/44kKz_songtype_segment_analysis_sep_2019.wav_24.wav,2,crepe,5783.23322,549.4119222643382,410.4152118333138,1.0,-0.17403379265386845,1.0,100
long-billed_hermits,long-billed_hermits/44kKz_songtype_segment_analysis_sep_2019.wav_26.wav,0,crepe,5543.83215809176,138.8582607704087,128.76983989488895,1.0,0.7924883625583689,1.0,100
long-billed_hermits,long-billed_hermits/44kKz_songtype_segment_analysis_sep_2019.wav_26.wav,1,crepe,5543.83215809176,598.8186192185451,352.6262547737569,1.0,-0.4723124529691718,1.0,100
long-billed_hermits,long-billed_hermits/44kKz_songtype_segment_analysis_sep_2019.wav_26.wav,2,crepe,5543.83215809176,1710.4516260716382,199.47821451640647,0.0,-0.06268345761288696,1.0,100
long-billed_hermits,long-billed_hermits/44kKz_songtype_segment_analysis_sep_2019.wav_26.wav,3,crepe,5543.83215809176,1032.5557152236768,167.4442847763233,0.0,-0.5864799038647354,0.09,9
long-billed_hermits,long-billed_hermits/44kKz_songtype_segment_analysis_sep_2019.wav_28.wav,0,crepe,4945.32950291634,131.14316760970615,125.78394644621252,1.0,0.534500101405377,0.98,98
long-billed_hermits,long-billed_hermits/44kKz_songtype_segment_analysis_sep_2019.wav_28.wav,1,crepe,4945.32950291634,667.1251573229083,138.50988724213335,0.0,-0.5615410226274857,1.0,100
long-billed_hermits,long-billed_hermits/44kKz_songtype_segment_analysis_sep_2019.wav_28.wav,2,crepe,4945.32950291634,1846.1699087123209,117.71215509321122,0.0,0.3556670135329544,1.0,100
long-billed_hermits,long-billed_hermits/44kKz_songtype_segment_analysis_sep_2019.wav_28.wav,3,crepe,4945.32950291634,995.4693736267799,235.34927679696816,0.0,0.0608375018909918,0.99,99
long-billed_hermits,long-billed_hermits/44kKz_songtype_segment_analysis_sep_2019.wav_29.wav,0,crepe,4666.4793549999995,189.5887234188695,163.90941444252928,1.0,0.6528253566664491,0.99,99
long-billed_hermits,long-billed_hermits/44kKz_songtype_segment_analysis_sep_2019.wav_29.wav,1,crepe,4666.4793549999995,962.0000212604974,266.89400804827915,0.0,0.6963457922361367,1.0,100
long-billed_hermits,long-billed_hermits/44kKz_songtype_segment_analysis_sep_2019.wav_29.wav,2,crepe,4666.4793549999995,1947.227898634482,177.42043229885144,0.0,-0.21882945250661795,0.99,99
long-billed_hermits,long-billed_hermits/44kKz_songtype_segment_analysis_sep_2019.wav_29.wav,3,crepe,4666.4793549999995,1104.254255859149,187.2515287107016,0.0,0.4316245171074876,0.96,96
long-billed_hermits,long-billed_hermits/44kKz_songtype_segment_analysis_sep_2019.wav_30.wav,0,crepe,4517.222943,208.24773829312807,173.0084683336832,1.0,0.6103595628102568,0.98,98
long-billed_hermits,long-billed_hermits/44kKz_songtype_segment_analysis_sep_2019.wav_30.wav,1,crepe,4517.222943,828.0638659060207,221.0103466868432,1.0,0.03756860469000865,1.0,100
long-billed_hermits,long-billed_hermits/44kKz_songtype_segment_analysis_sep_2019.wav_30.wav,2,crepe,4517.222943,1963.0136852917094,207.5199731874885,0.0,0.43634942719911124,1.0,100
long-billed_hermits,long-billed_hermits/44kKz_songtype_segment_analysis_sep_2019.wav_30.wav,3,crepe,4517.222943,960.716285296723,247.3144593026501,0.0,-0.48703084453033235,0.96,96
long-billed_hermits,long-billed_hermits/44kKz_songtype_segment_analysis_sep_2019.wav_31.wav,0,crepe,4155.305998,113.76241616181778,112.15806178960455,1.0,0.6400193648509575,0.99,99
long-billed_hermits,long-billed_hermits/44kKz_songtype_segment_analysis_sep_2019.wav_31.wav,1,crepe,4155.305998,1078.1894299249475,169.3067115945035,0.0,0.3807729013879553,1.0,100
long-billed_hermits,long-billed_hermits/44kKz_songtype_segment_analysis_sep_2019.wav_31.wav,2,crepe,4155.305998,1834.3363468413568,115.27740448663013,0.0,-0.05540733836219384,1.0,100
long-billed_hermits,long-billed_hermits/44kKz_songtype_segment_analysis_sep_2019.wav_31.wav,3,crepe,4155.305998,2335.071947299821,178.7556955002811,0.0,0.11032094507430844,0.99,99
long-billed_hermits,long-billed_hermits/44kKz_songtype_segment_analysis_sep_2019.wav_33.wav,0,crepe,3820.14451118656,97.31768717345197,97.31768717345197,1.0,0.5167572569030814,0.9,90
long-billed_hermits,long-billed_hermits/44kKz_songtype_segment_analysis_sep_2019.wav_33.wav,1,crepe,3820.14451118656,1075.7164891271336,147.8988096750751,0.0,-0.05826855212325113,1.0,100
long-billed_hermits,long-billed_hermits/44kKz_songtype_segment_analysis_sep_2019.wav_33.wav,2,crepe,3820.14451118656,1665.5229135469679,164.87486018499249,0.0,0.2285671231401282,1.0,100
long-billed_hermits,long-billed_hermits/44kKz_songtype_segment_analysis_sep_2019.wav_33.wav,3,crepe,3820.14451118656,2367.0763434754936,180.89113032718345,0.0,0.39307860804590145,1.0,100
long-billed_hermits,long-billed_hermits/44kKz_songtype_segment_analysis_sep_2019.wav_35.wav,0,crepe,3951.8150953251497,145.6728930496632,139.2492029457117,1.0,0.7846421113643404,0.97,97
long-billed_hermits,long-billed_hermits/44kKz_songtype_segment_analysis_sep_2019.wav_35.wav,1,crepe,3951.8150953251497,957.7113819423726,134.8691196415684,0.0,-0.07345013681178261,1.0,100
long-billed_hermits,long-billed_hermits/44kKz_songtype_segment_analysis_sep_2019.wav_35.wav,2,crepe,3951.8150953251497,1815.6141260761033,177.50344945435927,0.0,0.11825839875880638,1.0,100
long-billed_hermits,long-billed_hermits/44kKz_songtype_segment_analysis_sep_2019.wav_35.wav,3,crepe,3951.8150953251497,2283.4883076948627,213.42501423250906,0.0,0.09722781405692466,1.0,100
long-billed_hermits,long-billed_hermits/44kKz_songtype_segment_analysis_sep_2019.wav_36.wav,0,crepe,4058.2002555248555,135.82344807306959,131.57527013936235,1.0,0.8308710912562832,0.99,99
long-billed_hermits,long-billed_hermits/44kKz_songtype_segment_analysis_sep_2019.wav_36.wav,1,crepe,4058.2002555248555,849.0953211949873,120.47997821912554,1.0,-0.1340043238535705,1.0,100
long-billed_hermits,long-billed_hermits/44kKz_songtype_segment_analysis_sep_2019.wav_36.wav,2,crepe,4058.2002555248555,1767.502641613559,178.6851650289708,0.0,-0.4354903623414501,1.0,100
long-billed_hermits,long-billed_hermits/44kKz_songtype_segment_analysis_sep_2019.wav_36.wav,3,crepe,4058.2002555248555,2254.655039503866,212.7203770070062,0.0,-0.1305643995968096,0.97,97
long-billed_hermits,long-billed_hermits/44kKz_songtype_segment_analysis_sep_2019.wav_38.wav,0,crepe,4117.733099,139.11901549255413,133.13795808504648,1.0,0.8222858441030746,0.87,87
long-billed_hermits,long-billed_hermits/44kKz_songtype_segment_analysis_sep_2019.wav_38.wav,1,crepe,4117.733099,831.7906642508949,134.12282047504692,0.0,0.008061169218779266,1.0,100
long-billed_hermits,long-billed_hermits/44kKz_songtype_segment_analysis_sep_2019.wav_38.wav,2,crepe,4117.733099,1665.804532922019,176.16840895903727,0.0,0.148441370552614,1.0,100
long-billed_hermits,long-billed_hermits/44kKz_songtype_segment_analysis_sep_2019.wav_38.wav,3,crepe,4117.733099,2272.4438774447094,229.2396383529071,0.0,-0.2647587023968361,1.0,100
long-billed_hermits,long-billed_hermits/44kKz_songtype_segment_analysis_sep_2019.wav_39.wav,0,crepe,4298.946635,77.37795186024046,77.37795186024046,1.0,0.8370565665969958,0.98,98
long-billed_hermits,long-billed_hermits/44kKz_songtype_segment_analysis_sep_2019.wav_39.wav,1,crepe,4298.946635,861.7131548441464,205.81511267428306,0.0,-0.5812216778398971,1.0,100
long-billed_hermits,long-billed_hermits/44kKz_songtype_segment_analysis_sep_2019.wav_39.wav,2,crepe,4298.946635,1874.1792588696815,99.50987609304244,0.0,-0.0208975177504474,1.0,100
long-billed_hermits,long-billed_hermits/44kKz_songtype_segment_analysis_sep_2019.wav_39.wav,3,crepe,4298.946635,2236.5752979971194,242.90208711237216,0.0,-0.7138124991407024,0.98,98
long-billed_hermits,long-billed_hermits/44kKz_songtype_segment_analysis_sep_2019.wav_40.wav,0,crepe,4203.1862105,84.86311058299107,84.86311058299107,1.0,0.8756394558416988,0.89,89
long-billed_hermits,long-billed_hermits/44kKz_songtype_segment_analysis_sep_2019.wav_40.wav,1,crepe,4203.1862105,1122.9080957321935,155.84603625373586,0.0,-0.3413973044320896,1.0,100
long-billed_hermits,long-billed_hermits/44kKz_songtype_segment_analysis_sep_2019.wav_40.wav,2,crepe,4203.1862105,1924.82131089314,120.76696053754853,0.0,0.44789134891100324,1.0,100
long-billed_hermits,long-billed_hermits/44kKz_songtype_segment_analysis_sep_2019.wav_40.wav,3,crepe,4203.1862105,2220.8800794294175,245.86155805335721,0.0,-0.12493297051155347,1.0,100
long-billed_hermits,long-billed_hermits/44kKz_songtype_segment_analysis_sep_2019.wav_44.wav,0,crepe,3425.1327587707847,273.4076722240353,106.52187188552433,1.0,0.4745086635366815,0.96,96
long-billed_hermits,long-billed_hermits/44kKz_songtype_segment_analysis_sep_2019.wav_44.wav,1,crepe,3425.1327587707847,1101.5342490718367,101.43303626598899,0.0,-0.07956166743977038,1.0,100
long-billed_hermits,long-billed_hermits/44kKz_songtype_segment_analysis_sep_2019.wav_44.wav,2,crepe,3425.1327587707847,1736.4363351974866,127.46755847755564,0.0,0.28804230843876316,1.0,100
long-billed_hermits,long-billed_hermits/44kKz_songtype_segment_analysis_sep_2019.wav_44.wav,3,crepe,3425.1327587707847,2450.0242184078625,207.68863123576085,0.0,0.005521414527398399,1.0,100
long-billed_hermits,long-billed_hermits/44kKz_songtype_segment_analysis_sep_2019.wav_45.wav,0,crepe,3784.8356355,252.96083711195462,158.01499322145597,1.0,0.3885343891755008,0.99,99
long-billed_hermits,long-billed_hermits/44kKz_songtype_segment_analysis_sep_2019.wav_45.wav,1,crepe,3784.8356355,1017.3692477711741,150.75182414777743,0.0,-0.29000112734985617,1.0,100
long-billed_hermits,long-billed_hermits/44kKz_songtype_segment_analysis_sep_2019.wav_45.wav,2,crepe,3784.8356355,1728.0533151581694,142.5660367924358,0.0,0.6750141317868754,1.0,100
long-billed_hermits,long-billed_hermits/44kKz_songtype_segment_analysis_sep_2019.wav_45.wav,3,crepe,3784.8356355,2292.575301571531,206.94321965199921,0.0,0.5568893839306792,0.76,76
long-billed_hermits,long-billed_hermits/44kKz_songtype_segment_analysis_sep_2019.wav_47.wav,0,crepe,3508.92313049534,85.18294563555578,85.18294563555578,1.0,0.878499012365146,0.99,99
long-billed_hermits,long-billed_hermits/44kKz_songtype_segment_analysis_sep_2019.wav_47.wav,1,crepe,3508.92313049534,1096.20693367058,96.5995600333748,0.0,0.18283220475904455,1.0,100
long-billed_hermits,long-billed_hermits/44kKz_songtype_segment_analysis_sep_2019.wav_47.wav,2,crepe,3508.92313049534,1578.721522486545,95.90577616615082,0.0,0.08998416752112873,1.0,100
long-billed_hermits,long-billed_hermits/44kKz_songtype_segment_analysis_sep_2019.wav_47.wav,3,crepe,3508.92313049534,2364.487902465272,128.4777611875049,0.0,-0.1638248265607913,1.0,100
long-billed_hermits,long-billed_hermits/44kKz_songtype_segment_analysis_sep_2019.wav_48.wav,0,crepe,3580.74344911639,84.79061537018363,84.79061537018363,1.0,0.8554671406993837,0.99,99
long-billed_hermits,long-billed_hermits/44kKz_songtype_segment_analysis_sep_2019.wav_48.wav,1,crepe,3580.74344911639,1090.5727376091895,104.17335161903867,0.0,0.13416949404719797,1.0,100
long-billed_hermits,long-billed_hermits/44kKz_songtype_segment_analysis_sep_2019.wav_48.wav,2,crepe,3580.74344911639,124.35095192077591,103.4437882891801,1.0,0.19789671686621974,0.94,94
long-billed_hermits,long-billed_hermits/44kKz_songtype_segment_analysis_sep_2019.wav_48.wav,3,crepe,3580.74344911639,2381.40740641743,172.96360199782208,0.0,-0.31560756576077215,1.0,100
long-billed_hermits,long-billed_hermits/44kKz_songtype_segment_analysis_sep_2019.wav_5.wav,0,crepe,4511.705685999999,63.81404698214228,63.81404698214228,1.0,0.7409058037098856,0.91,91
long-billed_hermits,long-billed_hermits/44kKz_songtype_segment_analysis_sep_2019.wav_5.wav,1,crepe,4511.705685999999,1118.4182375928494,187.904165678804,0.0,-0.2889943318180301,1.0,100
long-billed_hermits,long-billed_hermits/44kKz_songtype_segment_analysis_sep_2019.wav_5.wav,2,crepe,4511.705685999999,1962.2699522281496,100.29889310159359,0.0,0.009662064558019594,1.0,100
long-billed_hermits,long-billed_hermits/44kKz_songtype_segment_analysis_sep_2019.wav_5.wav,3,crepe,4511.705685999999,1081.1056232464157,295.73504742299764,0.0,0.3386836518793052,1.0,100
long-billed_hermits,long-billed_hermits/44kKz_songtype_segment_analysis_sep_2019.wav_51.wav,0,crepe,3484.9830242883304,101.0632272820394,82.58119349933514,1.0,0.3643314504052711,1.0,100
long-billed_hermits,long-billed_hermits/44kKz_songtype_segment_analysis_sep_2019.wav_51.wav,1,crepe,3484.9830242883304,1085.0809725909974,96.74585033573574,0.0,0.25144793391669185,1.0,100
long-billed_hermits,long-billed_hermits/44kKz_songtype_segment_analysis_sep_2019.wav_51.wav,2,crepe,3484.9830242883304,1801.4372551109618,95.7766399031826,0.0,0.24350841169217166,1.0,100
long-billed_hermits,long-billed_hermits/44kKz_songtype_segment_analysis_sep_2019.wav_51.wav,3,crepe,3484.9830242883304,2396.4364060766275,170.41184993183055,0.0,-0.06984998224079299,1.0,100
long-billed_hermits,long-billed_hermits/44kKz_songtype_segment_analysis_sep_2019.wav_52.wav,0,crepe,3583.892617,96.75591308484044,89.06179472433007,1.0,0.3954561001857916,1.0,100
long-billed_hermits,long-billed_hermits/44kKz_songtype_segment_analysis_sep_2019.wav_52.wav,1,crepe,3583.892617,1105.3414431504518,86.63966431810289,0.0,0.32157038407379507,1.0,100
long-billed_hermits,long-billed_hermits/44kKz_songtype_segment_analysis_sep_2019.wav_52.wav,2,crepe,3583.892617,1791.714338588601,97.03110531203313,0.0,0.298205911654487,1.0,100
long-billed_hermits,long-billed_hermits/44kKz_songtype_segment_analysis_sep_2019.wav_52.wav,3,crepe,3583.892617,2741.6072809198895,342.92452394481563,0.0,-0.3072921912532457,1.0,100
long-billed_hermits,long-billed_hermits/44kKz_songtype_segment_analysis_sep_2019.wav_54.wav,0,crepe,5559.6109525,1029.3356715944356,70.85670757326864,0.0,0.32537485463828947,0.99,99
long-billed_hermits,long-billed_hermits/44kKz_songtype_segment_analysis_sep_2019.wav_54.wav,1,crepe,5559.6109525,668.5087910967387,306.8416231023071,0.0,0.1527588795870675,1.0,100
long-billed_hermits,long-billed_hermits/44kKz_songtype_segment_analysis_sep_2019.wav_54.wav,2,crepe,5559.6109525,630.8777686008549,326.97009924400356,0.0,-0.17963287102393133,1.0,100
long-billed_hermits,long-billed_hermits/44kKz_songtype_segment_analysis_sep_2019.wav_54.wav,3,crepe,5559.6109525,604.265399682067,239.06629972595454,1.0,0.7219483509912182,0.62,62
long-billed_hermits,long-billed_hermits/44kKz_songtype_segment_analysis_sep_2019.wav_55.wav,0,crepe,4281.9222165,82.15871867929634,82.15871867929634,1.0,0.7634644953238701,1.0,100
long-billed_hermits,long-billed_hermits/44kKz_songtype_segment_analysis_sep_2019.wav_55.wav,1,crepe,4281.9222165,896.410404296946,254.5724426252289,0.0,-0.05377121476541751,1.0,100
long-billed_hermits,long-billed_hermits/44kKz_songtype_segment_analysis_sep_2019.wav_55.wav,2,crepe,4281.9222165,1918.8441207274973,176.9837336498507,0.0,-0.46299370567233733,1.0,100
long-billed_hermits,long-billed_hermits/44kKz_songtype_segment_analysis_sep_2019.wav_55.wav,3,crepe,4281.9222165,1123.1076387349458,321.31480435574247,0.0,-0.3210972965027883,1.0,100
long-billed_hermits,long-billed_hermits/44kKz_songtype_segment_analysis_sep_2019.wav_57.wav,0,crepe,3465.5825160000004,88.44429258246302,88.44429258246302,1.0,0.9606836681430434,0.97,97
long-billed_hermits,long-billed_hermits/44kKz_songtype_segment_analysis_sep_2019.wav_57.wav,1,crepe,3465.5825160000004,1115.2099077599373,90.27706651059898,0.0,-0.20247970123181488,1.0,100
long-billed_hermits,long-billed_hermits/44kKz_songtype_segment_analysis_sep_2019.wav_57.wav,2,crepe,3465.5825160000004,1777.9641233477132,97.16076730998937,0.0,0.786032947178141,1.0,100
long-billed_hermits,long-billed_hermits/44kKz_songtype_segment_analysis_sep_2019.wav_57.wav,3,crepe,3465.5825160000004,2289.132047649636,210.9687984276975,0.0,-0.49425093531365655,0.97,97
long-billed_hermits,long-billed_hermits/44kKz_songtype_segment_analysis_sep_2019.wav_59.wav,0,crepe,3595.7236275,93.15257182497662,93.15257182497662,1.0,0.9435766776277423,1.0,100
long-billed_hermits,long-billed_hermits/44kKz_songtype_segment_analysis_sep_2019.wav_59.wav,1,crepe,3595.7236275,1134.9643506865118,92.0296888146694,0.0,-0.6515289515883906,1.0,100
long-billed_hermits,long-billed_hermits/44kKz_songtype_segment_analysis_sep_2019.wav_59.wav,2,crepe,3595.7236275,1823.392226209793,86.69585263677669,0.0,0.5654505236996447,1.0,100
long-billed_hermits,long-billed_hermits/44kKz_songtype_segment_analysis_sep_2019.wav_59.wav,3,crepe,3595.7236275,2331.4622690914875,214.27086856842442,0.0,0.1379620793730143,1.0,100
long-billed_hermits,long-billed_hermits/44kKz_songtype_segment_analysis_sep_2019.wav_6.wav,0,crepe,4601.359491,89.11048893853177,89.11048893853177,1.0,0.7898456653250647,0.94,94
long-billed_hermits,long-billed_hermits/44kKz_songtype_segment_analysis_sep_2019.wav_6.wav,1,crepe,4601.359491,1135.3544371735884,92.93391062819649,0.0,0.7487113526397953,1.0,100
long-billed_hermits,long-billed_hermits/44kKz_songtype_segment_analysis_sep_2019.wav_6.wav,2,crepe,4601.359491,1862.4885203874671,94.2524885217806,0.0,0.11783785936302729,1.0,100
long-billed_hermits,long-billed_hermits/44kKz_songtype_segment_analysis_sep_2019.wav_6.wav,3,crepe,4601.359491,1121.6921595821052,152.4964997672153,0.0,0.39185584354945047,1.0,100
long-billed_hermits,long-billed_hermits/44kKz_songtype_segment_analysis_sep_2019.wav_61.wav,0,crepe,3484.983024,60.605173852690314,60.605173852690314,1.0,0.8134924248818556,1.0,100
long-billed_hermits,long-billed_hermits/44kKz_songtype_segment_analysis_sep_2019.wav_61.wav,1,crepe,3484.983024,1099.0456375117187,105.8907161621478,0.0,-0.6485485612803153,1.0,100
long-billed_hermits,long-billed_hermits/44kKz_songtype_segment_analysis_sep_2019.wav_61.wav,2,crepe,3484.983024,1762.6031638932668,91.96240627933918,0.0,-0.4302001555376103,1.0,100
long-billed_hermits,long-billed_hermits/44kKz_songtype_segment_analysis_sep_2019.wav_61.wav,3,crepe,3484.983024,2371.4316403084513,115.70117601026317,0.0,0.370150128840212,1.0,100
long-billed_hermits,long-billed_hermits/44kKz_songtype_segment_analysis_sep_2019.wav_62.wav,0,crepe,3499.083833,75.45190163963159,74.63273958151323,1.0,0.7566877725713314,0.94,94
long-billed_hermits,long-billed_hermits/44kKz_songtype_segment_analysis_sep_2019.wav_62.wav,1,crepe,3499.083833,1041.436666406564,144.33160481800383,0.0,-0.6002003760768131,1.0,100
long-billed_hermits,long-billed_hermits/44kKz_songtype_segment_analysis_sep_2019.wav_62.wav,2,crepe,3499.083833,1682.554588103536,116.8036650640003,0.0,-0.09060872243822117,1.0,100
long-billed_hermits,long-billed_hermits/44kKz_songtype_segment_analysis_sep_2019.wav_62.wav,3,crepe,3499.083833,2309.1617299627005,166.9654246908863,0.0,0.04199363911216416,1.0,100
long-billed_hermits,long-billed_hermits/44kKz_songtype_segment_analysis_sep_2019.wav_64.wav,0,crepe,3149.8215375,64.86898359307212,56.098440934094356,1.0,0.5731666644504056,0.99,99
long-billed_hermits,long-billed_hermits/44kKz_songtype_segment_analysis_sep_2019.wav_64.wav,1,crepe,3149.8215375,1049.2674668926813,57.01581087877543,1.0,-0.721082597939876,1.0,100
long-billed_hermits,long-billed_hermits/44kKz_songtype_segment_analysis_sep_2019.wav_64.wav,2,crepe,3149.8215375,1761.6075008339894,62.668815850837895,0.0,0.7760416364682933,1.0,100
long-billed_hermits,long-billed_hermits/44kKz_songtype_segment_analysis_sep_2019.wav_64.wav,3,crepe,3149.8215375,2556.8894405265373,251.35638623279107,0.0,-0.5056493135249701,1.0,100
long-billed_hermits,long-billed_hermits/44kKz_songtype_segment_analysis_sep_2019.wav_66.wav,0,crepe,3820.512821,128.0339330893354,128.0339330893354,1.0,0.8327263621825175,0.99,99
long-billed_hermits,long-billed_hermits/44kKz_songtype_segment_analysis_sep_2019.wav_66.wav,1,crepe,3820.512821,731.8113763130089,130.6694243835667,0.0,-0.5095983485798042,1.0,100
long-billed_hermits,long-billed_hermits/44kKz_songtype_segment_analysis_sep_2019.wav_66.wav,2,crepe,3820.512821,1531.4613428583468,139.93811893636666,0.0,0.517017352887463,1.0,100
long-billed_hermits,long-billed_hermits/44kKz_songtype_segment_analysis_sep_2019.wav_66.wav,3,crepe,3820.512821,2362.3109367067254,199.8380679781224,0.0,-0.027060663764085786,1.0,100
long-billed_hermits,long-billed_hermits/44kKz_songtype_segment_analysis_sep_2019.wav_67.wav,0,crepe,4379.584131,70.43483902520882,70.43483902520882,1.0,0.9174138244372271,0.99,99
long-billed_hermits,long-billed_hermits/44kKz_songtype_segment_analysis_sep_2019.wav_67.wav,1,crepe,4379.584131,1107.9631125787569,80.1693515810734,1.0,-0.6929355993696572,0.99,99
long-billed_hermits,long-billed_hermits/44kKz_songtype_segment_analysis_sep_2019.wav_67.wav,2,crepe,4379.584131,1856.253375049311,110.4696414979395,0.0,0.44442647645275957,1.0,100
long-billed_hermits,long-billed_hermits/44kKz_songtype_segment_analysis_sep_2019.wav_67.wav,3,crepe,4379.584131,1066.75240391545,198.40973079048442,1.0,-0.4896538361146045,1.0,100
long-billed_hermits,long-billed_hermits/44kKz_songtype_segment_analysis_sep_2019.wav_69.wav,0,crepe,6118.394707,93.39368157877517,93.39368157877517,1.0,0.779607533437191,0.93,93
long-billed_hermits,long-billed_hermits/44kKz_songtype_segment_analysis_sep_2019.wav_69.wav,1,crepe,6118.394707,1025.9128624934044,174.08713750659567,0.0,0.7694470023984089,0.93,93
long-billed_hermits,long-billed_hermits/44kKz_songtype_segment_analysis_sep_2019.wav_69.wav,2,crepe,6118.394707,622.0990942938719,435.3343770605481,1.0,0.7004285849706502,1.0,100
long-billed_hermits,long-billed_hermits/44kKz_songtype_segment_analysis_sep_2019.wav_7.wav,0,crepe,4180.2171015,66.65179337180788,65.92909486606641,1.0,0.7870991343187436,0.92,92
long-billed_hermits,long-billed_hermits/44kKz_songtype_segment_analysis_sep_2019.wav_7.wav,1,crepe,4180.2171015,786.1133126786117,100.79315766597385,1.0,-0.573510239979257,1.0,100
long-billed_hermits,long-billed_hermits/44kKz_songtype_segment_analysis_sep_2019.wav_7.wav,2,crepe,4180.2171015,1671.5915041150347,115.0752122940599,0.0,0.0034467774013758655,1.0,100
long-billed_hermits,long-billed_hermits/44kKz_songtype_segment_analysis_sep_2019.wav_7.wav,3,crepe,4180.2171015,1130.494531366337,222.64432642809888,0.0,-0.07566199711619119,1.0,100
long-billed_hermits,long-billed_hermits/44kKz_songtype_segment_analysis_sep_2019.wav_71.wav,0,crepe,4927.564758,234.91485041074196,159.45336829700648,1.0,0.5174311187189109,1.0,100
long-billed_hermits,long-billed_hermits/44kKz_songtype_segment_analysis_sep_2019.wav_71.wav,1,crepe,4927.564758,506.2000274143297,121.97446597205726,1.0,0.47549977015931627,1.0,100
long-billed_hermits,long-billed_hermits/44kKz_songtype_segment_analysis_sep_2019.wav_71.wav,2,crepe,4927.564758,1740.8151321120254,99.48040476136717,0.0,0.41725476455439925,1.0,100
long-billed_hermits,long-billed_hermits/44kKz_songtype_segment_analysis_sep_2019.wav_71.wav,3,crepe,4927.564758,1004.0140113435336,272.9847482520116,0.0,0.11753121973721625,1.0,100
long-billed_hermits,long-billed_hermits/44kKz_songtype_segment_analysis_sep_2019.wav_73.wav,0,crepe,6011.383646,185.11264694825869,162.86070740427766,1.0,0.5120015009617804,0.99,99
long-billed_hermits,long-billed_hermits/44kKz_songtype_segment_analysis_sep_2019.wav_73.wav,1,crepe,6011.383646,753.7387905504703,403.04381665143427,0.0,0.43631255979478833,0.97,97
long-billed_hermits,long-billed_hermits/44kKz_songtype_segment_analysis_sep_2019.wav_73.wav,2,crepe,6011.383646,653.0293779515501,335.16131961694697,1.0,0.2961568406344805,1.0,100
long-billed_hermits,long-billed_hermits/44kKz_songtype_segment_analysis_sep_2019.wav_74.wav,0,crepe,4979.838672,190.6474769149009,161.60583140443856,1.0,0.8130821856142217,0.99,99
long-billed_hermits,long-billed_hermits/44kKz_songtype_segment_analysis_sep_2019.wav_74.wav,1,crepe,4979.838672,736.584747759064,122.96463114804247,1.0,-0.11588919983594062,1.0,100
long-billed_hermits,long-billed_hermits/44kKz_songtype_segment_analysis_sep_2019.wav_74.wav,2,crepe,4979.838672,1878.1746484081339,124.02751582039542,0.0,0.681825311269099,1.0,100
long-billed_hermits,long-billed_hermits/44kKz_songtype_segment_analysis_sep_2019.wav_74.wav,3,crepe,4979.838672,987.6146019114503,236.424709772241,1.0,0.2786898937466876,1.0,100
long-billed_hermits,long-billed_hermits/44kKz_songtype_segment_analysis_sep_2019.wav_76.wav,0,crepe,4438.7391815,185.99886838129282,143.34564470496235,1.0,0.6088390109267112,0.99,99
long-billed_hermits,long-billed_hermits/44kKz_songtype_segment_analysis_sep_2019.wav_76.wav,1,crepe,4438.7391815,801.1333896648147,276.439416733747,1.0,-0.6713798437190379,1.0,100
long-billed_hermits,long-billed_hermits/44kKz_songtype_segment_analysis_sep_2019.wav_76.wav,2,crepe,4438.7391815,1856.427126139089,95.1249634322287,0.0,0.5784738491395377,1.0,100
long-billed_hermits,long-billed_hermits/44kKz_songtype_segment_analysis_sep_2019.wav_76.wav,3,crepe,4438.7391815,1174.3506442428122,196.25280784634703,0.0,-0.11779392048403498,1.0,100
long-billed_hermits,long-billed_hermits/44kKz_songtype_segment_analysis_sep_2019.wav_78.wav,0,crepe,3510.9148437476697,172.88477280305318,154.96986093472498,1.0,0.33031086091841383,0.97,97
long-billed_hermits,long-billed_hermits/44kKz_songtype_segment_analysis_sep_2019.wav_78.wav,1,crepe,3510.9148437476697,1035.1143012105395,176.97072790339965,0.0,-0.2153748690049358,1.0,100
long-billed_hermits,long-billed_hermits/44kKz_songtype_segment_analysis_sep_2019.wav_78.wav,2,crepe,3510.9148437476697,1702.4120547938303,151.65317599420993,0.0,0.025252202751697768,1.0,100
long-billed_hermits,long-billed_hermits/44kKz_songtype_segment_analysis_sep_2019.wav_78.wav,3,crepe,3510.9148437476697,2299.095857538284,140.43911264378377,0.0,0.15527470870201482,1.0,100
long-billed_hermits,long-billed_hermits/44kKz_songtype_segment_analysis_sep_2019.wav_79.wav,0,crepe,4916.5455355,109.73483131664567,109.73483131664567,1.0,0.8959792499196394,0.99,99
long-billed_hermits,long-billed_hermits/44kKz_songtype_segment_analysis_sep_2019.wav_79.wav,1,crepe,4916.5455355,837.3292304580239,188.04392357838972,0.0,0.06392940084103449,1.0,100
long-billed_hermits,long-billed_hermits/44kKz_songtype_segment_analysis_sep_2019.wav_79.wav,2,crepe,4916.5455355,1840.2749943474762,233.35272036856935,0.0,0.35078269373792753,1.0,100
long-billed_hermits,long-billed_hermits/44kKz_songtype_segment_analysis_sep_2019.wav_79.wav,3,crepe,4916.5455355,1013.1191260350886,236.99899230990954,0.0,-0.010369001412245943,1.0,100
long-billed_hermits,long-billed_hermits/44kKz_songtype_segment_analysis_sep_2019.wav_80.wav,0,crepe,4945.329503000001,92.98852856228265,92.98852856228265,1.0,0.89345562240906,1.0,100
long-billed_hermits,long-billed_hermits/44kKz_songtype_segment_analysis_sep_2019.wav_80.wav,1,crepe,4945.329503000001,872.1082617788103,208.59210246610039,0.0,0.16426555622162106,1.0,100
long-billed_hermits,long-billed_hermits/44kKz_songtype_segment_analysis_sep_2019.wav_80.wav,2,crepe,4945.329503000001,1827.692658400531,233.37992816937503,0.0,0.749941252780866,1.0,100
long-billed_hermits,long-billed_hermits/44kKz_songtype_segment_analysis_sep_2019.wav_80.wav,3,crepe,4945.329503000001,1028.5642088513732,226.25177943198375,0.0,0.3659831390886386,0.99,99
long-billed_hermits,long-billed_hermits/44kKz_songtype_segment_analysis_sep_2019.wav_82.wav,0,crepe,5160.790459,120.11446808374416,110.76295940545843,1.0,0.7387702887019597,0.99,99
long-billed_hermits,long-billed_hermits/44kKz_songtype_segment_analysis_sep_2019.wav_82.wav,1,crepe,5160.790459,793.2012187383166,309.1334485443681,0.0,-0.2810441322848727,1.0,100
long-billed_hermits,long-billed_hermits/44kKz_songtype_segment_analysis_sep_2019.wav_82.wav,2,crepe,5160.790459,1846.1003338218993,185.0503676583899,0.0,0.44586525827857076,1.0,100
long-billed_hermits,long-billed_hermits/44kKz_songtype_segment_analysis_sep_2019.wav_82.wav,3,crepe,5160.790459,378.2091021858088,195.36976284760414,1.0,0.2387227640551569,0.88,88
long-billed_hermits,long-billed_hermits/44kKz_songtype_segment_analysis_sep_2019.wav_84.wav,0,crepe,5424.131627000001,264.497102572568,159.91174598143624,1.0,0.6768359175595905,1.0,100
long-billed_hermits,long-billed_hermits/44kKz_songtype_segment_analysis_sep_2019.wav_84.wav,1,crepe,5424.131627000001,835.998784338678,247.19594299196385,0.0,-0.3133619157666803,1.0,100
long-billed_hermits,long-billed_hermits/44kKz_songtype_segment_analysis_sep_2019.wav_84.wav,2,crepe,5424.131627000001,1750.0573139285698,162.92435028756475,0.0,0.11799179858111444,1.0,100
long-billed_hermits,long-billed_hermits/44kKz_songtype_segment_analysis_sep_2019.wav_84.wav,3,crepe,5424.131627000001,595.4283328041644,258.3168891579392,1.0,-0.12567763806942978,0.41,41
long-billed_hermits,long-billed_hermits/44kKz_songtype_segment_analysis_sep_2019.wav_86.wav,0,crepe,3808.21957,297.929358536006,215.27210867244327,1.0,0.5018316052979266,0.94,94
long-billed_hermits,long-billed_hermits/44kKz_songtype_segment_analysis_sep_2019.wav_86.wav,1,crepe,3808.21957,1009.9888544122402,145.0876185809705,0.0,-0.3472784472013049,1.0,100
long-billed_hermits,long-billed_hermits/44kKz_songtype_segment_analysis_sep_2019.wav_86.wav,2,crepe,3808.21957,1645.6675779115976,218.2732753061727,0.0,0.4314714110223642,1.0,100
long-billed_hermits,long-billed_hermits/44kKz_songtype_segment_analysis_sep_2019.wav_86.wav,3,crepe,3808.21957,2369.482490860314,262.91497394270925,0.0,0.01801353666148808,1.0,100
long-billed_hermits,long-billed_hermits/44kKz_songtype_segment_analysis_sep_2019.wav_87.wav,0,crepe,3796.8508005,323.1216746411173,196.79618703008853,1.0,0.5835612385949277,0.95,95
long-billed_hermits,long-billed_hermits/44kKz_songtype_segment_analysis_sep_2019.wav_87.wav,1,crepe,3796.8508005,918.6094261353487,172.03341139806423,0.0,-0.28679784445629236,1.0,100
long-billed_hermits,long-billed_hermits/44kKz_songtype_segment_analysis_sep_2019.wav_87.wav,2,crepe,3796.8508005,1540.6307153585421,192.61455320087268,0.0,0.5084141097306889,0.98,98
long-billed_hermits,long-billed_hermits/44kKz_songtype_segment_analysis_sep_2019.wav_87.wav,3,crepe,3796.8508005,2348.8393900448964,232.91547397808,0.0,-0.0027621749310538773,1.0,100
long-billed_hermits,long-billed_hermits/44kKz_songtype_segment_analysis_sep_2019.wav_89.wav,0,crepe,4741.8386,99.02665651683536,99.02665651683536,1.0,0.8412902125997753,0.98,98
long-billed_hermits,long-billed_hermits/44kKz_songtype_segment_analysis_sep_2019.wav_89.wav,1,crepe,4741.8386,1054.7608008177876,302.54754854041767,0.0,0.4174640373428781,1.0,100
long-billed_hermits,long-billed_hermits/44kKz_songtype_segment_analysis_sep_2019.wav_89.wav,2,crepe,4741.8386,1882.4660270894913,199.98715056931653,0.0,0.3375831800169196,1.0,100
long-billed_hermits,long-billed_hermits/44kKz_songtype_segment_analysis_sep_2019.wav_89.wav,3,crepe,4741.8386,1061.955162133885,231.52356922857112,0.0,-0.17284743479224948,0.98,98
long-billed_hermits,long-billed_hermits/44kKz_songtype_segment_analysis_sep_2019.wav_9.wav,0,crepe,4298.9466354999995,118.67027846296381,110.48418402073739,1.0,0.8486251262630747,0.96,96
long-billed_hermits,long-billed_hermits/44kKz_songtype_segment_analysis_sep_2019.wav_9.wav,1,crepe,4298.9466354999995,672.9644610026689,113.34194349268522,1.0,-0.6165143091667967,1.0,100
long-billed_hermits,long-billed_hermits/44kKz_songtype_segment_analysis_sep_2019.wav_9.wav,2,crepe,4298.9466354999995,1833.743685352136,179.13880064706444,0.0,-0.19137044753680968,1.0,100
long-billed_hermits,long-billed_hermits/44kKz_songtype_segment_analysis_sep_2019.wav_9.wav,3,crepe,4298.9466354999995,1079.8202243083974,257.61090805505427,0.0,0.2938855069745382,1.0,100
long-billed_hermits,long-billed_hermits/44kKz_songtype_segment_analysis_sep_2019.wav_91.wav,0,crepe,5591.712371,139.15909923962448,128.20092366786187,1.0,0.8652395677328407,0.99,99
long-billed_hermits,long-billed_hermits/44kKz_songtype_segment_analysis_sep_2019.wav_91.wav,1,crepe,5591.712371,784.0891123499589,321.7506332768799,1.0,0.07306202433132472,1.0,100
long-billed_hermits,long-billed_hermits/44kKz_songtype_segment_analysis_sep_2019.wav_91.wav,2,crepe,5591.712371,1708.533016977703,264.42591402472135,0.0,-0.7434680572651498,1.0,100
long-billed_hermits,long-billed_hermits/44kKz_songtype_segment_analysis_sep_2019.wav_91.wav,3,crepe,5591.712371,1006.8333937144115,221.85828515990238,0.0,-0.886957374018007,0.35,35
long-billed_hermits,long-billed_hermits/44kKz_songtype_segment_analysis_sep_2019.wav_93.wav,0,crepe,5950.81396340903,95.44276665985194,86.60565210566212,1.0,0.6374926733587086,0.99,99
long-billed_hermits,long-billed_hermits/44kKz_songtype_segment_analysis_sep_2019.wav_93.wav,1,crepe,5950.81396340903,1126.804502790606,167.1486420768785,0.0,-0.12006977385038758,1.0,100
long-billed_hermits,long-billed_hermits/44kKz_songtype_segment_analysis_sep_2019.wav_93.wav,2,crepe,5950.81396340903,676.8576142100986,477.92655250325834,0.0,0.5340864167670216,1.0,100
long-billed_hermits,long-billed_hermits/44kKz_songtype_segment_analysis_sep_2019.wav_94.wav,0,crepe,3915.904936014625,119.90259808239162,101.22390990839119,1.0,0.6484526674099512,1.0,100
long-billed_hermits,long-billed_hermits/44kKz_songtype_segment_analysis_sep_2019.wav_94.wav,1,crepe,3915.904936014625,765.834446070121,131.95653067754455,1.0,-0.3951624851021743,1.0,100
long-billed_hermits,long-billed_hermits/44kKz_songtype_segment_analysis_sep_2019.wav_94.wav,2,crepe,3915.904936014625,1602.6173373339661,177.6798431845919,0.0,-0.28628535234444713,1.0,100
long-billed_hermits,long-billed_hermits/44kKz_songtype_segment_analysis_sep_2019.wav_94.wav,3,crepe,3915.904936014625,2283.7981975554558,257.4465330555024,0.0,0.32325911896251186,1.0,100
long-billed_hermits,long-billed_hermits/44kKz_songtype_segment_analysis_sep_2019.wav_96.wav,0,crepe,4908.28739,174.58933771159366,141.10592316068826,1.0,0.5534393003654148,1.0,100
long-billed_hermits,long-billed_hermits/44kKz_songtype_segment_analysis_sep_2019.wav_96.wav,1,crepe,4908.28739,622.681763239199,110.8207881945974,1.0,-0.37016054276060767,1.0,100
long-billed_hermits,long-billed_hermits/44kKz_songtype_segment_analysis_sep_2019.wav_96.wav,2,crepe,4908.28739,1791.1931767006397,144.81653607649525,0.0,-0.1169443090288758,1.0,100
long-billed_hermits,long-billed_hermits/44kKz_songtype_segment_analysis_sep_2019.wav_96.wav,3,crepe,4908.28739,995.7608269964574,299.0076920708208,0.0,-0.1231977510482482,1.0,100
long-billed_hermits,long-billed_hermits/44kKz_songtype_segment_analysis_sep_2019.wav_97.wav,0,crepe,4734.847636526595,117.40828516198017,103.77777335616722,1.0,0.562094970744905,0.9,90
long-billed_hermits,long-billed_hermits/44kKz_songtype_segment_analysis_sep_2019.wav_97.wav,1,crepe,4734.847636526595,716.5789207736741,111.43287869903381,0.0,-0.36060188934047044,1.0,100
long-billed_hermits,long-billed_hermits/44kKz_songtype_segment_analysis_sep_2019.wav_97.wav,2,crepe,4734.847636526595,1778.2752095355843,154.464142624379,0.0,-0.48929706652206556,1.0,100
long-billed_hermits,long-billed_hermits/44kKz_songtype_segment_analysis_sep_2019.wav_97.wav,3,crepe,4734.847636526595,1063.6653554435734,264.34516092249345,0.0,-0.04082510139031017,1.0,100
long-billed_hermits,long-billed_hermits/44kKz_songtype_segment_analysis_sep_2019.wav_99.wav,0,crepe,4366.8066855,77.39410963553156,77.39410963553156,1.0,0.8277173911983927,0.85,85
long-billed_hermits,long-billed_hermits/44kKz_songtype_segment_analysis_sep_2019.wav_99.wav,1,crepe,4366.8066855,1141.0223779461328,95.93464448075142,0.0,-0.11751646247433034,1.0,100
long-billed_hermits,long-billed_hermits/44kKz_songtype_segment_analysis_sep_2019.wav_99.wav,2,crepe,4366.8066855,1980.1713591419116,114.00661543882734,0.0,0.6716458428284885,1.0,100
long-billed_hermits,long-billed_hermits/44kKz_songtype_segment_analysis_sep_2019.wav_99.wav,3,crepe,4366.8066855,1048.0979919377844,221.4798193066531,0.0,-0.6303032598107329,1.0,100
