species,clip,k,arm,f0_annotated,strict_cents,oct_tol_cents,octave_correct,corr,coverage,n_scored
lions,lions/Biologger Roars Expanded (500ms)/JMO-2-1_R1.WAV,0,comb,150.390625,162.2297349788421,139.90793340317438,1.0,0.6947920415549383,1.0,41
lions,lions/Biologger Roars Expanded (500ms)/JMO-2-1_R1.WAV,0,comb_noexempt,150.390625,1327.0550625630997,185.95618557685975,0.0,0.1621129784903265,1.0,41
lions,lions/Biologger Roars Expanded (500ms)/JMO-2-1_R1.WAV,0,pyin,150.390625,102.37998554602116,80.52827551587063,1.0,0.7946631339734848,0.975609756097561,40
lions,lions/Biologger Roars Expanded (500ms)/JMO-2-1_R1.WAV,2,comb,150.390625,1698.7578977197932,185.99604031718928,0.0,-0.42408246638962005,1.0,41
lions,lions/Biologger Roars Expanded (500ms)/JMO-2-1_R1.WAV,2,comb_noexempt,150.390625,1714.631979330591,180.13622766492398,0.0,-0.7468931984879347,1.0,41
lions,lions/Biologger Roars Expanded (500ms)/JMO-2-1_R1.WAV,2,pyin,150.390625,1925.2171653491216,177.73324098731337,0.0,0.19024738453641976,0.926829268292683,38
lions,lions/Biologger Roars Expanded (500ms)/JMO-2-1_R1.WAV,4,comb,150.390625,962.786284109543,307.2763281768076,0.0,-0.25136009474978843,1.0,41
lions,lions/Biologger Roars Expanded (500ms)/JMO-2-1_R1.WAV,4,comb_noexempt,150.390625,1674.1730730874265,191.71735549871735,0.0,-0.20318743688501686,1.0,41
lions,lions/Biologger Roars Expanded (500ms)/JMO-2-1_R1.WAV,4,pyin,150.390625,1306.3343582898256,112.60973034726297,0.0,0.899447725101166,0.2682926829268293,11
lions,lions/Biologger Roars Expanded (500ms)/JMO-2-1_R1.WAV,6,comb,150.390625,436.60206684522234,371.63680585112,1.0,0.7335621099575356,1.0,41
lions,lions/Biologger Roars Expanded (500ms)/JMO-2-1_R1.WAV,6,comb_noexempt,150.390625,2111.3480447437205,146.41485314185624,0.0,0.199470737458055,1.0,41
lions,lions/Biologger Roars Expanded (500ms)/JMO-2-1_R1.WAV,6,pyin,150.390625,1902.2745288544315,71.14582957531529,0.0,-0.8487480504153975,0.12195121951219512,5
lions,lions/Biologger Roars Expanded (500ms)/JMO-2-1_R3.WAV,0,comb,142.578125,203.487122349677,71.24434231081123,1.0,0.31132894568700487,1.0,40
lions,lions/Biologger Roars Expanded (500ms)/JMO-2-1_R3.WAV,0,comb_noexempt,142.578125,104.69863873928196,80.03448523943091,1.0,0.5623913909999347,1.0,40
lions,lions/Biologger Roars Expanded (500ms)/JMO-2-1_R3.WAV,0,pyin,142.578125,61.06051288890616,50.0552261681442,1.0,0.7821850690843573,1.0,40
lions,lions/Biologger Roars Expanded (500ms)/JMO-2-1_R3.WAV,2,comb,142.578125,307.0618260318466,213.56249808864618,1.0,0.6559163971666765,1.0,40
lions,lions/Biologger Roars Expanded (500ms)/JMO-2-1_R3.WAV,2,comb_noexempt,142.578125,1618.6297183609377,228.13826890947428,0.0,-0.6495691139349296,1.0,40
lions,lions/Biologger Roars Expanded (500ms)/JMO-2-1_R3.WAV,2,pyin,142.578125,2205.938516154904,176.0585480982834,0.0,0.344815762387738,0.475,19
lions,lions/Biologger Roars Expanded (500ms)/JMO-2-1_R3.WAV,4,comb,142.578125,168.00951132317323,97.06333427070535,1.0,0.45305338813855184,1.0,40
lions,lions/Biologger Roars Expanded (500ms)/JMO-2-1_R3.WAV,4,comb_noexempt,142.578125,1767.6466982814395,261.0246606278146,0.0,0.7507878221483785,1.0,40
lions,lions/Biologger Roars Expanded (500ms)/JMO-2-1_R3.WAV,4,pyin,142.578125,3371.55366593947,971.5536659394702,0.0,-0.6757062124281864,0.2,8
lions,lions/Biologger Roars Expanded (500ms)/JMO-2-1_R3.WAV,6,comb,142.578125,897.514227970587,336.5211858872152,0.0,0.5388269692154324,1.0,40
lions,lions/Biologger Roars Expanded (500ms)/JMO-2-1_R3.WAV,6,comb_noexempt,142.578125,2140.9702505967925,98.14303492550353,0.0,0.4143939795945114,1.0,40
lions,lions/Biologger Roars Expanded (500ms)/JMO-2-1_R3.WAV,6,pyin,142.578125,1873.3263092142072,28.628691651180254,0.0,0.4561429338475845,0.2,8
lions,lions/Biologger Roars Expanded (500ms)/JMO-2-2_R1.WAV,0,comb,173.828125,153.79015441494957,108.35203310387365,1.0,0.6429274977812417,1.0,41
lions,lions/Biologger Roars Expanded (500ms)/JMO-2-2_R1.WAV,0,comb_noexempt,173.828125,60.59116285866898,60.59116285866898,1.0,0.8354352872268991,1.0,41
lions,lions/Biologger Roars Expanded (500ms)/JMO-2-2_R1.WAV,0,pyin,173.828125,61.080189908913354,56.74494298084031,1.0,0.909112619837399,0.975609756097561,40
lions,lions/Biologger Roars Expanded (500ms)/JMO-2-2_R1.WAV,2,comb,173.828125,723.201100838448,413.65996807301457,0.0,0.6766583553467663,1.0,41
lions,lions/Biologger Roars Expanded (500ms)/JMO-2-2_R1.WAV,2,comb_noexempt,173.828125,1871.7628614726254,183.3372017259498,0.0,0.3962646941989436,1.0,41
lions,lions/Biologger Roars Expanded (500ms)/JMO-2-2_R1.WAV,2,pyin,173.828125,1827.990713404905,183.50759953054774,0.0,0.06200926510233353,0.8292682926829268,34
lions,lions/Biologger Roars Expanded (500ms)/JMO-2-2_R1.WAV,4,comb,173.828125,695.5430975422454,440.0437763611417,0.0,0.6612331028669513,1.0,41
lions,lions/Biologger Roars Expanded (500ms)/JMO-2-2_R1.WAV,4,comb_noexempt,173.828125,1398.0614559883934,110.88930864175123,0.0,0.40927279507344877,1.0,41
lions,lions/Biologger Roars Expanded (500ms)/JMO-2-2_R1.WAV,4,pyin,173.828125,1293.2538487703205,106.13258119301581,0.0,0.187911505291308,0.2682926829268293,11
lions,lions/Biologger Roars Expanded (500ms)/JMO-2-2_R1.WAV,6,comb,173.828125,723.4958749812536,476.50412501874644,0.0,0.23863033266413888,1.0,41
lions,lions/Biologger Roars Expanded (500ms)/JMO-2-2_R1.WAV,6,comb_noexempt,173.828125,1915.5477992738108,134.55945556359598,0.0,0.8450680906709845,0.975609756097561,40
lions,lions/Biologger Roars Expanded (500ms)/JMO-2-2_R1.WAV,6,pyin,173.828125,2487.163731336397,139.69435103905926,0.0,0.16935028815264433,0.24390243902439024,10
lions,lions/Biologger Roars Expanded (500ms)/JMO-2-2_R3.WAV,0,comb,150.390625,316.9804309569205,230.69488362170037,1.0,0.6523013039739441,1.0,41
lions,lions/Biologger Roars Expanded (500ms)/JMO-2-2_R3.WAV,0,comb_noexempt,150.390625,2090.040235587085,160.1058905105375,0.0,0.7761361617325224,0.975609756097561,40
lions,lions/Biologger Roars Expanded (500ms)/JMO-2-2_R3.WAV,0,pyin,150.390625,81.42198872902739,77.01183180804368,1.0,0.8332676296903077,0.8048780487804879,33
lions,lions/Biologger Roars Expanded (500ms)/JMO-2-2_R3.WAV,2,comb,150.390625,319.7403792884657,223.61781650944718,1.0,-0.242511726247146,1.0,41
lions,lions/Biologger Roars Expanded (500ms)/JMO-2-2_R3.WAV,2,comb_noexempt,150.390625,1862.2705014973224,163.4345257907371,0.0,-0.5937599246117816,1.0,41
lions,lions/Biologger Roars Expanded (500ms)/JMO-2-2_R3.WAV,2,pyin,150.390625,2009.8316509862238,146.96809388033094,0.0,0.12221644246007117,0.8536585365853658,35
lions,lions/Biologger Roars Expanded (500ms)/JMO-2-2_R3.WAV,4,comb,150.390625,342.17779901892465,254.60111131543871,1.0,-0.5287008661393393,1.0,41
lions,lions/Biologger Roars Expanded (500ms)/JMO-2-2_R3.WAV,4,comb_noexempt,150.390625,1564.213272509634,211.2980247131175,0.0,0.46879974454167495,1.0,41
lions,lions/Biologger Roars Expanded (500ms)/JMO-2-2_R3.WAV,4,pyin,150.390625,1564.980277106646,283.2516482231701,0.0,0.8239285459045442,0.3170731707317073,13
lions,lions/Biologger Roars Expanded (500ms)/JMO-2-2_R3.WAV,6,comb,150.390625,218.5567315848041,157.99517415005369,1.0,-0.27757937458620097,1.0,41
lions,lions/Biologger Roars Expanded (500ms)/JMO-2-2_R3.WAV,6,comb_noexempt,150.390625,2104.699864968431,171.4123034140379,0.0,0.4815609220162124,0.975609756097561,40
lions,lions/Biologger Roars Expanded (500ms)/JMO-2-2_R3.WAV,6,pyin,150.390625,2097.124384989443,195.1693841240559,0.0,0.793056966168508,0.17073170731707318,7
lions,lions/Biologger Roars Expanded (500ms)/JMO-2-3_R2.WAV,0,comb,150.390625,165.5645442832855,75.36411857914874,1.0,0.0754606803515759,1.0,40
lions,lions/Biologger Roars Expanded (500ms)/JMO-2-3_R2.WAV,0,comb_noexempt,150.390625,130.5491136842833,66.05818172859401,1.0,0.582681630710154,0.95,38
lions,lions/Biologger Roars Expanded (500ms)/JMO-2-3_R2.WAV,0,pyin,150.390625,46.42077409645139,42.26085719350255,1.0,0.9156354963870886,0.975,39
lions,lions/Biologger Roars Expanded (500ms)/JMO-2-3_R2.WAV,2,comb,150.390625,161.6529804417845,86.5158703513207,1.0,-0.09079053508520424,1.0,40
lions,lions/Biologger Roars Expanded (500ms)/JMO-2-3_R2.WAV,2,comb_noexempt,150.390625,1906.9114854075387,107.53695612776633,0.0,0.012609432783655306,1.0,40
lions,lions/Biologger Roars Expanded (500ms)/JMO-2-3_R2.WAV,2,pyin,150.390625,1939.413995418411,134.04743508528168,0.0,-0.17859586111107376,0.9,36
lions,lions/Biologger Roars Expanded (500ms)/JMO-2-3_R2.WAV,4,comb,150.390625,134.42061264171846,63.72564119465193,1.0,0.34012320041772276,1.0,40
lions,lions/Biologger Roars Expanded (500ms)/JMO-2-3_R2.WAV,4,comb_noexempt,150.390625,1505.435779746898,277.80745332515005,0.0,-0.10059121557333862,0.975,39
lions,lions/Biologger Roars Expanded (500ms)/JMO-2-3_R2.WAV,4,pyin,150.390625,1550.772671930244,281.5467619215501,0.0,0.6784340424638389,0.325,13
lions,lions/Biologger Roars Expanded (500ms)/JMO-2-3_R2.WAV,6,comb,150.390625,194.65609984498377,157.85458608439762,1.0,-0.5005661524624352,1.0,40
lions,lions/Biologger Roars Expanded (500ms)/JMO-2-3_R2.WAV,6,comb_noexempt,150.390625,2103.559945035445,182.27239722054546,0.0,0.8087591088675861,1.0,40
lions,lions/Biologger Roars Expanded (500ms)/JMO-2-3_R2.WAV,6,pyin,150.390625,2124.6083321972574,210.3331329558783,0.0,0.5084049972117967,0.2,8
lions,lions/Biologger Roars Expanded (500ms)/JMO-2-3_R3.WAV,0,comb,146.484375,125.684882439692,115.70843866179177,1.0,0.7862619233406214,1.0,41
lions,lions/Biologger Roars Expanded (500ms)/JMO-2-3_R3.WAV,0,comb_noexempt,146.484375,102.53172045926539,88.78053428215061,1.0,-0.2516897120042737,0.926829268292683,38
lions,lions/Biologger Roars Expanded (500ms)/JMO-2-3_R3.WAV,0,pyin,146.484375,82.37953451578525,68.83743065847553,1.0,0.8145527635320541,0.926829268292683,38
lions,lions/Biologger Roars Expanded (500ms)/JMO-2-3_R3.WAV,2,comb,146.484375,146.0460149693532,142.5749898460749,1.0,0.5457679993529406,1.0,41
lions,lions/Biologger Roars Expanded (500ms)/JMO-2-3_R3.WAV,2,comb_noexempt,146.484375,1602.8518058763045,263.1870666534165,0.0,0.11171597074077598,1.0,41
lions,lions/Biologger Roars Expanded (500ms)/JMO-2-3_R3.WAV,2,pyin,146.484375,1965.9811235912903,129.21506703324064,0.0,-0.08982553775095473,0.9024390243902439,37
lions,lions/Biologger Roars Expanded (500ms)/JMO-2-3_R3.WAV,4,comb,146.484375,157.44310325234278,157.1971000240541,1.0,0.4658057060014898,1.0,41
lions,lions/Biologger Roars Expanded (500ms)/JMO-2-3_R3.WAV,4,comb_noexempt,146.484375,1630.6381061790876,242.36002936325627,0.0,-0.22296717302890676,0.975609756097561,40
lions,lions/Biologger Roars Expanded (500ms)/JMO-2-3_R3.WAV,4,pyin,146.484375,1606.6921925060399,275.2262041150373,0.0,0.7836894514137883,0.21951219512195122,9
lions,lions/Biologger Roars Expanded (500ms)/JMO-2-3_R3.WAV,6,comb,146.484375,156.53718658968708,134.4064622110877,1.0,0.3172098059805484,1.0,41
lions,lions/Biologger Roars Expanded (500ms)/JMO-2-3_R3.WAV,6,comb_noexempt,146.484375,2193.0860247867768,195.4516035483982,0.0,0.6451374296605084,1.0,41
lions,lions/Biologger Roars Expanded (500ms)/JMO-2-3_R3.WAV,6,pyin,146.484375,2022.5950753372617,152.7833387402779,0.0,0.20254258881501588,0.1951219512195122,8
lions,lions/Biologger Roars Expanded (500ms)/JMO-2-4_R2.WAV,0,comb,140.625,308.8005854739263,256.0604178255252,1.0,0.5489639830798684,1.0,37
lions,lions/Biologger Roars Expanded (500ms)/JMO-2-4_R2.WAV,0,comb_noexempt,140.625,301.3035926831691,244.59535491989305,1.0,0.7199139719925283,1.0,37
lions,lions/Biologger Roars Expanded (500ms)/JMO-2-4_R2.WAV,0,pyin,140.625,73.88636115850571,52.075135343876035,1.0,0.8450550546991307,0.9459459459459459,35
lions,lions/Biologger Roars Expanded (500ms)/JMO-2-4_R2.WAV,2,comb,140.625,327.3857272317612,255.78492223884234,1.0,0.4862493711011296,1.0,37
lions,lions/Biologger Roars Expanded (500ms)/JMO-2-4_R2.WAV,2,comb_noexempt,140.625,1532.1611717961312,222.55226747072481,0.0,0.37921625502501544,1.0,37
lions,lions/Biologger Roars Expanded (500ms)/JMO-2-4_R2.WAV,2,pyin,140.625,1270.286778702521,122.12399756423065,0.0,-0.3010657090111924,0.7027027027027027,26
lions,lions/Biologger Roars Expanded (500ms)/JMO-2-4_R2.WAV,4,comb,140.625,304.07249395091907,279.85903562576266,1.0,0.6380962926969092,1.0,37
lions,lions/Biologger Roars Expanded (500ms)/JMO-2-4_R2.WAV,4,comb_noexempt,140.625,1520.4482059205643,227.72109685662974,0.0,0.7391154085446712,0.972972972972973,36
lions,lions/Biologger Roars Expanded (500ms)/JMO-2-4_R2.WAV,6,comb,140.625,462.7753169340306,223.30893338788673,1.0,-0.6420571845872348,1.0,37
lions,lions/Biologger Roars Expanded (500ms)/JMO-2-4_R2.WAV,6,comb_noexempt,140.625,2204.273753532894,128.76422994109495,0.0,0.7490814108866344,1.0,37
lions,lions/Biologger Roars Expanded (500ms)/JMO-2-4_R2.WAV,6,pyin,140.625,2153.159299256071,124.94365639002922,0.0,0.7655617709105382,0.32432432432432434,12
lions,lions/Biologger Roars Expanded (500ms)/JMO-3-1_R1.WAV,0,comb,144.53125,386.97555220884794,255.61743583037253,1.0,0.5872806645469608,1.0,31
lions,lions/Biologger Roars Expanded (500ms)/JMO-3-1_R1.WAV,0,comb_noexempt,144.53125,1518.0784895239915,277.05825957780604,0.0,0.7872574394451877,1.0,31
lions,lions/Biologger Roars Expanded (500ms)/JMO-3-1_R1.WAV,0,pyin,144.53125,50.590282957339795,48.80134404767085,1.0,0.8546380869320681,0.967741935483871,30
lions,lions/Biologger Roars Expanded (500ms)/JMO-3-1_R1.WAV,2,comb,144.53125,361.63365936023365,255.61743583037253,1.0,0.6406219278337069,1.0,31
lions,lions/Biologger Roars Expanded (500ms)/JMO-3-1_R1.WAV,2,comb_noexempt,144.53125,1861.5073732574583,183.19334258212584,0.0,0.5383253192854736,1.0,31
lions,lions/Biologger Roars Expanded (500ms)/JMO-3-1_R1.WAV,2,pyin,144.53125,1942.8319054520298,79.33231947736608,1.0,-0.7459946004035806,0.7419354838709677,23
lions,lions/Biologger Roars Expanded (500ms)/JMO-3-1_R1.WAV,4,comb,144.53125,356.6043061604003,236.82603370581697,1.0,0.6989078290732718,1.0,31
lions,lions/Biologger Roars Expanded (500ms)/JMO-3-1_R1.WAV,4,comb_noexempt,144.53125,1590.6106390301134,187.04090091549642,0.0,-0.7914970352101977,1.0,31
lions,lions/Biologger Roars Expanded (500ms)/JMO-3-1_R1.WAV,4,pyin,144.53125,1495.708768796706,217.7715808681581,0.0,-0.9451549872952658,0.12903225806451613,4
lions,lions/Biologger Roars Expanded (500ms)/JMO-3-1_R1.WAV,6,comb,144.53125,495.1489193808088,381.5408808058122,1.0,-0.8285618407245215,1.0,31
lions,lions/Biologger Roars Expanded (500ms)/JMO-3-1_R1.WAV,6,comb_noexempt,144.53125,2216.6553132053486,128.39154870399418,0.0,0.36267942563553723,0.967741935483871,30
lions,lions/Biologger Roars Expanded (500ms)/JMO-3-1_R2.WAV,0,comb,132.8125,423.4744065582897,241.72267992645834,1.0,0.4023979621158445,1.0,31
lions,lions/Biologger Roars Expanded (500ms)/JMO-3-1_R2.WAV,0,comb_noexempt,132.8125,2210.216975912813,159.08700126392046,0.0,0.6339908155693414,0.967741935483871,30
lions,lions/Biologger Roars Expanded (500ms)/JMO-3-1_R2.WAV,0,pyin,132.8125,51.42705346478705,51.42705346478705,1.0,0.9109733875017428,0.9354838709677419,29
lions,lions/Biologger Roars Expanded (500ms)/JMO-3-1_R2.WAV,2,comb,132.8125,427.19143490985687,259.6965950520825,1.0,0.7012229332488447,1.0,31
lions,lions/Biologger Roars Expanded (500ms)/JMO-3-1_R2.WAV,2,comb_noexempt,132.8125,1772.34332904205,139.66156639879108,0.0,0.034616285965042896,1.0,31
lions,lions/Biologger Roars Expanded (500ms)/JMO-3-1_R2.WAV,2,pyin,132.8125,1810.3296241786547,135.44580490583652,0.0,-0.5341616411120694,0.8709677419354839,27
lions,lions/Biologger Roars Expanded (500ms)/JMO-3-1_R2.WAV,4,comb,132.8125,500.1011440563117,245.36316856571236,1.0,-0.7588770652789505,1.0,31
lions,lions/Biologger Roars Expanded (500ms)/JMO-3-1_R2.WAV,4,comb_noexempt,132.8125,1762.2934344665964,134.7901202623107,0.0,-0.2895814551924942,0.9354838709677419,29
lions,lions/Biologger Roars Expanded (500ms)/JMO-3-1_R2.WAV,6,comb,132.8125,455.4968038375097,207.93929168279638,1.0,-0.5395296234739205,1.0,31
lions,lions/Biologger Roars Expanded (500ms)/JMO-3-1_R2.WAV,6,comb_noexempt,132.8125,2300.573724099584,156.94653453632878,0.0,0.5597174414852327,1.0,31
lions,lions/Biologger Roars Expanded (500ms)/JMO-3-1_R2.WAV,6,pyin,132.8125,2222.5033741248353,199.85965655846672,0.0,0.2836900881305952,0.25806451612903225,8
lions,lions/Biologger Roars Expanded (500ms)/JMO-3-2_R2.WAV,0,comb,137.6953125,452.9009162945912,348.08364190301637,1.0,0.14708663405986347,1.0,32
lions,lions/Biologger Roars Expanded (500ms)/JMO-3-2_R2.WAV,0,comb_noexempt,137.6953125,2248.881280165263,83.89713869293945,0.0,0.5751854383642999,1.0,32
lions,lions/Biologger Roars Expanded (500ms)/JMO-3-2_R2.WAV,0,pyin,137.6953125,62.22088605541059,61.483996947274576,1.0,0.9188032360355868,0.90625,29
lions,lions/Biologger Roars Expanded (500ms)/JMO-3-2_R2.WAV,2,comb,137.6953125,451.22951770598644,342.7904904571294,1.0,0.21501901986531588,1.0,32
lions,lions/Biologger Roars Expanded (500ms)/JMO-3-2_R2.WAV,2,comb_noexempt,137.6953125,1764.318575621951,83.6732090324,0.0,-0.5644156930205535,1.0,32
lions,lions/Biologger Roars Expanded (500ms)/JMO-3-2_R2.WAV,2,pyin,137.6953125,1883.5051608707954,119.99583153293818,0.0,-0.5306363907049885,0.875,28
lions,lions/Biologger Roars Expanded (500ms)/JMO-3-2_R2.WAV,4,comb,137.6953125,404.82849822969933,247.15047096316118,1.0,-0.29969454163641013,1.0,32
lions,lions/Biologger Roars Expanded (500ms)/JMO-3-2_R2.WAV,4,comb_noexempt,137.6953125,2309.667190007255,62.912585091574705,0.0,0.6811596137197163,1.0,32
lions,lions/Biologger Roars Expanded (500ms)/JMO-3-2_R2.WAV,6,comb,137.6953125,376.63324488768944,316.0857738375452,1.0,0.37975250932739335,1.0,32
lions,lions/Biologger Roars Expanded (500ms)/JMO-3-2_R2.WAV,6,comb_noexempt,137.6953125,2236.7510846572823,88.69500340985411,0.0,0.5508377279274442,1.0,32
lions,lions/Biologger Roars Expanded (500ms)/JMO-3-2_R3.WAV,0,comb,139.6484375,445.9511927247803,323.78607023221014,1.0,0.4152919144788044,1.0,30
lions,lions/Biologger Roars Expanded (500ms)/JMO-3-2_R3.WAV,0,comb_noexempt,139.6484375,2342.2456277507017,68.07974596678113,0.0,0.23520200496763957,0.9333333333333333,28
lions,lions/Biologger Roars Expanded (500ms)/JMO-3-2_R3.WAV,0,pyin,139.6484375,58.57801127097222,58.57801127097222,1.0,0.8976873550283626,0.9666666666666667,29
lions,lions/Biologger Roars Expanded (500ms)/JMO-3-2_R3.WAV,2,comb,139.6484375,435.45912468483704,326.1500103975259,1.0,0.5342712906247292,1.0,30
lions,lions/Biologger Roars Expanded (500ms)/JMO-3-2_R3.WAV,2,comb_noexempt,139.6484375,1872.2006604570138,163.62462147241914,0.0,0.5853218907991745,1.0,30
lions,lions/Biologger Roars Expanded (500ms)/JMO-3-2_R3.WAV,2,pyin,139.6484375,1916.121004054408,149.73943622964515,0.0,-0.5237352645869575,0.8666666666666667,26
lions,lions/Biologger Roars Expanded (500ms)/JMO-3-2_R3.WAV,4,comb,139.6484375,695.2633409333505,402.065370306722,0.0,0.5677413685450885,1.0,30
lions,lions/Biologger Roars Expanded (500ms)/JMO-3-2_R3.WAV,4,comb_noexempt,139.6484375,2352.822578354064,65.74979347757815,0.0,0.2105116490223852,0.9333333333333333,28
lions,lions/Biologger Roars Expanded (500ms)/JMO-3-2_R3.WAV,4,pyin,139.6484375,360.33161134199077,360.33161134199077,1.0,0.7204240867528798,0.4,12
lions,lions/Biologger Roars Expanded (500ms)/JMO-3-2_R3.WAV,6,comb,139.6484375,715.7218715489608,398.4467529577594,0.0,0.6649984526993347,1.0,30
lions,lions/Biologger Roars Expanded (500ms)/JMO-3-2_R3.WAV,6,comb_noexempt,139.6484375,2230.396050130488,153.96808224358836,0.0,0.7407519999133919,1.0,30
lions,lions/Biologger Roars Expanded (500ms)/JMO-3-3_R2.WAV,0,comb,146.484375,371.97331793075796,290.34483552510227,1.0,-0.14406842439361361,1.0,29
lions,lions/Biologger Roars Expanded (500ms)/JMO-3-3_R2.WAV,0,comb_noexempt,146.484375,65.82789125582715,64.31432965179997,1.0,0.5528073697426514,1.0,29
lions,lions/Biologger Roars Expanded (500ms)/JMO-3-3_R2.WAV,0,pyin,146.484375,49.48364196362952,39.37146370346764,1.0,0.8349326857253436,0.9655172413793104,28
lions,lions/Biologger Roars Expanded (500ms)/JMO-3-3_R2.WAV,2,comb,146.484375,316.9804309569205,234.05265614676844,1.0,-0.5312236486863777,1.0,29
lions,lions/Biologger Roars Expanded (500ms)/JMO-3-3_R2.WAV,2,comb_noexempt,146.484375,1665.6333051478668,200.45231234830976,0.0,0.12419032736514937,1.0,29
lions,lions/Biologger Roars Expanded (500ms)/JMO-3-3_R2.WAV,2,pyin,146.484375,2089.2796276326753,158.21144180031854,0.0,-0.6359886859790552,0.3448275862068966,10
lions,lions/Biologger Roars Expanded (500ms)/JMO-3-3_R2.WAV,4,comb,146.484375,249.4455032008712,224.14654876917683,1.0,0.5265237453411631,1.0,29
lions,lions/Biologger Roars Expanded (500ms)/JMO-3-3_R2.WAV,4,comb_noexempt,146.484375,1508.935781389034,181.26326036730632,0.0,-0.6584721578464305,1.0,29
lions,lions/Biologger Roars Expanded (500ms)/JMO-3-3_R2.WAV,6,comb,146.484375,970.5490034048541,302.58770040872366,0.0,0.26683266056360666,1.0,29
lions,lions/Biologger Roars Expanded (500ms)/JMO-3-3_R2.WAV,6,comb_noexempt,146.484375,2164.3300359444456,139.2005218729569,0.0,0.30476703198698046,0.896551724137931,26
lions,lions/Biologger Roars Expanded (500ms)/JMO-3-4_R2.WAV,0,comb,139.6484375,442.175456309617,308.567347331365,1.0,0.1344889306862921,1.0,30
lions,lions/Biologger Roars Expanded (500ms)/JMO-3-4_R2.WAV,0,comb_noexempt,139.6484375,237.40718444939765,115.16557953104177,1.0,0.7125445702771914,1.0,30
lions,lions/Biologger Roars Expanded (500ms)/JMO-3-4_R2.WAV,0,pyin,139.6484375,36.5510222121691,36.5510222121691,1.0,0.9585550868886243,0.7666666666666667,23
lions,lions/Biologger Roars Expanded (500ms)/JMO-3-4_R2.WAV,2,comb,139.6484375,442.1480097064292,322.79461774817685,1.0,0.144847162842174,1.0,30
lions,lions/Biologger Roars Expanded (500ms)/JMO-3-4_R2.WAV,2,comb_noexempt,139.6484375,1637.4579981807037,195.15414064117843,0.0,0.220718393430298,1.0,30
lions,lions/Biologger Roars Expanded (500ms)/JMO-3-4_R2.WAV,2,pyin,139.6484375,37.2285132349692,37.2285132349692,1.0,0.5643193853517439,0.26666666666666666,8
lions,lions/Biologger Roars Expanded (500ms)/JMO-3-4_R2.WAV,4,comb,139.6484375,452.70085397362374,323.43546073763275,1.0,0.4064363120420056,1.0,30
lions,lions/Biologger Roars Expanded (500ms)/JMO-3-4_R2.WAV,4,comb_noexempt,139.6484375,1606.7513806341922,211.92874375517854,0.0,0.6457007556973202,0.9333333333333333,28
lions,lions/Biologger Roars Expanded (500ms)/JMO-3-4_R2.WAV,6,comb,139.6484375,454.5593681494071,321.9668597219844,1.0,0.10866430313461824,1.0,30
lions,lions/Biologger Roars Expanded (500ms)/JMO-3-4_R2.WAV,6,comb_noexempt,139.6484375,2293.8284887406653,88.36512423011699,0.0,0.8152334884134703,0.9666666666666667,29
lions,lions/Biologger Roars Expanded (500ms)/JMO-3-4_R2.WAV,6,pyin,139.6484375,2289.518597086086,80.1718290971389,0.0,-0.81596721168762,0.26666666666666666,8
lions,lions/Biologger Roars Expanded (500ms)/JMO-3-4_R3.WAV,0,comb,138.671875,449.03659966202804,353.5222970447455,1.0,-0.11368595688887978,1.0,29
lions,lions/Biologger Roars Expanded (500ms)/JMO-3-4_R3.WAV,0,comb_noexempt,138.671875,2138.3113383249474,158.31172697641853,0.0,0.662109059791348,1.0,29
lions,lions/Biologger Roars Expanded (500ms)/JMO-3-4_R3.WAV,0,pyin,138.671875,45.65322384600199,45.65322384600199,1.0,0.9588195834414502,0.7241379310344828,21
lions,lions/Biologger Roars Expanded (500ms)/JMO-3-4_R3.WAV,2,comb,138.671875,506.59776507134444,349.8052686931788,1.0,-0.7190491067626906,1.0,29
lions,lions/Biologger Roars Expanded (500ms)/JMO-3-4_R3.WAV,2,comb_noexempt,138.671875,1749.5915758330066,191.0050603276666,0.0,-0.5087217417438177,1.0,29
lions,lions/Biologger Roars Expanded (500ms)/JMO-3-4_R3.WAV,2,pyin,138.671875,2337.643727599535,182.7731257474747,0.0,-0.3474052273262246,0.27586206896551724,8
lions,lions/Biologger Roars Expanded (500ms)/JMO-3-4_R3.WAV,4,comb,138.671875,258.774585323318,202.02710539807472,1.0,0.5538280130241954,1.0,29
lions,lions/Biologger Roars Expanded (500ms)/JMO-3-4_R3.WAV,4,comb_noexempt,138.671875,1270.5296147223025,166.59017721068528,0.0,-0.6410691242006965,1.0,29
lions,lions/Biologger Roars Expanded (500ms)/JMO-3-4_R3.WAV,6,comb,138.671875,320.9157560843197,229.0745572783261,1.0,-0.360464189994394,1.0,29
lions,lions/Biologger Roars Expanded (500ms)/JMO-3-4_R3.WAV,6,comb_noexempt,138.671875,2130.939154706088,158.31172697641853,0.0,0.7210061224132368,1.0,29
lions,lions/Biologger Roars Expanded (500ms)/JMO-3-5_R2.WAV,0,comb,146.484375,416.21452640126694,228.81049095814538,1.0,0.5218495914280598,1.0,33
lions,lions/Biologger Roars Expanded (500ms)/JMO-3-5_R2.WAV,0,comb_noexempt,146.484375,70.739375754381,70.739375754381,1.0,0.7171010574652497,1.0,33
lions,lions/Biologger Roars Expanded (500ms)/JMO-3-5_R2.WAV,0,pyin,146.484375,42.49543932977374,42.49543932977374,1.0,0.9059898525221974,0.9090909090909091,30
lions,lions/Biologger Roars Expanded (500ms)/JMO-3-5_R2.WAV,2,comb,146.484375,350.4336861210226,217.19611125453002,1.0,0.5804149859282642,1.0,33
lions,lions/Biologger Roars Expanded (500ms)/JMO-3-5_R2.WAV,2,comb_noexempt,146.484375,1840.9620550993568,81.33493947516709,0.0,-0.21867313448167952,1.0,33
lions,lions/Biologger Roars Expanded (500ms)/JMO-3-5_R2.WAV,2,pyin,146.484375,1213.6784763598769,70.94274465482644,0.0,-0.31918796279424927,0.5757575757575758,19
lions,lions/Biologger Roars Expanded (500ms)/JMO-3-5_R2.WAV,4,comb,146.484375,350.4336861210226,199.34358705289168,1.0,0.49990542560738926,1.0,33
lions,lions/Biologger Roars Expanded (500ms)/JMO-3-5_R2.WAV,4,comb_noexempt,146.484375,1853.0932283541902,83.60187855088282,0.0,-0.17470910127201536,0.9696969696969697,32
lions,lions/Biologger Roars Expanded (500ms)/JMO-3-5_R2.WAV,6,comb,146.484375,662.0356502247998,238.07051795034317,1.0,-0.4865653759323233,1.0,33
lions,lions/Biologger Roars Expanded (500ms)/JMO-3-5_R2.WAV,6,comb_noexempt,146.484375,2292.0212623509315,73.39568893011058,0.0,0.7750934637511981,0.9696969696969697,32
lions,lions/Biologger Roars Expanded (500ms)/JMO-3-5_R2.WAV,6,pyin,146.484375,2192.5833268946317,207.41667310536852,0.0,-0.675384589270689,0.12121212121212122,4
lions,lions/Biologger Roars Expanded (500ms)/JMO-3-6_R1.WAV,0,comb,146.484375,331.0134726117501,177.66788676861057,1.0,0.46761099609207657,1.0,36
lions,lions/Biologger Roars Expanded (500ms)/JMO-3-6_R1.WAV,0,comb_noexempt,146.484375,1519.7692062332696,108.26325581873085,0.0,0.4005501262930885,0.9722222222222222,35
lions,lions/Biologger Roars Expanded (500ms)/JMO-3-6_R1.WAV,0,pyin,146.484375,50.67827290695796,50.67827290695796,1.0,0.9738349246237866,0.7777777777777778,28
lions,lions/Biologger Roars Expanded (500ms)/JMO-3-6_R1.WAV,2,comb,146.484375,403.2367983290385,139.08305055883187,1.0,0.7065732681656743,1.0,36
lions,lions/Biologger Roars Expanded (500ms)/JMO-3-6_R1.WAV,2,comb_noexempt,146.484375,1540.8674061993615,109.05276632862657,0.0,0.44502256090265757,1.0,36
lions,lions/Biologger Roars Expanded (500ms)/JMO-3-6_R1.WAV,2,pyin,146.484375,1292.7811629920734,77.83563135773613,0.0,-0.5187052699901912,0.7222222222222222,26
lions,lions/Biologger Roars Expanded (500ms)/JMO-3-6_R1.WAV,4,comb,146.484375,1104.321565621804,429.1891961225766,0.0,0.06796064950314308,1.0,36
lions,lions/Biologger Roars Expanded (500ms)/JMO-3-6_R1.WAV,4,comb_noexempt,146.484375,1454.0174676606007,104.48601271380963,0.0,0.7071959494888995,1.0,36
lions,lions/Biologger Roars Expanded (500ms)/JMO-3-6_R1.WAV,6,comb,146.484375,1049.4508991000694,400.7333392487966,0.0,0.6352853561023959,1.0,36
lions,lions/Biologger Roars Expanded (500ms)/JMO-3-6_R1.WAV,6,comb_noexempt,146.484375,2182.5383264031584,171.07241903117006,0.0,0.48964673471862735,1.0,36
lions,lions/Biologger Roars Expanded (500ms)/JMO-3-6_R1.WAV,6,pyin,146.484375,1958.9877437894388,103.76803340550549,0.0,0.9042358885016973,0.25,9
lions,lions/Biologger Roars Expanded (500ms)/JMO-3-7_R2.WAV,0,comb,147.4609375,551.3038979884359,411.9064721336497,1.0,0.302535612305858,1.0,38
lions,lions/Biologger Roars Expanded (500ms)/JMO-3-7_R2.WAV,0,comb_noexempt,147.4609375,62.27361201086759,62.27361201086759,1.0,0.707662420562213,1.0,38
lions,lions/Biologger Roars Expanded (500ms)/JMO-3-7_R2.WAV,0,pyin,147.4609375,61.057025071568916,61.057025071568916,1.0,0.954394055948767,0.9736842105263158,37
lions,lions/Biologger Roars Expanded (500ms)/JMO-3-7_R2.WAV,2,comb,147.4609375,512.134272560051,431.72519810417884,1.0,0.6452786403587496,1.0,38
lions,lions/Biologger Roars Expanded (500ms)/JMO-3-7_R2.WAV,2,comb_noexempt,147.4609375,1771.2747361505008,114.27408801364459,0.0,0.3428351531178682,1.0,38
lions,lions/Biologger Roars Expanded (500ms)/JMO-3-7_R2.WAV,2,pyin,147.4609375,1996.4159683290122,121.76787949394114,0.0,-0.34918676178313957,0.8947368421052632,34
lions,lions/Biologger Roars Expanded (500ms)/JMO-3-7_R2.WAV,4,comb,147.4609375,589.8091204071585,485.35219420244937,1.0,0.08128306511985332,1.0,38
lions,lions/Biologger Roars Expanded (500ms)/JMO-3-7_R2.WAV,4,comb_noexempt,147.4609375,1775.8242245346462,109.53474905917045,0.0,0.635151460272816,0.9736842105263158,37
lions,lions/Biologger Roars Expanded (500ms)/JMO-3-7_R2.WAV,4,pyin,147.4609375,1220.4925853389607,25.410826765186396,0.0,-0.22937342847214076,0.18421052631578946,7
lions,lions/Biologger Roars Expanded (500ms)/JMO-3-7_R2.WAV,6,comb,147.4609375,544.7122548904854,438.3248144202997,1.0,0.41051581190487885,1.0,38
lions,lions/Biologger Roars Expanded (500ms)/JMO-3-7_R2.WAV,6,comb_noexempt,147.4609375,1940.3995261467962,110.35692291789594,0.0,-0.8299472059229939,1.0,38
lions,lions/Biologger Roars Expanded (500ms)/JMO-3-7_R2.WAV,6,pyin,147.4609375,2284.17114787012,115.8288521298799,0.0,-0.5796727809228488,0.15789473684210525,6
lions,lions/Biologger Roars Expanded (500ms)/JMO-3-6_R2.WAV,0,comb,142.578125,473.3300089527168,210.22534920031077,1.0,0.27602888076436266,1.0,35
lions,lions/Biologger Roars Expanded (500ms)/JMO-3-6_R2.WAV,0,comb_noexempt,142.578125,1438.911967880274,75.39952038668443,0.0,0.7278615841069528,0.9428571428571428,33
lions,lions/Biologger Roars Expanded (500ms)/JMO-3-6_R2.WAV,0,pyin,142.578125,67.2535320956811,67.2535320956811,1.0,0.9584305335621496,0.9142857142857143,32
lions,lions/Biologger Roars Expanded (500ms)/JMO-3-6_R2.WAV,2,comb,142.578125,518.6361816724504,153.86049007194018,1.0,-0.6829308365808248,1.0,35
lions,lions/Biologger Roars Expanded (500ms)/JMO-3-6_R2.WAV,2,comb_noexempt,142.578125,1595.687072080451,170.51387054878802,0.0,-0.20221702998422322,1.0,35
lions,lions/Biologger Roars Expanded (500ms)/JMO-3-6_R2.WAV,2,pyin,142.578125,1576.4889687607147,67.81575109763375,0.0,-0.7143063945840837,0.8285714285714286,29
lions,lions/Biologger Roars Expanded (500ms)/JMO-3-6_R2.WAV,4,comb,142.578125,332.54300143951053,215.99224803677052,1.0,0.5860974866246517,1.0,35
lions,lions/Biologger Roars Expanded (500ms)/JMO-3-6_R2.WAV,4,comb_noexempt,142.578125,1548.4635650273433,174.4578505478903,0.0,0.504857369351573,0.9714285714285714,34
lions,lions/Biologger Roars Expanded (500ms)/JMO-3-6_R2.WAV,6,comb,142.578125,528.8999351807462,153.86049007194018,1.0,-0.5758384563144696,1.0,35
lions,lions/Biologger Roars Expanded (500ms)/JMO-3-6_R2.WAV,6,comb_noexempt,142.578125,2183.10369376149,142.34456319084487,0.0,0.29187621499303873,0.8857142857142857,31
lions,lions/Biologger Roars Expanded (500ms)/JMO-3-6_R2.WAV,6,pyin,142.578125,2017.6937537425306,102.80837169838561,0.0,0.7203496024729338,0.7142857142857143,25
lions,lions/Biologger Roars Expanded (500ms)/JMO-3-8_R1.WAV,0,comb,146.484375,53.14350893773039,53.14350893773039,1.0,0.7711332438850645,1.0,38
lions,lions/Biologger Roars Expanded (500ms)/JMO-3-8_R1.WAV,0,comb_noexempt,146.484375,45.63620525611759,41.187673200316816,1.0,0.6943944605848908,1.0,38
lions,lions/Biologger Roars Expanded (500ms)/JMO-3-8_R1.WAV,0,pyin,146.484375,33.25090149309599,33.25090149309599,1.0,0.9542245684192845,0.9473684210526315,36
lions,lions/Biologger Roars Expanded (500ms)/JMO-3-8_R1.WAV,2,comb,146.484375,357.1820013058382,207.50560011926922,1.0,0.4700646666709543,1.0,38
lions,lions/Biologger Roars Expanded (500ms)/JMO-3-8_R1.WAV,2,comb_noexempt,146.484375,1779.6337813439163,110.85592575284859,0.0,0.08443550449374641,1.0,38
lions,lions/Biologger Roars Expanded (500ms)/JMO-3-8_R1.WAV,2,pyin,146.484375,1760.489393967139,73.49347623468358,0.0,-0.4680675437551195,0.868421052631579,33
lions,lions/Biologger Roars Expanded (500ms)/JMO-3-8_R1.WAV,4,comb,146.484375,592.7077487183917,367.06090431667417,1.0,0.4971099917550267,1.0,38
lions,lions/Biologger Roars Expanded (500ms)/JMO-3-8_R1.WAV,4,comb_noexempt,146.484375,1768.1376070008464,128.73689456006053,0.0,0.4370569536185697,1.0,38
lions,lions/Biologger Roars Expanded (500ms)/JMO-3-8_R1.WAV,6,comb,146.484375,589.880326787943,375.73848751210215,1.0,0.6605239011166952,1.0,38
lions,lions/Biologger Roars Expanded (500ms)/JMO-3-8_R1.WAV,6,comb_noexempt,146.484375,2146.9796014772123,212.97297838895201,0.0,0.12298470021849674,1.0,38
lions,lions/Biologger Roars Expanded (500ms)/JMO-3-8_R1.WAV,6,pyin,146.484375,1853.1976466225465,108.68666216705788,0.0,0.8381886153281605,0.2894736842105263,11
lions,lions/Biologger Roars Expanded (500ms)/JMO-3-8_R3.WAV,0,comb,144.53125,421.99344453171017,152.32206507659293,1.0,0.21355416792853066,1.0,35
lions,lions/Biologger Roars Expanded (500ms)/JMO-3-8_R3.WAV,0,comb_noexempt,144.53125,113.45426001247644,89.26311704099386,1.0,0.7360472891661503,0.9714285714285714,34
lions,lions/Biologger Roars Expanded (500ms)/JMO-3-8_R3.WAV,0,pyin,144.53125,53.84947458089984,53.84947458089984,1.0,0.9645001098401209,0.8,28
lions,lions/Biologger Roars Expanded (500ms)/JMO-3-8_R3.WAV,2,comb,144.53125,434.24424413168475,143.58977744094392,1.0,0.2652267263415446,1.0,35
lions,lions/Biologger Roars Expanded (500ms)/JMO-3-8_R3.WAV,2,comb_noexempt,144.53125,1633.7446871425254,147.46004575314726,0.0,0.23259905704023015,1.0,35
lions,lions/Biologger Roars Expanded (500ms)/JMO-3-8_R3.WAV,2,pyin,144.53125,640.218676915263,72.67572634393821,1.0,-0.7488294489555866,0.8,28
lions,lions/Biologger Roars Expanded (500ms)/JMO-3-8_R3.WAV,4,comb,144.53125,522.4918085419274,201.17832678384565,1.0,-0.027077067619907313,1.0,35
lions,lions/Biologger Roars Expanded (500ms)/JMO-3-8_R3.WAV,4,comb_noexempt,144.53125,1642.1663527088863,125.43435700887326,0.0,0.33684156567070156,0.9714285714285714,34
lions,lions/Biologger Roars Expanded (500ms)/JMO-3-8_R3.WAV,6,comb,144.53125,476.6508171009399,187.43787367215052,1.0,0.7011587113343065,1.0,35
lions,lions/Biologger Roars Expanded (500ms)/JMO-3-8_R3.WAV,6,comb_noexempt,144.53125,2157.8456847134607,161.2670230984722,0.0,0.06634865051426811,1.0,35
lions,lions/Biologger Roars Expanded (500ms)/JMO-3-8_R3.WAV,6,pyin,144.53125,1853.0075981532373,166.93459080526952,0.0,0.8560257047202879,0.5714285714285714,20
lions,lions/Biologger Roars Expanded (500ms)/JMO-4-1_R2.WAV,0,comb,140.625,402.6879659274254,319.143039368371,1.0,-0.5305525272536639,1.0,34
lions,lions/Biologger Roars Expanded (500ms)/JMO-4-1_R2.WAV,0,comb_noexempt,140.625,2283.6095587577875,114.79605949718423,0.0,0.6453606869408589,0.9411764705882353,32
lions,lions/Biologger Roars Expanded (500ms)/JMO-4-1_R2.WAV,0,pyin,140.625,69.4055389892961,66.71507742055456,1.0,0.8711937607754053,0.9705882352941176,33
lions,lions/Biologger Roars Expanded (500ms)/JMO-4-1_R2.WAV,2,comb,140.625,1834.609269441166,190.03312130466622,0.0,0.7765865555747569,1.0,34
lions,lions/Biologger Roars Expanded (500ms)/JMO-4-1_R2.WAV,2,comb_noexempt,140.625,1747.8067568056517,208.69424266356754,0.0,0.5946225031529432,1.0,34
lions,lions/Biologger Roars Expanded (500ms)/JMO-4-1_R2.WAV,2,pyin,140.625,1936.4745841093454,190.75273818138572,0.0,-0.38593851120542555,0.8235294117647058,28
lions,lions/Biologger Roars Expanded (500ms)/JMO-4-1_R2.WAV,4,comb,140.625,606.344597102575,403.8500125206915,1.0,0.7021166232852611,1.0,34
lions,lions/Biologger Roars Expanded (500ms)/JMO-4-1_R2.WAV,4,comb_noexempt,140.625,1121.0657359640413,221.13704450312747,0.0,-0.4012049798518066,1.0,34
lions,lions/Biologger Roars Expanded (500ms)/JMO-4-1_R2.WAV,4,pyin,140.625,531.3724872111727,339.20723091750097,1.0,-0.7660284847994041,0.5882352941176471,20
lions,lions/Biologger Roars Expanded (500ms)/JMO-4-1_R2.WAV,6,comb,140.625,606.108292661778,403.8500125206915,1.0,0.7003718985957633,1.0,34
lions,lions/Biologger Roars Expanded (500ms)/JMO-4-1_R2.WAV,6,comb_noexempt,140.625,2303.780973053949,100.0027126984523,0.0,0.8364229210143084,1.0,34
lions,lions/Biologger Roars Expanded (500ms)/JMO-5-1_R2.WAV,0,comb,157.2265625,319.87244839845505,209.56311598653264,1.0,0.1283305403140395,1.0,36
lions,lions/Biologger Roars Expanded (500ms)/JMO-5-1_R2.WAV,0,comb_noexempt,157.2265625,343.5750752078058,228.57577441290618,1.0,-0.6212941453271991,0.9166666666666666,33
lions,lions/Biologger Roars Expanded (500ms)/JMO-5-1_R2.WAV,0,pyin,157.2265625,71.112421883221,71.112421883221,1.0,0.8185821225646436,0.7222222222222222,26
lions,lions/Biologger Roars Expanded (500ms)/JMO-5-1_R2.WAV,2,comb,157.2265625,399.3985325402858,238.57334875430246,1.0,-0.42640383614238114,1.0,36
lions,lions/Biologger Roars Expanded (500ms)/JMO-5-1_R2.WAV,2,comb_noexempt,157.2265625,1715.2933584696025,178.67172471391405,0.0,-0.030994360471017668,1.0,36
lions,lions/Biologger Roars Expanded (500ms)/JMO-5-1_R2.WAV,2,pyin,157.2265625,1780.4344613632447,116.67170043882655,1.0,-0.6416268763231623,0.6666666666666666,24
lions,lions/Biologger Roars Expanded (500ms)/JMO-5-1_R2.WAV,4,comb,157.2265625,294.8218096549766,255.10190318615474,1.0,-0.2587100142832249,1.0,36
lions,lions/Biologger Roars Expanded (500ms)/JMO-5-1_R2.WAV,4,comb_noexempt,157.2265625,1588.1371245575099,151.5676059792658,0.0,-0.4947699158930459,1.0,36
lions,lions/Biologger Roars Expanded (500ms)/JMO-5-1_R2.WAV,6,comb,157.2265625,317.56754240285863,278.4283832466077,1.0,-0.5767172421021246,1.0,36
lions,lions/Biologger Roars Expanded (500ms)/JMO-5-1_R2.WAV,6,comb_noexempt,157.2265625,2122.6668034085415,124.73845682916229,0.0,0.7046754652421877,1.0,36
lions,lions/Biologger Roars Expanded (500ms)/JMO-5-2_R3.WAV,0,comb,149.4140625,292.0431634462785,202.58502775571918,1.0,0.602999298992226,1.0,34
lions,lions/Biologger Roars Expanded (500ms)/JMO-5-2_R3.WAV,0,comb_noexempt,149.4140625,294.04984341967486,231.78414708247035,1.0,0.8001624539962752,0.9705882352941176,33
lions,lions/Biologger Roars Expanded (500ms)/JMO-5-2_R3.WAV,0,pyin,149.4140625,50.63779898800338,49.0656865312273,1.0,0.8744678477437402,0.9705882352941176,33
lions,lions/Biologger Roars Expanded (500ms)/JMO-5-2_R3.WAV,2,comb,149.4140625,336.6429677019871,221.48730063340162,1.0,0.5689247721096472,1.0,34
lions,lions/Biologger Roars Expanded (500ms)/JMO-5-2_R3.WAV,2,comb_noexempt,149.4140625,1730.1409393941033,160.57112982300129,0.0,-0.09457398432948229,1.0,34
lions,lions/Biologger Roars Expanded (500ms)/JMO-5-2_R3.WAV,2,pyin,149.4140625,1910.8056875213563,185.73182053845943,0.0,-0.2551529390045933,0.6470588235294118,22
lions,lions/Biologger Roars Expanded (500ms)/JMO-5-2_R3.WAV,4,comb,149.4140625,660.1184503730085,317.0585283989369,0.0,0.5839628397199356,1.0,34
lions,lions/Biologger Roars Expanded (500ms)/JMO-5-2_R3.WAV,4,comb_noexempt,149.4140625,1561.191205020402,166.82659156120508,0.0,-0.2872257295537286,0.9117647058823529,31
lions,lions/Biologger Roars Expanded (500ms)/JMO-5-2_R3.WAV,6,comb,149.4140625,660.1184503730085,322.5243199628957,0.0,0.47239182542257957,1.0,34
lions,lions/Biologger Roars Expanded (500ms)/JMO-5-2_R3.WAV,6,comb_noexempt,149.4140625,2179.0024961311856,137.0158920795472,0.0,0.6751025421927466,1.0,34
lions,lions/Biologger Roars Expanded (500ms)/JMO-5-1_R3.WAV,0,comb,150.390625,323.78607023221014,245.24777386576625,1.0,0.6923032413594163,1.0,35
lions,lions/Biologger Roars Expanded (500ms)/JMO-5-1_R3.WAV,0,comb_noexempt,150.390625,330.8914643431666,251.16007438277015,1.0,0.7613914663173019,1.0,35
lions,lions/Biologger Roars Expanded (500ms)/JMO-5-1_R3.WAV,0,pyin,150.390625,47.32218082155145,47.28022990879929,1.0,0.8831027815756094,0.8857142857142857,31
lions,lions/Biologger Roars Expanded (500ms)/JMO-5-1_R3.WAV,2,comb,150.390625,330.8914643431666,253.7990316739329,1.0,0.679832675646867,1.0,35
lions,lions/Biologger Roars Expanded (500ms)/JMO-5-1_R3.WAV,2,comb_noexempt,150.390625,1546.359735305549,139.05054114893633,0.0,0.5816647799968195,1.0,35
lions,lions/Biologger Roars Expanded (500ms)/JMO-5-1_R3.WAV,2,pyin,150.390625,1925.4798552709758,89.26225943800057,1.0,-0.7547877775532726,0.8857142857142857,31
lions,lions/Biologger Roars Expanded (500ms)/JMO-5-1_R3.WAV,4,comb,150.390625,384.542291096146,243.21530971549836,1.0,0.585940524513275,1.0,35
lions,lions/Biologger Roars Expanded (500ms)/JMO-5-1_R3.WAV,4,comb_noexempt,150.390625,1558.9290830920593,140.77764373625246,0.0,0.21352463705136812,1.0,35
lions,lions/Biologger Roars Expanded (500ms)/JMO-5-1_R3.WAV,6,comb,150.390625,330.8914643431666,243.21530971549836,1.0,0.5759576539699377,1.0,35
lions,lions/Biologger Roars Expanded (500ms)/JMO-5-1_R3.WAV,6,comb_noexempt,150.390625,2181.614532246585,182.05690204247037,0.0,-0.05807890755407485,0.9714285714285714,34
lions,lions/Biologger Roars Expanded (500ms)/PS-5-1_R1.WAV,0,comb,155.2734375,424.60851252851836,103.04222363527322,1.0,0.007269058402108922,1.0,36
lions,lions/Biologger Roars Expanded (500ms)/PS-5-1_R1.WAV,0,comb_noexempt,155.2734375,1776.7125227062693,181.43636450599286,0.0,-0.8311814114763556,1.0,36
lions,lions/Biologger Roars Expanded (500ms)/PS-5-1_R1.WAV,0,pyin,155.2734375,61.77454743894012,59.86428711191691,1.0,0.9216581736895495,0.8333333333333334,30
lions,lions/Biologger Roars Expanded (500ms)/PS-5-1_R1.WAV,2,comb,155.2734375,474.04383506806727,99.28393195488538,1.0,-0.6302439117040393,1.0,36
lions,lions/Biologger Roars Expanded (500ms)/PS-5-1_R1.WAV,2,comb_noexempt,155.2734375,1784.7235180745379,116.52988490296738,0.0,-0.7831111130130647,1.0,36
lions,lions/Biologger Roars Expanded (500ms)/PS-5-1_R1.WAV,2,pyin,155.2734375,1327.4627448058154,150.4666290350054,0.0,-0.5543574727728171,0.8611111111111112,31
lions,lions/Biologger Roars Expanded (500ms)/PS-5-1_R1.WAV,4,comb,155.2734375,419.6399713204306,140.76892468469552,1.0,0.6786771404979445,1.0,36
lions,lions/Biologger Roars Expanded (500ms)/PS-5-1_R1.WAV,4,comb_noexempt,155.2734375,1594.8237636613649,195.3686279967323,0.0,0.8987059784502713,1.0,36
lions,lions/Biologger Roars Expanded (500ms)/PS-5-1_R1.WAV,4,pyin,155.2734375,1212.116838185701,36.653543211114055,0.0,-0.46635528939308996,0.19444444444444445,7
lions,lions/Biologger Roars Expanded (500ms)/PS-5-1_R1.WAV,6,comb,155.2734375,484.37986720126395,101.65165827967749,1.0,0.13134385757459066,1.0,36
lions,lions/Biologger Roars Expanded (500ms)/PS-5-1_R1.WAV,6,comb_noexempt,155.2734375,2138.1038885019407,274.4393076195167,0.0,0.060946897298254955,0.9722222222222222,35
lions,lions/Biologger Roars Expanded (500ms)/PS-5-1_R2.WAV,0,comb,143.5546875,1081.2948275646113,200.26862060679463,0.0,0.5773131409393851,1.0,40
lions,lions/Biologger Roars Expanded (500ms)/PS-5-1_R2.WAV,0,comb_noexempt,143.5546875,2211.5324722504756,177.23506161789498,0.0,0.5271592062428166,1.0,40
lions,lions/Biologger Roars Expanded (500ms)/PS-5-1_R2.WAV,0,pyin,143.5546875,95.14390384785722,95.14390384785722,1.0,0.9133690744738983,0.55,22
lions,lions/Biologger Roars Expanded (500ms)/PS-5-1_R2.WAV,2,comb,143.5546875,625.9685132337581,428.2383361376482,1.0,-0.4847889486150579,1.0,40
lions,lions/Biologger Roars Expanded (500ms)/PS-5-1_R2.WAV,2,comb_noexempt,143.5546875,2079.531649994594,166.52860683811926,0.0,0.502170267016456,1.0,40
lions,lions/Biologger Roars Expanded (500ms)/PS-5-1_R2.WAV,2,pyin,143.5546875,2004.7823080938317,120.47443939430535,0.0,-0.13397308212613349,0.8,32
lions,lions/Biologger Roars Expanded (500ms)/PS-5-1_R2.WAV,4,comb,143.5546875,1058.2220744695933,200.45208250313766,0.0,0.6687707907471468,1.0,40
lions,lions/Biologger Roars Expanded (500ms)/PS-5-1_R2.WAV,4,comb_noexempt,143.5546875,2284.1224075193663,156.30972405204275,0.0,0.7162104623160241,1.0,40
lions,lions/Biologger Roars Expanded (500ms)/PS-5-1_R2.WAV,4,pyin,143.5546875,833.3313422253709,366.66865777462897,0.0,0.35023123957159313,0.2,8
lions,lions/Biologger Roars Expanded (500ms)/PS-5-1_R2.WAV,6,comb,143.5546875,1086.9250696008983,207.22981168729842,0.0,0.6046889915005126,1.0,40
lions,lions/Biologger Roars Expanded (500ms)/PS-5-1_R2.WAV,6,comb_noexempt,143.5546875,2267.236376928974,172.82030709195163,0.0,0.6186710502065836,1.0,40
lions,lions/Biologger Roars Expanded (500ms)/PS-5-2_R1.WAV,0,comb,140.625,433.5679841793927,198.80643625580052,1.0,-0.047609120893987854,1.0,39
lions,lions/Biologger Roars Expanded (500ms)/PS-5-2_R1.WAV,0,comb_noexempt,140.625,2250.0780306914344,168.9880018658184,0.0,0.7301697097795645,0.9487179487179487,37
lions,lions/Biologger Roars Expanded (500ms)/PS-5-2_R1.WAV,0,pyin,140.625,63.82593131622111,63.82593131622111,1.0,0.8972529516323818,0.7948717948717948,31
lions,lions/Biologger Roars Expanded (500ms)/PS-5-2_R1.WAV,2,comb,140.625,432.25719804000545,198.81022818310996,1.0,-0.1592348068484207,1.0,39
lions,lions/Biologger Roars Expanded (500ms)/PS-5-2_R1.WAV,2,comb_noexempt,140.625,2211.0356734160605,182.2592912070334,0.0,0.8498460131988084,1.0,39
lions,lions/Biologger Roars Expanded (500ms)/PS-5-2_R1.WAV,2,pyin,140.625,2174.071839051089,194.45045655819766,0.0,0.6252129779199043,0.6410256410256411,25
lions,lions/Biologger Roars Expanded (500ms)/PS-5-2_R1.WAV,4,comb,140.625,432.25719804000545,216.87606150801125,1.0,-0.573897109088794,1.0,39
lions,lions/Biologger Roars Expanded (500ms)/PS-5-2_R1.WAV,4,comb_noexempt,140.625,1350.7196803947097,342.24350189657406,0.0,-0.8475432351617185,0.9487179487179487,37
lions,lions/Biologger Roars Expanded (500ms)/PS-5-2_R1.WAV,6,comb,140.625,462.6489419782701,216.87606150801125,1.0,-0.6461826313214882,1.0,39
lions,lions/Biologger Roars Expanded (500ms)/PS-5-2_R1.WAV,6,comb_noexempt,140.625,2282.354900998708,161.49645042656408,0.0,0.8362023332651569,0.9743589743589743,38
lions,lions/Biologger Roars Expanded (500ms)/PS-5-2_R2.WAV,0,comb,146.484375,250.3291317789737,209.00484176008223,1.0,0.3698117361941968,1.0,40
lions,lions/Biologger Roars Expanded (500ms)/PS-5-2_R2.WAV,0,comb_noexempt,146.484375,2237.413814235907,162.46381074581615,0.0,0.539460924242469,1.0,40
lions,lions/Biologger Roars Expanded (500ms)/PS-5-2_R2.WAV,0,pyin,146.484375,55.962470052149456,55.962470052149456,1.0,0.6704754960178054,0.525,21
lions,lions/Biologger Roars Expanded (500ms)/PS-5-2_R2.WAV,2,comb,146.484375,393.83302742033675,206.05216711106402,1.0,-0.1493704061295872,1.0,40
lions,lions/Biologger Roars Expanded (500ms)/PS-5-2_R2.WAV,2,comb_noexempt,146.484375,1844.7742989264507,262.88974280026554,0.0,-0.15626907190372236,1.0,40
lions,lions/Biologger Roars Expanded (500ms)/PS-5-2_R2.WAV,2,pyin,146.484375,2130.0820432937626,189.01401807542152,0.0,0.5118315350484471,0.75,30
lions,lions/Biologger Roars Expanded (500ms)/PS-5-2_R2.WAV,4,comb,146.484375,513.4920103936827,228.21319495536983,1.0,-0.0850738656245533,1.0,40
lions,lions/Biologger Roars Expanded (500ms)/PS-5-2_R2.WAV,4,comb_noexempt,146.484375,1546.3046856870046,240.46328332084914,0.0,0.5190172048223207,1.0,40
lions,lions/Biologger Roars Expanded (500ms)/PS-5-2_R2.WAV,6,comb,146.484375,814.2197879723602,385.7802120276398,0.0,-0.5017828533453523,1.0,40
lions,lions/Biologger Roars Expanded (500ms)/PS-5-2_R2.WAV,6,comb_noexempt,146.484375,2222.016394971939,156.50196604665913,0.0,0.6619546649475605,1.0,40
lions,lions/Biologger Roars Expanded (500ms)/PS-5-3_R1.WAV,0,comb,167.96875,688.609822928032,288.03979102645394,0.0,-0.3062369030027887,1.0,33
lions,lions/Biologger Roars Expanded (500ms)/PS-5-3_R1.WAV,0,comb_noexempt,167.96875,1970.6612759561872,150.99329303543607,0.0,-0.3716000293753061,0.9696969696969697,32
lions,lions/Biologger Roars Expanded (500ms)/PS-5-3_R1.WAV,0,pyin,167.96875,55.197286001053214,55.197286001053214,1.0,0.9474808313593343,0.8181818181818182,27
lions,lions/Biologger Roars Expanded (500ms)/PS-5-3_R1.WAV,2,comb,167.96875,652.467520050765,316.544380982626,0.0,-0.277419470377362,1.0,33
lions,lions/Biologger Roars Expanded (500ms)/PS-5-3_R1.WAV,2,comb_noexempt,167.96875,1981.8219087869707,185.2942235808395,0.0,-0.5488004414895193,1.0,33
lions,lions/Biologger Roars Expanded (500ms)/PS-5-3_R1.WAV,2,pyin,167.96875,1627.1173480474406,106.47555118514892,0.0,-0.30217511658959595,0.8181818181818182,27
lions,lions/Biologger Roars Expanded (500ms)/PS-5-3_R1.WAV,4,comb,167.96875,691.3062452144666,271.5831632414497,0.0,-0.4905102711027707,1.0,33
lions,lions/Biologger Roars Expanded (500ms)/PS-5-3_R1.WAV,4,comb_noexempt,167.96875,1607.6685496238479,185.26152005093775,0.0,0.6523216043373532,0.9696969696969697,32
lions,lions/Biologger Roars Expanded (500ms)/PS-5-3_R1.WAV,6,comb,167.96875,691.3062452144666,268.7736713036225,0.0,-0.3937852802403946,1.0,33
lions,lions/Biologger Roars Expanded (500ms)/PS-5-3_R1.WAV,6,comb_noexempt,167.96875,2028.4486864968703,129.61950807018172,0.0,-0.22431254164948805,1.0,33
lions,lions/Biologger Roars Expanded (500ms)/PS-5-3_R1.WAV,6,pyin,167.96875,1530.2565576126417,330.2565576126417,0.0,,0.030303030303030304,1
lions,lions/Biologger Roars Expanded (500ms)/PS-5-4_R1.WAV,0,comb,156.25,697.0721783114091,134.78098188305856,1.0,-0.43968736804949504,1.0,40
lions,lions/Biologger Roars Expanded (500ms)/PS-5-4_R1.WAV,0,comb_noexempt,156.25,1807.944841485593,98.21085592350356,0.0,-0.2632484342262199,0.925,37
lions,lions/Biologger Roars Expanded (500ms)/PS-5-4_R1.WAV,0,pyin,156.25,59.85538991957435,52.10648336409191,1.0,0.8810284481389594,0.95,38
lions,lions/Biologger Roars Expanded (500ms)/PS-5-4_R1.WAV,2,comb,156.25,694.6941373017419,171.04869652737938,0.0,-0.6904070894884822,1.0,40
lions,lions/Biologger Roars Expanded (500ms)/PS-5-4_R1.WAV,2,comb_noexempt,156.25,1986.7764622011503,128.25705493733273,0.0,-0.5861380113835807,1.0,40
lions,lions/Biologger Roars Expanded (500ms)/PS-5-4_R1.WAV,2,pyin,156.25,1741.6090332673705,125.82101194854357,0.0,-0.6453470599682071,0.9,36
lions,lions/Biologger Roars Expanded (500ms)/PS-5-4_R1.WAV,4,comb,156.25,687.2600805986079,168.66067528503436,1.0,-0.4940753490723772,1.0,40
lions,lions/Biologger Roars Expanded (500ms)/PS-5-4_R1.WAV,4,comb_noexempt,156.25,1682.2478546728155,117.74209475097074,0.0,0.7486710659640143,0.975,39
lions,lions/Biologger Roars Expanded (500ms)/PS-5-4_R1.WAV,4,pyin,156.25,1272.9904324461572,72.99043244615747,0.0,0.9731751987344375,0.15,6
lions,lions/Biologger Roars Expanded (500ms)/PS-5-4_R1.WAV,6,comb,156.25,697.0721783114091,169.09769391962325,1.0,-0.5894220549065611,1.0,40
lions,lions/Biologger Roars Expanded (500ms)/PS-5-4_R1.WAV,6,comb_noexempt,156.25,2139.171535403079,213.98272563276348,0.0,0.46633722785852166,0.975,39
lions,lions/Biologger Roars Expanded (500ms)/PS-5-4_R1.WAV,6,pyin,156.25,2440.0347557778678,134.1062329868767,0.0,0.4376640479050662,0.25,10
lions,lions/Biologger Roars Expanded (500ms)/PS-5-4_R2.WAV,0,comb,158.203125,455.4466996958124,207.820255651972,1.0,-0.10219198179447724,1.0,35
lions,lions/Biologger Roars Expanded (500ms)/PS-5-4_R2.WAV,0,comb_noexempt,158.203125,451.7296713442458,288.8794179635528,1.0,0.625163117039316,1.0,35
lions,lions/Biologger Roars Expanded (500ms)/PS-5-4_R2.WAV,0,pyin,158.203125,38.62139993416669,38.62139993416669,1.0,0.8898905481165994,0.9142857142857143,32
lions,lions/Biologger Roars Expanded (500ms)/PS-5-4_R2.WAV,2,comb,158.203125,451.7296713442458,263.56020013793557,1.0,0.0062686325524109535,1.0,35
lions,lions/Biologger Roars Expanded (500ms)/PS-5-4_R2.WAV,2,comb_noexempt,158.203125,1713.4840407667784,137.9994826312666,0.0,-0.15153013522013867,1.0,35
lions,lions/Biologger Roars Expanded (500ms)/PS-5-4_R2.WAV,2,pyin,158.203125,2086.6906836871904,75.55465045052256,0.0,-0.5951384945173295,0.7428571428571429,26
lions,lions/Biologger Roars Expanded (500ms)/PS-5-4_R2.WAV,4,comb,158.203125,580.6690091954017,216.78372252688112,1.0,-0.5924818195638565,1.0,35
lions,lions/Biologger Roars Expanded (500ms)/PS-5-4_R2.WAV,4,comb_noexempt,158.203125,1713.4840407667784,130.68026471488687,0.0,0.3114248707267963,1.0,35
lions,lions/Biologger Roars Expanded (500ms)/PS-5-4_R2.WAV,4,pyin,158.203125,1316.6039629911393,116.60396299113913,0.0,0.7855302810088091,0.2857142857142857,10
lions,lions/Biologger Roars Expanded (500ms)/PS-5-4_R2.WAV,6,comb,158.203125,535.1860533200653,219.3837098417029,1.0,-0.24790277581756756,1.0,35
lions,lions/Biologger Roars Expanded (500ms)/PS-5-4_R2.WAV,6,comb_noexempt,158.203125,1845.6952873701293,83.41136362502985,0.0,-0.716991049948286,0.9714285714285714,34
lions,lions/Biologger Roars Expanded (500ms)/PS-5-4_R2.WAV,6,pyin,158.203125,2389.3861698773326,134.19664145441223,0.0,0.5672851723698483,0.08571428571428572,3
lions,lions/Biologger Roars Expanded (500ms)/PS-5-5_R1.WAV,0,comb,176.7578125,390.2400527118958,167.44218270194082,1.0,-0.25171047732283414,1.0,38
lions,lions/Biologger Roars Expanded (500ms)/PS-5-5_R1.WAV,0,comb_noexempt,176.7578125,355.3484169212958,179.6973203197413,1.0,-0.5968176858730238,0.9210526315789473,35
lions,lions/Biologger Roars Expanded (500ms)/PS-5-5_R1.WAV,0,pyin,176.7578125,58.82700445075939,58.82700445075939,1.0,0.8868563522522359,0.7894736842105263,30
lions,lions/Biologger Roars Expanded (500ms)/PS-5-5_R1.WAV,2,comb,176.7578125,420.8186367984388,166.33305763433242,1.0,-0.436800666442666,1.0,38
lions,lions/Biologger Roars Expanded (500ms)/PS-5-5_R1.WAV,2,comb_noexempt,176.7578125,453.092750125389,171.34037898013463,1.0,-0.41735829835869304,1.0,38
lions,lions/Biologger Roars Expanded (500ms)/PS-5-5_R1.WAV,2,pyin,176.7578125,1848.9525907475677,65.99892145316826,1.0,-0.7442947150114411,0.631578947368421,24
lions,lions/Biologger Roars Expanded (500ms)/PS-5-5_R1.WAV,4,comb,176.7578125,440.0267250540163,204.75585611473224,1.0,-0.5536770906388833,1.0,38
lions,lions/Biologger Roars Expanded (500ms)/PS-5-5_R1.WAV,4,comb_noexempt,176.7578125,1670.2848738099146,129.78011306457483,0.0,-0.6820146842720016,1.0,38
lions,lions/Biologger Roars Expanded (500ms)/PS-5-5_R1.WAV,4,pyin,176.7578125,2030.9427446548261,109.09245274363289,0.0,0.5163343205442676,0.3684210526315789,14
lions,lions/Biologger Roars Expanded (500ms)/PS-5-5_R1.WAV,6,comb,176.7578125,454.81660284753247,241.2877985051314,1.0,-0.6153788109861891,1.0,38
lions,lions/Biologger Roars Expanded (500ms)/PS-5-5_R1.WAV,6,comb_noexempt,176.7578125,1638.1961713269568,85.75495140238817,0.0,-0.5533786824212159,1.0,38
lions,lions/Biologger Roars Expanded (500ms)/PS-5-6_R1.WAV,0,comb,166.015625,489.2213193189986,153.16387846540357,1.0,-0.28236849890118415,1.0,37
lions,lions/Biologger Roars Expanded (500ms)/PS-5-6_R1.WAV,0,comb_noexempt,166.015625,491.7736248913607,134.0123172839894,1.0,-0.6305587649428919,0.9459459459459459,35
lions,lions/Biologger Roars Expanded (500ms)/PS-5-6_R1.WAV,0,pyin,166.015625,26.072742499116206,26.072742499116206,1.0,0.9320479310175246,0.7297297297297297,27
lions,lions/Biologger Roars Expanded (500ms)/PS-5-6_R1.WAV,2,comb,166.015625,509.1668548590967,126.00129725191209,1.0,-0.4936448064639914,1.0,37
lions,lions/Biologger Roars Expanded (500ms)/PS-5-6_R1.WAV,2,comb_noexempt,166.015625,1705.0816436702803,103.23388552556393,0.0,-0.47061294644738405,1.0,37
lions,lions/Biologger Roars Expanded (500ms)/PS-5-6_R1.WAV,2,pyin,166.015625,1909.0456949315771,142.2981345969052,0.0,-0.5881712706783301,0.6486486486486487,24
lions,lions/Biologger Roars Expanded (500ms)/PS-5-6_R1.WAV,4,comb,166.015625,520.9221844255114,238.946327742634,1.0,-0.5803629523237146,1.0,37
lions,lions/Biologger Roars Expanded (500ms)/PS-5-6_R1.WAV,4,comb_noexempt,166.015625,1724.6509058453287,113.88936790325164,0.0,-0.119584612336562,1.0,37
lions,lions/Biologger Roars Expanded (500ms)/PS-5-6_R1.WAV,4,pyin,166.015625,2165.3014576542737,227.5599151140427,0.0,0.6327122334261779,0.24324324324324326,9
lions,lions/Biologger Roars Expanded (500ms)/PS-5-6_R1.WAV,6,comb,166.015625,501.3030349706863,223.26179467107954,1.0,-0.28045557100956964,1.0,37
lions,lions/Biologger Roars Expanded (500ms)/PS-5-6_R1.WAV,6,comb_noexempt,166.015625,2091.0211542805514,226.7341000439954,0.0,-0.3921723159095287,0.918918918918919,34
lions,lions/Biologger Roars Expanded (500ms)/PS-5-6_R1.WAV,6,pyin,166.015625,1598.253090282151,303.7019105832362,0.0,0.5748116674965223,0.13513513513513514,5
lions,lions/Biologger Roars Expanded (500ms)/PS-5-6_R2.WAV,0,comb,166.9921875,490.50760052646706,224.1492411294721,1.0,-0.5050262662318484,1.0,32
lions,lions/Biologger Roars Expanded (500ms)/PS-5-6_R2.WAV,0,comb_noexempt,166.9921875,2029.5512675266937,148.5436623390695,0.0,0.7210450187977606,1.0,32
lions,lions/Biologger Roars Expanded (500ms)/PS-5-6_R2.WAV,0,pyin,166.9921875,51.66874981398452,51.66874981398452,1.0,0.7165395595044007,0.8125,26
lions,lions/Biologger Roars Expanded (500ms)/PS-5-6_R2.WAV,2,comb,166.9921875,490.50760052646706,241.87873481501936,1.0,-0.48131494049108864,1.0,32
lions,lions/Biologger Roars Expanded (500ms)/PS-5-6_R2.WAV,2,comb_noexempt,166.9921875,2029.5512675266937,169.5836587350296,0.0,0.6960440828093041,1.0,32
lions,lions/Biologger Roars Expanded (500ms)/PS-5-6_R2.WAV,2,pyin,166.9921875,1937.4988742467654,195.11734888603468,0.0,0.11803151748674665,0.9375,30
lions,lions/Biologger Roars Expanded (500ms)/PS-5-6_R2.WAV,4,comb,166.9921875,562.0466634979898,338.0180753270154,1.0,-0.18884114801626975,1.0,32
lions,lions/Biologger Roars Expanded (500ms)/PS-5-6_R2.WAV,4,comb_noexempt,166.9921875,1687.4675408251826,194.0507429891503,0.0,-0.1581937370792221,1.0,32
lions,lions/Biologger Roars Expanded (500ms)/PS-5-6_R2.WAV,4,pyin,166.9921875,2367.902429717432,229.7434423873582,0.0,0.09464971870832069,0.28125,9
lions,lions/Biologger Roars Expanded (500ms)/PS-5-6_R2.WAV,6,comb,166.9921875,186.49370566439558,172.19483017668801,1.0,0.7272786882861226,1.0,32
lions,lions/Biologger Roars Expanded (500ms)/PS-5-6_R2.WAV,6,comb_noexempt,166.9921875,2068.913700656889,158.61599302764432,0.0,0.8014730091160363,1.0,32
lions,lions/Biologger Roars Expanded (500ms)/PS-5-6_R2.WAV,6,pyin,166.9921875,2010.668270111605,108.71326924621769,0.0,0.9724765463975479,0.125,4
lions,lions/Biologger Roars Expanded (500ms)/PS-5-7_R2.WAV,0,comb,159.1796875,295.61180510607323,246.17400803654198,1.0,0.565070989221008,1.0,34
lions,lions/Biologger Roars Expanded (500ms)/PS-5-7_R2.WAV,0,comb_noexempt,159.1796875,366.56899539693745,259.2824517922371,1.0,-0.41853806871062754,1.0,34
lions,lions/Biologger Roars Expanded (500ms)/PS-5-7_R2.WAV,0,pyin,159.1796875,69.97162959314409,69.97162959314409,1.0,0.9328641506296059,0.6470588235294118,22
lions,lions/Biologger Roars Expanded (500ms)/PS-5-7_R2.WAV,2,comb,159.1796875,317.415759617701,246.17400803654198,1.0,0.5998622953396595,1.0,34
lions,lions/Biologger Roars Expanded (500ms)/PS-5-7_R2.WAV,2,comb_noexempt,159.1796875,1610.3010531511877,182.95456394359127,0.0,-0.5004433198984127,1.0,34
lions,lions/Biologger Roars Expanded (500ms)/PS-5-7_R2.WAV,2,pyin,159.1796875,1790.6825772054867,101.83387182154192,1.0,-0.6898040561984861,0.6470588235294118,22
lions,lions/Biologger Roars Expanded (500ms)/PS-5-7_R2.WAV,4,comb,159.1796875,376.77362963585654,285.74375382220813,1.0,0.4600853156076625,1.0,34
lions,lions/Biologger Roars Expanded (500ms)/PS-5-7_R2.WAV,4,comb_noexempt,159.1796875,1623.5433085325187,193.7585228162962,0.0,-0.48664433521242895,1.0,34
lions,lions/Biologger Roars Expanded (500ms)/PS-5-7_R2.WAV,6,comb,159.1796875,366.0170242118616,278.15460155598254,1.0,0.5486314068281406,1.0,34
lions,lions/Biologger Roars Expanded (500ms)/PS-5-7_R2.WAV,6,comb_noexempt,159.1796875,2115.9975479705818,155.96130633380415,0.0,0.7555541615245676,1.0,34
lions,lions/Biologger Roars Expanded (500ms)/PS-5-7_R2.WAV,6,pyin,159.1796875,2146.4159748041006,149.9789050616143,0.0,-0.5780740779986382,0.20588235294117646,7
lions,lions/Biologger Roars Expanded (500ms)/PS-6-1_R2.WAV,0,comb,173.828125,420.3114360209343,218.66227806243344,1.0,0.36344787433927433,1.0,35
lions,lions/Biologger Roars Expanded (500ms)/PS-6-1_R2.WAV,0,comb_noexempt,173.828125,350.38566080555876,224.7851423262815,1.0,0.3997099410730123,0.9428571428571428,33
lions,lions/Biologger Roars Expanded (500ms)/PS-6-1_R2.WAV,0,pyin,173.828125,70.4811056312546,70.4811056312546,1.0,0.9480470945262451,0.9428571428571428,33
lions,lions/Biologger Roars Expanded (500ms)/PS-6-1_R2.WAV,2,comb,173.828125,436.98991776779536,230.89421909169116,1.0,-0.8183274987712684,1.0,35
lions,lions/Biologger Roars Expanded (500ms)/PS-6-1_R2.WAV,2,comb_noexempt,173.828125,1637.59007532391,205.3217566017332,0.0,-0.7417930971307575,1.0,35
lions,lions/Biologger Roars Expanded (500ms)/PS-6-1_R2.WAV,2,pyin,173.828125,1968.572560974141,220.2628688169715,0.0,-0.03982573531850762,0.7714285714285715,27
lions,lions/Biologger Roars Expanded (500ms)/PS-6-1_R2.WAV,4,comb,173.828125,373.86833940630675,183.897830459045,1.0,-0.5469247284721456,1.0,35
lions,lions/Biologger Roars Expanded (500ms)/PS-6-1_R2.WAV,4,comb_noexempt,173.828125,1421.2236625882354,165.02085142539437,0.0,0.8450332066469048,1.0,35
lions,lions/Biologger Roars Expanded (500ms)/PS-6-1_R2.WAV,4,pyin,173.828125,3357.867420630308,957.8674206303084,0.0,-0.08518478368626732,0.14285714285714285,5
lions,lions/Biologger Roars Expanded (500ms)/PS-6-1_R2.WAV,6,comb,173.828125,436.98991776779536,245.4519146691288,1.0,-0.7512601947324253,1.0,35
lions,lions/Biologger Roars Expanded (500ms)/PS-6-1_R2.WAV,6,comb_noexempt,173.828125,1936.406993605319,149.29963419653683,0.0,-0.26935554952734614,1.0,35
lions,lions/Biologger Roars Expanded (500ms)/PS-6-1_R2.WAV,6,pyin,173.828125,1956.1005344289424,54.14553356355484,0.0,0.9892240750471336,0.08571428571428572,3
lions,lions/Biologger Roars Expanded (500ms)/PS-6-2_R2.WAV,0,comb,152.34375,389.5190627429389,260.4604491858096,1.0,-0.2299382149394229,1.0,33
lions,lions/Biologger Roars Expanded (500ms)/PS-6-2_R2.WAV,0,comb_noexempt,152.34375,2150.062501082517,114.86637288041726,0.0,0.6895074838142051,0.9696969696969697,32
lions,lions/Biologger Roars Expanded (500ms)/PS-6-2_R2.WAV,0,pyin,152.34375,55.301457654273364,55.301457654273364,1.0,0.8969456089166096,0.696969696969697,23
lions,lions/Biologger Roars Expanded (500ms)/PS-6-2_R2.WAV,2,comb,152.34375,531.574351636365,287.69891154335716,1.0,-0.7437403841245124,1.0,33
lions,lions/Biologger Roars Expanded (500ms)/PS-6-2_R2.WAV,2,comb_noexempt,152.34375,1745.3758737482408,123.42639368155062,0.0,-0.7914391559836554,1.0,33
lions,lions/Biologger Roars Expanded (500ms)/PS-6-2_R2.WAV,2,pyin,152.34375,1199.3296868097254,125.59197467892167,1.0,-0.7798835885896436,0.8787878787878788,29
lions,lions/Biologger Roars Expanded (500ms)/PS-6-2_R2.WAV,4,comb,152.34375,372.5154215076545,300.3785927381305,1.0,-0.1917810426810783,1.0,33
lions,lions/Biologger Roars Expanded (500ms)/PS-6-2_R2.WAV,4,comb_noexempt,152.34375,1509.5355065600459,219.1507051031983,0.0,0.7485025118090034,1.0,33
lions,lions/Biologger Roars Expanded (500ms)/PS-6-2_R2.WAV,6,comb,152.34375,435.5542354616226,323.6499311624474,1.0,-0.7046424798089794,1.0,33
lions,lions/Biologger Roars Expanded (500ms)/PS-6-2_R2.WAV,6,comb_noexempt,152.34375,2182.7082287207436,106.74614413317668,0.0,0.675510962017882,1.0,33
lions,lions/Biologger Roars Expanded (500ms)/PS-6-2_R2.WAV,6,pyin,152.34375,1402.3559626605465,210.6961881355137,0.0,0.38422417525945146,0.12121212121212122,4
lions,lions/Biologger Roars Expanded (500ms)/PS-6-4_R1.WAV,0,comb,158.203125,622.5457401880408,256.1980627056983,1.0,-0.3752462228741447,1.0,37
lions,lions/Biologger Roars Expanded (500ms)/PS-6-4_R1.WAV,0,comb_noexempt,158.203125,1654.259475404854,157.09789085830744,0.0,-0.4646217730265032,0.972972972972973,36
lions,lions/Biologger Roars Expanded (500ms)/PS-6-4_R1.WAV,0,pyin,158.203125,42.0949371831403,42.0949371831403,1.0,0.9658300591842672,0.8108108108108109,30
lions,lions/Biologger Roars Expanded (500ms)/PS-6-4_R1.WAV,2,comb,158.203125,539.0450520309134,268.0228458829689,1.0,0.3290156788617683,1.0,37
lions,lions/Biologger Roars Expanded (500ms)/PS-6-4_R1.WAV,2,comb_noexempt,158.203125,1756.0458488032343,143.9415145811062,0.0,-0.09437565908461731,1.0,37
lions,lions/Biologger Roars Expanded (500ms)/PS-6-4_R1.WAV,2,pyin,158.203125,1858.2187436074007,110.99506606659331,0.0,-0.4553899379092733,0.8648648648648649,32
lions,lions/Biologger Roars Expanded (500ms)/PS-6-4_R1.WAV,4,comb,158.203125,659.5224850909941,310.2767944123209,0.0,-0.29985117733726735,1.0,37
lions,lions/Biologger Roars Expanded (500ms)/PS-6-4_R1.WAV,4,comb_noexempt,158.203125,1497.1721150090573,148.2414498033721,0.0,0.413733339982169,1.0,37
lions,lions/Biologger Roars Expanded (500ms)/PS-6-4_R1.WAV,6,comb,158.203125,633.1230491239016,281.20573760195697,0.0,-0.15105155164426626,1.0,37
lions,lions/Biologger Roars Expanded (500ms)/PS-6-4_R1.WAV,6,comb_noexempt,158.203125,2075.802953676025,170.16341577823854,0.0,0.7514601539492879,0.9459459459459459,35
lions,lions/Biologger Roars Expanded (500ms)/PS-6-4_R1.WAV,6,pyin,158.203125,1800.4332471720245,182.14148153773613,0.0,-0.5902062615467313,0.13513513513513514,5
lions,lions/Biologger Roars Expanded (500ms)/PS-6-6_R2.WAV,0,comb,177.734375,359.502956643323,276.894842117778,1.0,-0.6862302175048299,1.0,39
lions,lions/Biologger Roars Expanded (500ms)/PS-6-6_R2.WAV,0,comb_noexempt,177.734375,378.19250711669014,253.97381096022986,1.0,-0.7870822537985218,0.9743589743589743,38
lions,lions/Biologger Roars Expanded (500ms)/PS-6-6_R2.WAV,0,pyin,177.734375,64.50353290871688,64.50353290871688,1.0,0.9044225860130185,0.6923076923076923,27
lions,lions/Biologger Roars Expanded (500ms)/PS-6-6_R2.WAV,2,comb,177.734375,391.65358870392384,234.56959071886646,1.0,-0.7438160422010621,1.0,39
lions,lions/Biologger Roars Expanded (500ms)/PS-6-6_R2.WAV,2,comb_noexempt,177.734375,1629.8938159720676,115.94434714594395,0.0,-0.862370815611403,1.0,39
lions,lions/Biologger Roars Expanded (500ms)/PS-6-6_R2.WAV,2,pyin,177.734375,1889.316048760495,128.6776266067151,0.0,-0.5168180576879411,0.8461538461538461,33
lions,lions/Biologger Roars Expanded (500ms)/PS-6-6_R2.WAV,4,comb,177.734375,280.5357039421116,174.7448365180171,1.0,0.7559933367943384,1.0,39
lions,lions/Biologger Roars Expanded (500ms)/PS-6-6_R2.WAV,4,comb_noexempt,177.734375,1493.0448340322962,101.35672761857288,0.0,-0.7197705607346252,1.0,39
lions,lions/Biologger Roars Expanded (500ms)/PS-6-6_R2.WAV,4,pyin,177.734375,1988.430552050536,86.47555118514884,0.0,0.2659137092634331,0.3333333333333333,13
lions,lions/Biologger Roars Expanded (500ms)/PS-6-6_R2.WAV,6,comb,177.734375,136.7174626570127,136.7174626570127,1.0,0.7334369730780685,1.0,39
lions,lions/Biologger Roars Expanded (500ms)/PS-6-6_R2.WAV,6,comb_noexempt,177.734375,1469.5311261339634,151.74378292227374,0.0,-0.7918303829442449,1.0,39
lions,lions/Biologger Roars Expanded (500ms)/RD-10-1_R1.WAV,0,comb,208.984375,84.55810890519632,78.81193212876768,1.0,0.08210496401536176,1.0,38
lions,lions/Biologger Roars Expanded (500ms)/RD-10-1_R1.WAV,0,comb_noexempt,208.984375,48.60251762333888,46.87466077879576,1.0,0.8013156424683501,1.0,38
lions,lions/Biologger Roars Expanded (500ms)/RD-10-1_R1.WAV,0,pyin,208.984375,52.51033111544689,52.51033111544689,1.0,0.9787192839223657,0.868421052631579,33
lions,lions/Biologger Roars Expanded (500ms)/RD-10-1_R1.WAV,2,comb,208.984375,122.11794071032494,52.93778995072052,1.0,0.6612498511378704,1.0,38
lions,lions/Biologger Roars Expanded (500ms)/RD-10-1_R1.WAV,2,comb_noexempt,208.984375,82.52865803443618,64.37482377964106,1.0,-0.7217900535137879,0.9736842105263158,37
lions,lions/Biologger Roars Expanded (500ms)/RD-10-1_R1.WAV,2,pyin,208.984375,31.009076136064117,31.009076136064117,1.0,0.7392300408173389,0.3157894736842105,12
lions,lions/Biologger Roars Expanded (500ms)/RD-10-1_R1.WAV,4,comb,208.984375,162.32024512386283,82.2650509222151,1.0,0.5635003750722326,1.0,38
lions,lions/Biologger Roars Expanded (500ms)/RD-10-1_R1.WAV,4,comb_noexempt,208.984375,1273.0975411785632,73.09754117856312,0.0,-0.17943181919871032,0.9736842105263158,37
lions,lions/Biologger Roars Expanded (500ms)/RD-10-1_R1.WAV,4,pyin,208.984375,30.14618334184317,30.14618334184317,1.0,0.720221716558497,0.3157894736842105,12
lions,lions/Biologger Roars Expanded (500ms)/RD-10-1_R1.WAV,6,comb,208.984375,125.03128572762634,107.05017137164782,1.0,0.3201914972626482,1.0,38
lions,lions/Biologger Roars Expanded (500ms)/RD-10-1_R1.WAV,6,comb_noexempt,208.984375,1280.0108628588644,78.67838577934086,0.0,-0.08338604513060677,0.9736842105263158,37
lions,lions/Biologger Roars Expanded (500ms)/RD-10-1_R1.WAV,6,pyin,208.984375,30.23680026062557,30.23680026062557,1.0,0.7231267556977435,0.3157894736842105,12
lions,lions/Biologger Roars Expanded (500ms)/RD-10-2_R2.WAV,0,comb,189.453125,279.88623570959885,103.27785172927322,1.0,0.06126468930922831,1.0,36
lions,lions/Biologger Roars Expanded (500ms)/RD-10-2_R2.WAV,0,comb_noexempt,189.453125,279.88623570959885,120.29413939860282,1.0,0.44072624519846776,1.0,36
lions,lions/Biologger Roars Expanded (500ms)/RD-10-2_R2.WAV,0,pyin,189.453125,49.484447493738834,49.484447493738834,1.0,0.960711279355886,0.9166666666666666,33
lions,lions/Biologger Roars Expanded (500ms)/RD-10-2_R2.WAV,2,comb,189.453125,315.72890069433237,117.5257009026242,1.0,-0.7208247917373333,1.0,36
lions,lions/Biologger Roars Expanded (500ms)/RD-10-2_R2.WAV,2,comb_noexempt,189.453125,1501.28679466571,69.64778513692784,0.0,-0.7716442353306833,1.0,36
lions,lions/Biologger Roars Expanded (500ms)/RD-10-2_R2.WAV,2,pyin,189.453125,35.00329551317698,35.00329551317698,1.0,0.0932212737072894,0.3055555555555556,11
lions,lions/Biologger Roars Expanded (500ms)/RD-10-2_R2.WAV,4,comb,189.453125,278.36825985587416,98.27987107106314,1.0,-0.5188208006043398,1.0,36
lions,lions/Biologger Roars Expanded (500ms)/RD-10-2_R2.WAV,4,comb_noexempt,189.453125,1267.5010545995697,62.605209566593956,0.0,-0.43938453429254726,0.9722222222222222,35
lions,lions/Biologger Roars Expanded (500ms)/RD-10-2_R2.WAV,4,pyin,189.453125,33.01161693638748,33.01161693638748,1.0,-0.032979085656680215,0.4444444444444444,16
lions,lions/Biologger Roars Expanded (500ms)/RD-10-2_R2.WAV,6,comb,189.453125,278.36825985587416,104.944795825619,1.0,-0.280524175556048,1.0,36
lions,lions/Biologger Roars Expanded (500ms)/RD-10-2_R2.WAV,6,comb_noexempt,189.453125,1503.68826370247,68.0492035526523,0.0,-0.09223599217682976,1.0,36
lions,lions/Biologger Roars Expanded (500ms)/RD-10-3_R2.WAV,0,comb,204.1015625,71.61959016319267,71.61959016319267,1.0,-0.045920445551812815,1.0,40
lions,lions/Biologger Roars Expanded (500ms)/RD-10-3_R2.WAV,0,comb_noexempt,204.1015625,56.28227861562468,56.28227861562468,1.0,-0.8211835934827053,0.9,36
lions,lions/Biologger Roars Expanded (500ms)/RD-10-3_R2.WAV,0,pyin,204.1015625,47.42711528698356,47.42711528698356,1.0,0.797436551755825,0.7,28
lions,lions/Biologger Roars Expanded (500ms)/RD-10-3_R2.WAV,2,comb,204.1015625,70.36086469375093,70.36086469375093,1.0,-0.11737365747918165,1.0,40
lions,lions/Biologger Roars Expanded (500ms)/RD-10-3_R2.WAV,2,comb_noexempt,204.1015625,1383.6021144582792,86.65398713609287,0.0,-0.44718707993986007,1.0,40
lions,lions/Biologger Roars Expanded (500ms)/RD-10-3_R2.WAV,2,pyin,204.1015625,44.087580235079244,44.087580235079244,1.0,-0.33517341140127593,0.375,15
lions,lions/Biologger Roars Expanded (500ms)/RD-10-3_R2.WAV,4,comb,204.1015625,69.56154352728633,69.56154352728633,1.0,-0.42311738545054633,1.0,40
lions,lions/Biologger Roars Expanded (500ms)/RD-10-3_R2.WAV,4,comb_noexempt,204.1015625,1363.3760793508236,70.70738230822283,0.0,-0.4827766001251447,1.0,40
lions,lions/Biologger Roars Expanded (500ms)/RD-10-3_R2.WAV,4,pyin,204.1015625,35.22620411503678,35.22620411503678,1.0,-0.045100930619483975,0.325,13
lions,lions/Biologger Roars Expanded (500ms)/RD-10-3_R2.WAV,6,comb,204.1015625,73.0905292356269,73.0905292356269,1.0,-0.13815894496181255,1.0,40
lions,lions/Biologger Roars Expanded (500ms)/RD-10-3_R2.WAV,6,comb_noexempt,204.1015625,1363.3760793508236,79.26212160440716,0.0,-0.20118063148553797,0.95,38
lions,lions/Biologger Roars Expanded (500ms)/RD-10-3_R2.WAV,6,pyin,204.1015625,35.22620411503678,35.22620411503678,1.0,0.7461982612267474,0.275,11
lions,lions/Biologger Roars Expanded (500ms)/RD-10-3_R3.WAV,0,comb,200.1953125,121.9541127484759,63.15345752522932,1.0,0.18632248065767543,1.0,36
lions,lions/Biologger Roars Expanded (500ms)/RD-10-3_R3.WAV,0,comb_noexempt,200.1953125,56.815326839836096,56.815326839836096,1.0,0.7986653574673322,1.0,36
lions,lions/Biologger Roars Expanded (500ms)/RD-10-3_R3.WAV,0,pyin,200.1953125,49.546988782214854,49.546988782214854,1.0,0.9750183967821932,0.8333333333333334,30
lions,lions/Biologger Roars Expanded (500ms)/RD-10-3_R3.WAV,2,comb,200.1953125,130.11411412728575,88.92106366222838,1.0,0.07916156728331085,1.0,36
lions,lions/Biologger Roars Expanded (500ms)/RD-10-3_R3.WAV,2,comb_noexempt,200.1953125,1403.0311078936797,131.31471884612478,0.0,-0.8540290947285584,1.0,36
lions,lions/Biologger Roars Expanded (500ms)/RD-10-3_R3.WAV,2,pyin,200.1953125,40.30902696328161,40.30902696328161,1.0,0.6406318352258118,0.4166666666666667,15
lions,lions/Biologger Roars Expanded (500ms)/RD-10-3_R3.WAV,4,comb,200.1953125,76.29709517863941,68.58193619110389,1.0,-0.38648727633337837,1.0,36
lions,lions/Biologger Roars Expanded (500ms)/RD-10-3_R3.WAV,4,comb_noexempt,200.1953125,1395.8206449184245,95.17113318429125,0.0,-0.4447870465231629,0.9722222222222222,35
lions,lions/Biologger Roars Expanded (500ms)/RD-10-3_R3.WAV,6,comb,200.1953125,187.24514231071262,77.21029091877531,1.0,-0.23779305306710644,1.0,36
lions,lions/Biologger Roars Expanded (500ms)/RD-10-3_R3.WAV,6,comb_noexempt,200.1953125,1408.402566294932,91.7946851288782,0.0,-0.3159052803741435,1.0,36
lions,lions/Biologger Roars Expanded (500ms)/RD-11-1_R2.WAV,0,comb,168.9453125,311.2099874425225,134.90962932593095,1.0,-0.44044919754547995,1.0,30
lions,lions/Biologger Roars Expanded (500ms)/RD-11-1_R2.WAV,0,comb_noexempt,168.9453125,337.1631778377877,149.70599629648527,1.0,-0.7599024410875658,0.9666666666666667,29
lions,lions/Biologger Roars Expanded (500ms)/RD-11-1_R2.WAV,0,pyin,168.9453125,46.49908211209265,46.49908211209265,1.0,0.9055480432233275,0.9333333333333333,28
lions,lions/Biologger Roars Expanded (500ms)/RD-11-1_R2.WAV,2,comb,168.9453125,338.87975705491135,117.46134335209506,1.0,-0.321319984331372,1.0,30
lions,lions/Biologger Roars Expanded (500ms)/RD-11-1_R2.WAV,2,comb_noexempt,168.9453125,1623.2759752224856,97.18483636244214,0.0,-0.8125414659340509,1.0,30
lions,lions/Biologger Roars Expanded (500ms)/RD-11-1_R2.WAV,2,pyin,168.9453125,50.98250790834055,38.924096470881864,1.0,-0.7497092190509789,0.5666666666666667,17
lions,lions/Biologger Roars Expanded (500ms)/RD-11-1_R2.WAV,4,comb,168.9453125,256.6221938024161,161.2887213463648,1.0,-0.2554586318928852,1.0,30
lions,lions/Biologger Roars Expanded (500ms)/RD-11-1_R2.WAV,4,comb_noexempt,168.9453125,1435.6805979383794,79.56760712071573,0.0,0.14330247280695563,1.0,30
lions,lions/Biologger Roars Expanded (500ms)/RD-11-1_R2.WAV,4,pyin,168.9453125,39.35768008289475,39.35768008289475,1.0,-0.7187897942816721,0.5666666666666667,17
lions,lions/Biologger Roars Expanded (500ms)/RD-11-1_R2.WAV,6,comb,168.9453125,265.55091611743006,180.61470661321937,1.0,-0.5176154460982281,1.0,30
lions,lions/Biologger Roars Expanded (500ms)/RD-11-1_R2.WAV,6,comb_noexempt,168.9453125,1508.471116056153,118.15704585500866,0.0,-0.6662555341437316,0.9666666666666667,29
lions,lions/Biologger Roars Expanded (500ms)/RD-11-1_R2.WAV,6,pyin,168.9453125,37.97879999735604,37.97879999735604,1.0,0.6460256660480419,0.36666666666666664,11
lions,lions/Biologger Roars Expanded (500ms)/RD-11-1_R3.WAV,0,comb,149.4140625,658.7573824498373,371.24319104047504,0.0,0.6003225463818036,1.0,24
lions,lions/Biologger Roars Expanded (500ms)/RD-11-1_R3.WAV,0,comb_noexempt,149.4140625,322.952797757552,175.707059158632,1.0,-0.08459911406989173,0.9583333333333334,23
lions,lions/Biologger Roars Expanded (500ms)/RD-11-1_R3.WAV,0,pyin,149.4140625,87.30088379915351,87.30088379915351,1.0,0.9634616437967894,0.9166666666666666,22
lions,lions/Biologger Roars Expanded (500ms)/RD-11-1_R3.WAV,2,comb,149.4140625,653.7746093639666,374.9602193920417,0.0,0.45314933838585436,1.0,24
lions,lions/Biologger Roars Expanded (500ms)/RD-11-1_R3.WAV,2,comb_noexempt,149.4140625,1862.307145188737,86.04838889914242,0.0,-0.11733757210106863,1.0,24
lions,lions/Biologger Roars Expanded (500ms)/RD-11-1_R3.WAV,2,pyin,149.4140625,1718.987743789439,182.96725707594845,0.0,-0.8442778596862004,0.5416666666666666,13
lions,lions/Biologger Roars Expanded (500ms)/RD-11-1_R3.WAV,4,comb,149.4140625,381.7036830274656,204.96875458812656,1.0,-0.03385027556961842,1.0,24
lions,lions/Biologger Roars Expanded (500ms)/RD-11-1_R3.WAV,4,comb_noexempt,149.4140625,1879.786779352104,51.3011196026786,0.0,0.7873655111988528,1.0,24
lions,lions/Biologger Roars Expanded (500ms)/RD-11-1_R3.WAV,6,comb,149.4140625,345.92838319462226,206.45463885012362,1.0,0.12492230490251066,1.0,24
lions,lions/Biologger Roars Expanded (500ms)/RD-11-1_R3.WAV,6,comb_noexempt,149.4140625,2181.539099492415,227.79526542690843,0.0,-0.23120168941463196,1.0,24
lions,lions/Biologger Roars Expanded (500ms)/RD-11-1_R3.WAV,6,pyin,149.4140625,2230.589488834107,37.68059273037764,0.0,0.18551850508289308,0.16666666666666666,4
lions,lions/Biologger Roars Expanded (500ms)/RD-5-1_R1.WAV,0,comb,191.40625,124.63760412385696,67.57824394760245,1.0,0.6048231291288989,1.0,36
lions,lions/Biologger Roars Expanded (500ms)/RD-5-1_R1.WAV,0,comb_noexempt,191.40625,128.2669061307024,105.60441076041965,1.0,0.12616969850913828,0.9444444444444444,34
lions,lions/Biologger Roars Expanded (500ms)/RD-5-1_R1.WAV,0,pyin,191.40625,74.78424545754346,74.78424545754346,1.0,0.965319403594806,0.9722222222222222,35
lions,lions/Biologger Roars Expanded (500ms)/RD-5-1_R1.WAV,2,comb,191.40625,237.91370152918063,108.71183097529695,1.0,0.6206497537411035,1.0,36
lions,lions/Biologger Roars Expanded (500ms)/RD-5-1_R1.WAV,2,comb_noexempt,191.40625,1706.3367369909329,193.83023351320338,0.0,-0.7586444721655798,1.0,36
lions,lions/Biologger Roars Expanded (500ms)/RD-5-1_R1.WAV,2,pyin,191.40625,45.68162935287801,45.68162935287801,1.0,-0.01678569680764557,0.3611111111111111,13
lions,lions/Biologger Roars Expanded (500ms)/RD-5-1_R1.WAV,4,comb,191.40625,274.2481755862291,147.63498798720678,1.0,0.29217064357417727,1.0,36
lions,lions/Biologger Roars Expanded (500ms)/RD-5-1_R1.WAV,4,comb_noexempt,191.40625,1467.239441499752,169.33113485440572,0.0,0.2997080519055325,1.0,36
lions,lions/Biologger Roars Expanded (500ms)/RD-5-1_R1.WAV,6,comb,191.40625,261.4888413346391,107.62310154152624,1.0,0.528023793695285,1.0,36
lions,lions/Biologger Roars Expanded (500ms)/RD-5-1_R1.WAV,6,comb_noexempt,191.40625,1447.4155535377076,140.9560690386275,0.0,0.12663497622120368,1.0,36
lions,lions/Biologger Roars Expanded (500ms)/RD-5-1_R3.WAV,0,comb,171.875,122.85078398731359,49.86815922094118,1.0,0.7086612663051965,1.0,32
lions,lions/Biologger Roars Expanded (500ms)/RD-5-1_R3.WAV,0,comb_noexempt,171.875,48.95336677349742,45.06313601803432,1.0,0.7028151229806656,0.96875,31
lions,lions/Biologger Roars Expanded (500ms)/RD-5-1_R3.WAV,0,pyin,171.875,42.407013767417126,42.407013767417126,1.0,0.9780768579180756,0.75,24
lions,lions/Biologger Roars Expanded (500ms)/RD-5-1_R3.WAV,2,comb,171.875,159.7404196769852,105.51786907680594,1.0,0.6048068596637767,1.0,32
lions,lions/Biologger Roars Expanded (500ms)/RD-5-1_R3.WAV,2,comb_noexempt,171.875,1531.8744766448017,121.3085060385234,0.0,-0.8302592025562874,0.96875,31
lions,lions/Biologger Roars Expanded (500ms)/RD-5-1_R3.WAV,2,pyin,171.875,52.38335201929484,52.38335201929484,1.0,-0.8863094435120539,0.6875,22
lions,lions/Biologger Roars Expanded (500ms)/RD-5-1_R3.WAV,4,comb,171.875,132.65611490168976,78.67504177370354,1.0,0.5234584650551116,1.0,32
lions,lions/Biologger Roars Expanded (500ms)/RD-5-1_R3.WAV,4,comb_noexempt,171.875,1506.3919353435203,100.73027809162153,0.0,-0.11057116783050183,1.0,32
lions,lions/Biologger Roars Expanded (500ms)/RD-5-1_R3.WAV,4,pyin,171.875,43.363194976674805,43.363194976674805,1.0,0.9448574537886596,0.5625,18
lions,lions/Biologger Roars Expanded (500ms)/RD-5-1_R3.WAV,6,comb,171.875,159.62527383520128,112.95192577993977,1.0,0.4560622923378384,1.0,32
lions,lions/Biologger Roars Expanded (500ms)/RD-5-1_R3.WAV,6,comb_noexempt,171.875,1993.3401165463097,193.50348133314975,0.0,-0.018331807381421154,1.0,32
lions,lions/Biologger Roars Expanded (500ms)/RD-5-2_R1.WAV,0,comb,193.359375,112.62502224239785,83.0802309498718,1.0,-0.25209045926397367,1.0,38
lions,lions/Biologger Roars Expanded (500ms)/RD-5-2_R1.WAV,0,comb_noexempt,193.359375,60.19822836910157,54.231780354724364,1.0,0.44689742247669206,0.9473684210526315,36
lions,lions/Biologger Roars Expanded (500ms)/RD-5-2_R1.WAV,0,pyin,193.359375,70.18626603931504,65.91108930776643,1.0,0.9131123493655886,0.868421052631579,33
lions,lions/Biologger Roars Expanded (500ms)/RD-5-2_R1.WAV,2,comb,193.359375,112.62502224239694,87.67198403033035,1.0,-0.7105776698651972,1.0,38
lions,lions/Biologger Roars Expanded (500ms)/RD-5-2_R1.WAV,2,comb_noexempt,193.359375,78.68387421575335,60.19822836910157,1.0,-0.8955158269276058,1.0,38
lions,lions/Biologger Roars Expanded (500ms)/RD-5-2_R1.WAV,2,pyin,193.359375,111.66085289359864,111.66085289359864,1.0,-0.20169225000257676,0.5,19
lions,lions/Biologger Roars Expanded (500ms)/RD-5-2_R1.WAV,4,comb,193.359375,113.3854787046024,96.5147238978727,1.0,-0.7112064743011195,1.0,38
lions,lions/Biologger Roars Expanded (500ms)/RD-5-2_R1.WAV,4,comb_noexempt,193.359375,1261.2943682909467,49.41488249348667,0.0,-0.6430994160011035,0.9473684210526315,36
lions,lions/Biologger Roars Expanded (500ms)/RD-5-2_R1.WAV,4,pyin,193.359375,43.34645678888606,43.34645678888606,1.0,0.24556259899945482,0.23684210526315788,9
lions,lions/Biologger Roars Expanded (500ms)/RD-5-2_R1.WAV,6,comb,193.359375,117.10250705616937,91.60123115243692,1.0,-0.4451949779789326,1.0,38
lions,lions/Biologger Roars Expanded (500ms)/RD-5-2_R1.WAV,6,comb_noexempt,193.359375,1256.687870435203,62.32386021243327,0.0,-0.7921973749480274,1.0,38
lions,lions/Biologger Roars Expanded (500ms)/RD-5-3_R1.WAV,0,comb,181.640625,59.79371836169821,55.10097070242131,1.0,-0.5617093248856163,1.0,36
lions,lions/Biologger Roars Expanded (500ms)/RD-5-3_R1.WAV,0,comb_noexempt,181.640625,53.24265878419808,51.241749200097814,1.0,-0.529941671220095,0.9166666666666666,33
lions,lions/Biologger Roars Expanded (500ms)/RD-5-3_R1.WAV,0,pyin,181.640625,52.2208860554105,52.2208860554105,1.0,0.955348637153253,0.9444444444444444,34
lions,lions/Biologger Roars Expanded (500ms)/RD-5-3_R1.WAV,2,comb,181.640625,69.9869513113624,63.89761770731006,1.0,0.45548854171251923,1.0,36
lions,lions/Biologger Roars Expanded (500ms)/RD-5-3_R1.WAV,2,comb_noexempt,181.640625,53.880526993823,52.50312545683635,1.0,-0.7181785748329859,0.9166666666666666,33
lions,lions/Biologger Roars Expanded (500ms)/RD-5-3_R1.WAV,2,pyin,181.640625,38.54152096163128,38.54152096163128,1.0,0.6722963934287817,0.5,18
lions,lions/Biologger Roars Expanded (500ms)/RD-5-3_R1.WAV,4,comb,181.640625,72.47855736676777,67.79985333779268,1.0,0.005020815259428125,1.0,36
lions,lions/Biologger Roars Expanded (500ms)/RD-5-3_R1.WAV,4,comb_noexempt,181.640625,1262.5460780125727,49.264637013736795,0.0,-0.7024299871329714,1.0,36
lions,lions/Biologger Roars Expanded (500ms)/RD-5-3_R1.WAV,4,pyin,181.640625,27.520916162015688,27.520916162015688,1.0,0.3200932984952663,0.2222222222222222,8
lions,lions/Biologger Roars Expanded (500ms)/RD-5-3_R1.WAV,6,comb,181.640625,54.969453156944766,54.969453156944766,1.0,0.12970342764826415,1.0,36
lions,lions/Biologger Roars Expanded (500ms)/RD-5-3_R1.WAV,6,comb_noexempt,181.640625,1940.9506378619437,47.33086936041151,0.0,0.43494344792905454,0.9722222222222222,35
lions,lions/Biologger Roars Expanded (500ms)/RD-5-3_R1.WAV,6,pyin,181.640625,29.823052578757295,29.823052578757295,1.0,0.29280214182201564,0.25,9
lions,lions/Biologger Roars Expanded (500ms)/RD-6-1_R1.WAV,0,comb,185.546875,104.20020195500327,98.7897773053485,1.0,0.21735069621678427,1.0,37
lions,lions/Biologger Roars Expanded (500ms)/RD-6-1_R1.WAV,0,comb_noexempt,185.546875,69.18598943837085,64.35899408504991,1.0,-0.6747006169288143,0.972972972972973,36
lions,lions/Biologger Roars Expanded (500ms)/RD-6-1_R1.WAV,0,pyin,185.546875,31.42216065483941,31.42216065483941,1.0,0.8768847533491597,0.8108108108108109,30
lions,lions/Biologger Roars Expanded (500ms)/RD-6-1_R1.WAV,2,comb,185.546875,154.23520738156742,100.01654957428332,1.0,0.1420298044582286,1.0,37
lions,lions/Biologger Roars Expanded (500ms)/RD-6-1_R1.WAV,2,comb_noexempt,185.546875,1847.89241218584,189.22213518347172,0.0,0.7248726059577495,0.972972972972973,36
lions,lions/Biologger Roars Expanded (500ms)/RD-6-1_R1.WAV,2,pyin,185.546875,1787.532296996052,65.3412887771326,0.0,-0.19054721766807495,0.6486486486486487,24
lions,lions/Biologger Roars Expanded (500ms)/RD-6-1_R1.WAV,4,comb,185.546875,80.778851186206,72.06731905651897,1.0,0.3223853232202509,1.0,37
lions,lions/Biologger Roars Expanded (500ms)/RD-6-1_R1.WAV,4,comb_noexempt,185.546875,1487.878149475379,180.75951981142452,0.0,0.44717421122058315,0.918918918918919,34
lions,lions/Biologger Roars Expanded (500ms)/RD-6-1_R1.WAV,6,comb,185.546875,92.36851568005055,82.1023352303163,1.0,0.30254573982023325,1.0,37
lions,lions/Biologger Roars Expanded (500ms)/RD-6-1_R1.WAV,6,comb_noexempt,185.546875,1919.7115298315866,127.48641411043087,0.0,0.5017309069193722,0.972972972972973,36
lions,lions/Biologger Roars Expanded (500ms)/RD-6-1_R2.WAV,0,comb,183.59375,82.23341953370367,67.23422182404877,1.0,0.43861951376727115,1.0,33
lions,lions/Biologger Roars Expanded (500ms)/RD-6-1_R2.WAV,0,comb_noexempt,183.59375,68.19492744533356,59.86925819522193,1.0,0.8421549756133981,1.0,33
lions,lions/Biologger Roars Expanded (500ms)/RD-6-1_R2.WAV,0,pyin,183.59375,42.491233155741966,42.491233155741966,1.0,0.960845451233532,0.7272727272727273,24
lions,lions/Biologger Roars Expanded (500ms)/RD-6-1_R2.WAV,2,comb,183.59375,105.6376969569447,63.540068453606544,1.0,0.2484835639451635,1.0,33
lions,lions/Biologger Roars Expanded (500ms)/RD-6-1_R2.WAV,2,comb_noexempt,183.59375,1912.2583107969556,73.02938580191245,0.0,0.7973131292244331,1.0,33
lions,lions/Biologger Roars Expanded (500ms)/RD-6-1_R2.WAV,2,pyin,183.59375,1172.6409530186888,36.21960836359459,1.0,-0.39665750870027283,0.48484848484848486,16
lions,lions/Biologger Roars Expanded (500ms)/RD-6-1_R2.WAV,4,comb,183.59375,103.52432504864882,63.94099092914181,1.0,-0.3278323796562206,1.0,33
lions,lions/Biologger Roars Expanded (500ms)/RD-6-1_R2.WAV,4,comb_noexempt,183.59375,1315.9203523761141,115.92035237611418,0.0,-0.6075980776011495,1.0,33
lions,lions/Biologger Roars Expanded (500ms)/RD-6-1_R2.WAV,4,pyin,183.59375,43.63557576409071,43.63557576409071,1.0,0.18509113798456675,0.2727272727272727,9
lions,lions/Biologger Roars Expanded (500ms)/RD-6-1_R2.WAV,6,comb,183.59375,105.15160323710995,67.36530612743599,1.0,-0.42416647463475254,1.0,33
lions,lions/Biologger Roars Expanded (500ms)/RD-6-1_R2.WAV,6,comb_noexempt,183.59375,1316.4898747987013,101.49266396856584,0.0,-0.33307781843608997,1.0,33
lions,lions/Biologger Roars Expanded (500ms)/RD-6-1_R2.WAV,6,pyin,183.59375,2350.0195243514963,121.85183750862583,0.0,-0.4224973480347465,0.18181818181818182,6
lions,lions/Biologger Roars Expanded (500ms)/RD-9-1_R1.WAV,0,comb,121.09375,64.65023565326044,64.65023565326044,1.0,0.298770205231159,1.0,34
lions,lions/Biologger Roars Expanded (500ms)/RD-9-1_R1.WAV,0,comb_noexempt,121.09375,64.65023565326044,62.335512037319035,1.0,-0.1400627471720951,1.0,34
lions,lions/Biologger Roars Expanded (500ms)/RD-9-1_R1.WAV,0,pyin,121.09375,50.98887681396327,50.98887681396327,1.0,0.9322966860480861,0.9411764705882353,32
lions,lions/Biologger Roars Expanded (500ms)/RD-9-1_R1.WAV,2,comb,121.09375,88.57674163494254,73.18823839314568,1.0,-0.09637096854293867,1.0,34
lions,lions/Biologger Roars Expanded (500ms)/RD-9-1_R1.WAV,2,comb_noexempt,121.09375,1843.8636569644984,219.0429945110506,0.0,0.5459889915913098,0.9705882352941176,33
lions,lions/Biologger Roars Expanded (500ms)/RD-9-1_R1.WAV,2,pyin,121.09375,1866.5414989645205,80.95036727732708,0.0,0.5714819391889003,0.5588235294117647,19
lions,lions/Biologger Roars Expanded (500ms)/RD-9-1_R1.WAV,4,comb,121.09375,1463.6044460695512,216.38612008601132,0.0,0.11894691305247418,1.0,34
lions,lions/Biologger Roars Expanded (500ms)/RD-9-1_R1.WAV,4,comb_noexempt,121.09375,2663.2403836393487,263.240383639349,0.0,0.02471090574557184,1.0,34
lions,lions/Biologger Roars Expanded (500ms)/RD-9-1_R1.WAV,6,comb,121.09375,958.9828844459167,267.0841529405179,0.0,0.6511783141877735,1.0,34
lions,lions/Biologger Roars Expanded (500ms)/RD-9-1_R1.WAV,6,comb_noexempt,121.09375,2106.538314571004,139.54762184944377,0.0,0.2806570491403257,1.0,34
lions,lions/Biologger Roars Expanded (500ms)/RD-9-2_R3.WAV,0,comb,125.0,70.80737322281595,70.80737322281595,1.0,0.7364044382493098,1.0,26
lions,lions/Biologger Roars Expanded (500ms)/RD-9-2_R3.WAV,0,comb_noexempt,125.0,60.17216078990616,60.17216078990616,1.0,0.7750662373923964,1.0,26
lions,lions/Biologger Roars Expanded (500ms)/RD-9-2_R3.WAV,0,pyin,125.0,51.82181668605121,51.82181668605121,1.0,0.9693454947775245,0.8076923076923077,21
lions,lions/Biologger Roars Expanded (500ms)/RD-9-2_R3.WAV,2,comb,125.0,1270.6683445830477,114.81372749641308,0.0,0.6863360502618026,0.9615384615384616,25
lions,lions/Biologger Roars Expanded (500ms)/RD-9-2_R3.WAV,2,comb_noexempt,125.0,1834.0946620196587,98.28768006842103,0.0,0.6602223285497553,1.0,26
lions,lions/Biologger Roars Expanded (500ms)/RD-9-2_R3.WAV,2,pyin,125.0,1899.7002770760491,80.63002360213375,0.0,0.2936762188364108,0.4230769230769231,11
lions,lions/Biologger Roars Expanded (500ms)/RD-9-2_R3.WAV,4,comb,125.0,192.58181760053864,144.87839834472288,1.0,0.17411710760419286,1.0,26
lions,lions/Biologger Roars Expanded (500ms)/RD-9-2_R3.WAV,4,comb_noexempt,125.0,2616.472000229325,231.29425292091912,0.0,0.19367057170486088,0.8461538461538461,22
lions,lions/Biologger Roars Expanded (500ms)/RD-9-2_R3.WAV,6,comb,125.0,179.57221837005375,145.4244695658111,1.0,0.5581930346340646,1.0,26
lions,lions/Biologger Roars Expanded (500ms)/RD-9-2_R3.WAV,6,comb_noexempt,125.0,2191.265798400467,119.26703042532048,0.0,0.34185102920204186,1.0,26
lions,lions/Biologger Roars Expanded (500ms)/RD-9-3_R1.WAV,0,comb,144.53125,509.1628667263253,155.26472532709678,1.0,0.6135957976553299,1.0,29
lions,lions/Biologger Roars Expanded (500ms)/RD-9-3_R1.WAV,0,comb_noexempt,144.53125,340.608190929808,138.1001574217699,1.0,0.6475514300845377,1.0,29
lions,lions/Biologger Roars Expanded (500ms)/RD-9-3_R1.WAV,0,pyin,144.53125,51.36898056961437,51.36898056961437,1.0,0.9747464430255443,0.6206896551724138,18
lions,lions/Biologger Roars Expanded (500ms)/RD-9-3_R1.WAV,2,comb,144.53125,481.46589815678124,153.96313368383102,1.0,0.390429284264633,1.0,29
lions,lions/Biologger Roars Expanded (500ms)/RD-9-3_R1.WAV,2,comb_noexempt,144.53125,1682.0660557128938,128.09783074298664,0.0,0.2460195922799573,1.0,29
lions,lions/Biologger Roars Expanded (500ms)/RD-9-3_R1.WAV,2,pyin,144.53125,1141.7194044109176,58.280595589082324,1.0,-0.8514713797985137,0.5172413793103449,15
lions,lions/Biologger Roars Expanded (500ms)/RD-9-3_R1.WAV,4,comb,144.53125,509.1584857792683,156.61171850130583,1.0,0.41731119755047585,1.0,29
lions,lions/Biologger Roars Expanded (500ms)/RD-9-3_R1.WAV,4,comb_noexempt,144.53125,1704.3682258222957,142.52387078989105,0.0,0.36863668210426603,1.0,29
lions,lions/Biologger Roars Expanded (500ms)/RD-9-3_R1.WAV,4,pyin,144.53125,50.19132189404913,50.19132189404913,1.0,-0.9460225010241746,0.1724137931034483,5
lions,lions/Biologger Roars Expanded (500ms)/RD-9-3_R1.WAV,6,comb,144.53125,533.504295078718,119.13149557002328,1.0,-0.012109825785596101,1.0,29
lions,lions/Biologger Roars Expanded (500ms)/RD-9-3_R1.WAV,6,comb_noexempt,144.53125,1667.4658566304565,122.62068595345356,0.0,0.36427766753870866,0.9655172413793104,28
lions,lions/Biologger Roars Expanded (500ms)/RD-9-5_R1.WAV,0,comb,149.4140625,515.3629077557399,155.99069449389242,1.0,0.6717037413647599,1.0,32
lions,lions/Biologger Roars Expanded (500ms)/RD-9-5_R1.WAV,0,comb_noexempt,149.4140625,64.60384360823438,61.939572491230415,1.0,0.693711973653572,0.96875,31
lions,lions/Biologger Roars Expanded (500ms)/RD-9-5_R1.WAV,0,pyin,149.4140625,57.26292970147418,52.14270387252648,1.0,0.9167003986882636,0.90625,29
lions,lions/Biologger Roars Expanded (500ms)/RD-9-5_R1.WAV,2,comb,149.4140625,516.2148980689253,177.13621735464463,1.0,0.34424088608979264,1.0,32
lions,lions/Biologger Roars Expanded (500ms)/RD-9-5_R1.WAV,2,comb_noexempt,149.4140625,1728.5710324794477,115.91181300677948,0.0,-0.6668513228363501,1.0,32
lions,lions/Biologger Roars Expanded (500ms)/RD-9-5_R1.WAV,2,pyin,149.4140625,366.1818228278103,67.3491509460953,1.0,-0.8635361157070955,0.6875,22
lions,lions/Biologger Roars Expanded (500ms)/RD-9-5_R1.WAV,4,comb,149.4140625,581.0157957078674,174.10343571787536,1.0,-0.6412558475655837,1.0,32
lions,lions/Biologger Roars Expanded (500ms)/RD-9-5_R1.WAV,4,comb_noexempt,149.4140625,1698.1995804394194,112.98245450345718,0.0,0.1662719427975933,0.96875,31
lions,lions/Biologger Roars Expanded (500ms)/RD-9-5_R1.WAV,4,pyin,149.4140625,49.31604876049461,49.31604876049461,1.0,0.7104014026603622,0.34375,11
lions,lions/Biologger Roars Expanded (500ms)/RD-9-5_R1.WAV,6,comb,149.4140625,572.2768946424565,175.02804401948805,1.0,-0.010130143569733538,1.0,32
lions,lions/Biologger Roars Expanded (500ms)/RD-9-5_R1.WAV,6,comb_noexempt,149.4140625,1821.3831896300858,71.49185997624306,0.0,-0.7039946861838223,0.90625,29
lions,lions/Biologger Roars Expanded (500ms)/RD-9-5_R1.WAV,6,pyin,149.4140625,48.286576257029516,48.286576257029516,1.0,0.6759269419733891,0.3125,10
lions,lions/Biologger Roars Expanded (500ms)/WIL-1-1_R1.WAV,0,comb,138.671875,59.149189621375356,55.96412007083505,1.0,0.7313661496743874,1.0,27
lions,lions/Biologger Roars Expanded (500ms)/WIL-1-1_R1.WAV,0,comb_noexempt,138.671875,2400.1114584828088,75.71033838971229,0.0,0.6258282877323638,1.0,27
lions,lions/Biologger Roars Expanded (500ms)/WIL-1-1_R1.WAV,0,pyin,138.671875,40.04600628592543,40.04600628592543,1.0,0.932550612731126,0.8148148148148148,22
lions,lions/Biologger Roars Expanded (500ms)/WIL-1-1_R1.WAV,2,comb,138.671875,66.22731567283536,55.843874857151604,1.0,0.717801468178915,1.0,27
lions,lions/Biologger Roars Expanded (500ms)/WIL-1-1_R1.WAV,2,comb_noexempt,138.671875,2400.1114584828088,75.71033838971229,0.0,0.5856785519602847,1.0,27
lions,lions/Biologger Roars Expanded (500ms)/WIL-1-1_R1.WAV,2,pyin,138.671875,2348.876060128164,75.91263278802631,0.0,0.815811465687502,0.8888888888888888,24
lions,lions/Biologger Roars Expanded (500ms)/WIL-1-1_R1.WAV,4,comb,138.671875,70.19940765855642,66.21242881462102,1.0,0.21078766129679766,1.0,27
lions,lions/Biologger Roars Expanded (500ms)/WIL-1-1_R1.WAV,4,comb_noexempt,138.671875,2400.1114584828088,69.5552204514689,0.0,0.5839217202375935,1.0,27
lions,lions/Biologger Roars Expanded (500ms)/WIL-1-1_R1.WAV,6,comb,138.671875,81.60731430990728,66.21242881462102,1.0,0.18185695746419298,1.0,27
lions,lions/Biologger Roars Expanded (500ms)/WIL-1-1_R1.WAV,6,comb_noexempt,138.671875,2385.608370828392,69.5552204514689,0.0,0.8774034201713465,1.0,27
lions,lions/Biologger Roars Expanded (500ms)/WIL-1-1_R1.WAV,6,pyin,138.671875,2382.1815161089853,59.45679798263285,0.0,0.7061030126876094,0.4444444444444444,12
lions,lions/Biologger Roars Expanded (500ms)/WIL-1-1_R2.WAV,0,comb,132.8125,52.546859522904434,52.546859522904434,1.0,0.23807747410859592,1.0,24
lions,lions/Biologger Roars Expanded (500ms)/WIL-1-1_R2.WAV,0,comb_noexempt,132.8125,47.47926879714255,47.47926879714255,1.0,0.42553909286314034,0.9583333333333334,23
lions,lions/Biologger Roars Expanded (500ms)/WIL-1-1_R2.WAV,0,pyin,132.8125,45.01124061476027,45.01124061476027,1.0,0.939021393585461,0.9166666666666666,22
lions,lions/Biologger Roars Expanded (500ms)/WIL-1-1_R2.WAV,2,comb,132.8125,51.38908384291692,51.38908384291692,1.0,0.23060621389215602,1.0,24
lions,lions/Biologger Roars Expanded (500ms)/WIL-1-1_R2.WAV,2,comb_noexempt,132.8125,1934.2045842319403,61.00791642524716,0.0,0.43985800421663523,1.0,24
lions,lions/Biologger Roars Expanded (500ms)/WIL-1-1_R2.WAV,2,pyin,132.8125,589.8093465560986,441.24822571014994,1.0,-0.6210507513864209,0.9166666666666666,22
lions,lions/Biologger Roars Expanded (500ms)/WIL-1-1_R2.WAV,4,comb,132.8125,56.2331739357149,56.2331739357149,1.0,0.4129499267044329,1.0,24
lions,lions/Biologger Roars Expanded (500ms)/WIL-1-1_R2.WAV,4,comb_noexempt,132.8125,1248.3554521407991,60.652825262140524,0.0,-0.1137573006888167,1.0,24
lions,lions/Biologger Roars Expanded (500ms)/WIL-1-1_R2.WAV,4,pyin,132.8125,64.14912234990717,44.482400845700255,1.0,0.687700533171449,0.5833333333333334,14
lions,lions/Biologger Roars Expanded (500ms)/WIL-1-1_R2.WAV,6,comb,132.8125,1248.3554521407991,60.652825262140524,0.0,0.3148595498497092,1.0,24
lions,lions/Biologger Roars Expanded (500ms)/WIL-1-1_R2.WAV,6,comb_noexempt,132.8125,1908.8845313902166,61.417030577806685,0.0,0.10659647864709261,1.0,24
lions,lions/Biologger Roars Expanded (500ms)/WIL-1-1_R2.WAV,6,pyin,132.8125,2482.3700837509027,82.37008375090288,0.0,0.2082057710329936,0.125,3
lions,lions/Biologger Roars Expanded (500ms)/WIL-1-2_R1.WAV,0,comb,135.7421875,71.59999763405419,66.80515522437344,1.0,0.830262032384082,1.0,34
lions,lions/Biologger Roars Expanded (500ms)/WIL-1-2_R1.WAV,0,comb_noexempt,135.7421875,56.482394747994,56.482394747994,1.0,0.8788099899960681,0.9705882352941176,33
lions,lions/Biologger Roars Expanded (500ms)/WIL-1-2_R1.WAV,0,pyin,135.7421875,61.88078312104728,61.88078312104728,1.0,0.9382679032569057,0.9411764705882353,32
lions,lions/Biologger Roars Expanded (500ms)/WIL-1-2_R1.WAV,2,comb,135.7421875,515.7703101690122,439.8670446550375,1.0,0.6090924746210217,1.0,34
lions,lions/Biologger Roars Expanded (500ms)/WIL-1-2_R1.WAV,2,comb_noexempt,135.7421875,1721.7360793165426,223.3661685146432,0.0,0.3618783689786971,1.0,34
lions,lions/Biologger Roars Expanded (500ms)/WIL-1-2_R1.WAV,2,pyin,135.7421875,1726.798050406747,300.9427446548258,0.0,-0.41954304274079257,0.8529411764705882,29
lions,lions/Biologger Roars Expanded (500ms)/WIL-1-2_R1.WAV,4,comb,135.7421875,1216.3194786045362,57.32125204551373,0.0,0.6870217190182946,1.0,34
lions,lions/Biologger Roars Expanded (500ms)/WIL-1-2_R1.WAV,4,comb_noexempt,135.7421875,1212.1732384346928,57.5127361554845,0.0,0.3981674062853084,0.9705882352941176,33
lions,lions/Biologger Roars Expanded (500ms)/WIL-1-2_R1.WAV,6,comb,135.7421875,1213.9217715824943,70.35077319930136,0.0,0.816121357892579,1.0,34
lions,lions/Biologger Roars Expanded (500ms)/WIL-1-2_R1.WAV,6,comb_noexempt,135.7421875,2412.4289853186992,56.84273738447317,0.0,0.7824925653964171,1.0,34
lions,lions/Biologger Roars Expanded (500ms)/WIL-1-2_R1.WAV,6,pyin,135.7421875,2295.982521704115,104.01747829588506,0.0,-0.6507850932047908,0.11764705882352941,4
lions,lions/Biologger Roars Expanded (500ms)/WIL-1-2_R2.WAV,0,comb,131.8359375,71.55676734849956,66.45747863639428,1.0,0.7787544660397153,1.0,30
lions,lions/Biologger Roars Expanded (500ms)/WIL-1-2_R2.WAV,0,comb_noexempt,131.8359375,71.55676734849956,66.45747863639428,1.0,0.6784472849409802,1.0,30
lions,lions/Biologger Roars Expanded (500ms)/WIL-1-2_R2.WAV,0,pyin,131.8359375,64.94756257485594,64.94756257485594,1.0,0.9492356410688055,0.9,27
lions,lions/Biologger Roars Expanded (500ms)/WIL-1-2_R2.WAV,2,comb,131.8359375,71.55676734849956,66.45747863639428,1.0,0.6925152078501066,1.0,30
lions,lions/Biologger Roars Expanded (500ms)/WIL-1-2_R2.WAV,2,comb_noexempt,131.8359375,1939.0141035425345,58.67340765640881,0.0,0.6822236391273662,1.0,30
lions,lions/Biologger Roars Expanded (500ms)/WIL-1-2_R2.WAV,2,pyin,131.8359375,1010.7014638775237,288.99032230863844,1.0,-0.3437571684701189,0.6333333333333333,19
lions,lions/Biologger Roars Expanded (500ms)/WIL-1-2_R2.WAV,4,comb,131.8359375,1248.2378634348477,65.1372825379071,0.0,0.7750530288822017,1.0,30
lions,lions/Biologger Roars Expanded (500ms)/WIL-1-2_R2.WAV,4,comb_noexempt,131.8359375,1256.0639862376038,72.66455323466147,0.0,0.23624229185198156,1.0,30
lions,lions/Biologger Roars Expanded (500ms)/WIL-1-2_R2.WAV,6,comb,131.8359375,1248.2378634348477,64.4292439892415,0.0,0.6537620662691151,1.0,30
lions,lions/Biologger Roars Expanded (500ms)/WIL-1-2_R2.WAV,6,comb_noexempt,131.8359375,2457.901374155546,69.96068070423989,0.0,0.35373585415197356,1.0,30
lions,lions/Biologger Roars Expanded (500ms)/WIL-1-2_R2.WAV,6,pyin,131.8359375,2471.541581026669,71.54158102666892,0.0,,0.06666666666666667,2
lions,lions/Biologger Roars Expanded (500ms)/WIL-1-3_R2.WAV,0,comb,134.765625,44.09236188412769,44.09236188412769,1.0,0.03218658087709236,1.0,24
lions,lions/Biologger Roars Expanded (500ms)/WIL-1-3_R2.WAV,0,comb_noexempt,134.765625,63.55985252690791,63.55985252690791,1.0,-0.4872508677887134,1.0,24
lions,lions/Biologger Roars Expanded (500ms)/WIL-1-3_R2.WAV,0,pyin,134.765625,32.764881437845496,32.764881437845496,1.0,0.7776469367073848,0.8333333333333334,20
lions,lions/Biologger Roars Expanded (500ms)/WIL-1-3_R2.WAV,2,comb,134.765625,50.105351135566195,46.388322783999314,1.0,-0.07769838821921303,1.0,24
lions,lions/Biologger Roars Expanded (500ms)/WIL-1-3_R2.WAV,2,comb_noexempt,134.765625,1884.3419612607404,84.11001496265379,0.0,-0.7006192149779655,1.0,24
lions,lions/Biologger Roars Expanded (500ms)/WIL-1-3_R2.WAV,2,pyin,134.765625,323.0635545572039,75.20661006927158,1.0,-0.30070133022961965,0.8333333333333334,20
lions,lions/Biologger Roars Expanded (500ms)/WIL-1-3_R2.WAV,4,comb,134.765625,65.43324138468355,65.43324138468355,1.0,-0.8166401503442818,1.0,24
lions,lions/Biologger Roars Expanded (500ms)/WIL-1-3_R2.WAV,4,comb_noexempt,134.765625,1273.9057988052373,69.42394799663735,0.0,0.1824114849905382,1.0,24
lions,lions/Biologger Roars Expanded (500ms)/WIL-1-3_R2.WAV,4,pyin,134.765625,573.9528420496843,573.9528420496843,1.0,,0.08333333333333333,2
lions,lions/Biologger Roars Expanded (500ms)/WIL-1-3_R2.WAV,6,comb,134.765625,70.11486592113192,70.11486592113192,1.0,-0.37962808598724773,1.0,24
lions,lions/Biologger Roars Expanded (500ms)/WIL-1-3_R2.WAV,6,comb_noexempt,134.765625,1987.9309734329322,85.97597256754514,0.0,0.2148835166249817,0.9583333333333334,23
lions,lions/Biologger Roars Expanded (500ms)/WIL-1-3_R2.WAV,6,pyin,134.765625,2391.988134943405,42.916295892316654,0.0,-0.7989461037092511,0.16666666666666666,4
lions,lions/Biologger Roars Expanded (500ms)/WIL-2-10_R2.WAV,0,comb,134.765625,68.02176805192154,64.71803943523729,1.0,-0.01973480417824854,1.0,30
lions,lions/Biologger Roars Expanded (500ms)/WIL-2-10_R2.WAV,0,comb_noexempt,134.765625,66.64323152550156,64.71803943523729,1.0,0.7173998266848198,1.0,30
lions,lions/Biologger Roars Expanded (500ms)/WIL-2-10_R2.WAV,0,pyin,134.765625,59.514915979429986,59.514915979429986,1.0,0.9565994536813667,0.8333333333333334,25
lions,lions/Biologger Roars Expanded (500ms)/WIL-2-10_R2.WAV,2,comb,134.765625,62.41585948625116,60.557345310468506,1.0,0.10756295796583985,1.0,30
lions,lions/Biologger Roars Expanded (500ms)/WIL-2-10_R2.WAV,2,comb_noexempt,134.765625,1944.3389230487835,64.44640976827752,0.0,0.5552792867771762,1.0,30
lions,lions/Biologger Roars Expanded (500ms)/WIL-2-10_R2.WAV,2,pyin,134.765625,2289.6751095005134,181.63647161507208,0.0,-0.48848745136147087,0.13333333333333333,4
lions,lions/Biologger Roars Expanded (500ms)/WIL-2-10_R2.WAV,4,comb,134.765625,71.15012049874248,64.69336196604702,1.0,-0.7158427368925299,1.0,30
lions,lions/Biologger Roars Expanded (500ms)/WIL-2-10_R2.WAV,4,comb_noexempt,134.765625,1248.8811467672235,63.279653055365884,0.0,-0.6973063511438347,1.0,30
lions,lions/Biologger Roars Expanded (500ms)/WIL-2-10_R2.WAV,6,comb,134.765625,64.71803943523729,61.81209882645734,1.0,0.17658313484023166,1.0,30
lions,lions/Biologger Roars Expanded (500ms)/WIL-2-10_R2.WAV,6,comb_noexempt,134.765625,1948.8098533429325,67.66235295326459,0.0,-0.5524475584382535,1.0,30
lions,lions/Biologger Roars Expanded (500ms)/WIL-2-10_R3.WAV,0,comb,135.7421875,76.02600218933397,66.22836778949022,1.0,0.09723237449751414,1.0,26
lions,lions/Biologger Roars Expanded (500ms)/WIL-2-10_R3.WAV,0,comb_noexempt,135.7421875,70.30027467607611,62.156460902904314,1.0,-0.4664622382196233,0.9615384615384616,25
lions,lions/Biologger Roars Expanded (500ms)/WIL-2-10_R3.WAV,0,pyin,135.7421875,50.485084020570156,46.19720763870643,1.0,0.8664719136750508,0.8846153846153846,23
lions,lions/Biologger Roars Expanded (500ms)/WIL-2-10_R3.WAV,2,comb,135.7421875,72.32459144043392,61.9529601996326,1.0,-0.6993444385573866,1.0,26
lions,lions/Biologger Roars Expanded (500ms)/WIL-2-10_R3.WAV,2,comb_noexempt,135.7421875,1922.107203363656,69.47925089563337,0.0,0.8078725967331248,1.0,26
lions,lions/Biologger Roars Expanded (500ms)/WIL-2-10_R3.WAV,2,pyin,135.7421875,1941.9744902404905,40.01948937510308,0.0,,0.07692307692307693,2
lions,lions/Biologger Roars Expanded (500ms)/WIL-2-10_R3.WAV,4,comb,135.7421875,70.67290458986193,70.67290458986193,1.0,0.7363562135961875,1.0,26
lions,lions/Biologger Roars Expanded (500ms)/WIL-2-10_R3.WAV,4,comb_noexempt,135.7421875,1922.7775740298225,62.827015849558165,0.0,0.8131904058333004,1.0,26
lions,lions/Biologger Roars Expanded (500ms)/WIL-2-10_R3.WAV,6,comb,135.7421875,71.3234021344138,61.9529601996326,1.0,-0.4367044781006006,1.0,26
lions,lions/Biologger Roars Expanded (500ms)/WIL-2-10_R3.WAV,6,comb_noexempt,135.7421875,1923.2345798447843,60.9929457660307,0.0,-0.5712823762060935,0.9615384615384616,25
lions,lions/Biologger Roars Expanded (500ms)/WIL-2-1_R2.WAV,0,comb,132.8125,65.83549652683857,51.85935773159932,1.0,0.8438786107150162,1.0,20
lions,lions/Biologger Roars Expanded (500ms)/WIL-2-1_R2.WAV,0,comb_noexempt,132.8125,57.985050194074695,52.37164122715395,1.0,0.5498938070545791,1.0,20
lions,lions/Biologger Roars Expanded (500ms)/WIL-2-1_R2.WAV,0,pyin,132.8125,45.938516154904505,45.938516154904505,1.0,0.9474573288680024,0.95,19
lions,lions/Biologger Roars Expanded (500ms)/WIL-2-1_R2.WAV,2,comb,132.8125,557.2309887313415,487.33425965882606,1.0,0.7976874256146619,1.0,20
lions,lions/Biologger Roars Expanded (500ms)/WIL-2-1_R2.WAV,2,comb_noexempt,132.8125,1808.7527133228573,174.32276466910497,0.0,-0.6765593627963418,1.0,20
lions,lions/Biologger Roars Expanded (500ms)/WIL-2-1_R2.WAV,2,pyin,132.8125,2119.3901737254173,496.79337751525946,0.0,-0.42039543604232243,0.9,18
lions,lions/Biologger Roars Expanded (500ms)/WIL-2-1_R2.WAV,4,comb,132.8125,737.4991111469494,462.5008888530505,0.0,0.4336242327644442,1.0,20
lions,lions/Biologger Roars Expanded (500ms)/WIL-2-1_R2.WAV,4,comb_noexempt,132.8125,1268.1513857980794,67.68852374670543,0.0,-0.7532306487955437,1.0,20
lions,lions/Biologger Roars Expanded (500ms)/WIL-2-1_R2.WAV,6,comb,132.8125,369.3356482222688,297.76581372891377,1.0,0.823385012086123,1.0,20
lions,lions/Biologger Roars Expanded (500ms)/WIL-2-1_R2.WAV,6,comb_noexempt,132.8125,2274.3126784003134,209.46525811548585,0.0,0.48777831013645834,1.0,20
lions,lions/Biologger Roars Expanded (500ms)/WIL-2-2_R2.WAV,0,comb,133.7890625,78.38637369655629,78.38637369655629,1.0,-0.6820266794548504,1.0,18
lions,lions/Biologger Roars Expanded (500ms)/WIL-2-2_R2.WAV,0,comb_noexempt,133.7890625,1260.2680632387196,79.89062320406525,0.0,-0.773419577409798,1.0,18
lions,lions/Biologger Roars Expanded (500ms)/WIL-2-2_R2.WAV,0,pyin,133.7890625,70.59589772240153,70.59589772240153,1.0,0.8953021299113487,1.0,18
lions,lions/Biologger Roars Expanded (500ms)/WIL-2-2_R2.WAV,2,comb,133.7890625,1688.3866365504587,277.7679570616502,0.0,0.3246991461246174,1.0,18
lions,lions/Biologger Roars Expanded (500ms)/WIL-2-2_R2.WAV,2,comb_noexempt,133.7890625,1677.9107086413683,280.5150656188751,0.0,-0.7627202587738006,0.9444444444444444,17
lions,lions/Biologger Roars Expanded (500ms)/WIL-2-2_R2.WAV,2,pyin,133.7890625,1806.2109049597743,184.716297180746,0.0,-0.883170539096744,1.0,18
lions,lions/Biologger Roars Expanded (500ms)/WIL-2-2_R2.WAV,4,comb,133.7890625,85.57771486299112,85.57771486299112,1.0,-0.7878943530537614,1.0,18
lions,lions/Biologger Roars Expanded (500ms)/WIL-2-2_R2.WAV,4,comb_noexempt,133.7890625,2475.962877967445,93.8027598977068,0.0,-0.14625242289104107,0.9444444444444444,17
lions,lions/Biologger Roars Expanded (500ms)/WIL-2-2_R2.WAV,6,comb,133.7890625,77.60502817491627,77.60502817491627,1.0,-0.6891891501817072,1.0,18
lions,lions/Biologger Roars Expanded (500ms)/WIL-2-2_R2.WAV,6,comb_noexempt,133.7890625,2424.504784217398,94.94029031536715,0.0,0.6363556270386953,1.0,18
lions,lions/Biologger Roars Expanded (500ms)/WIL-2-2_R2.WAV,6,pyin,133.7890625,2355.938516154904,138.578011270972,0.0,0.1708448188175131,0.7222222222222222,13
lions,lions/Biologger Roars Expanded (500ms)/WIL-2-2_R3.WAV,0,comb,132.8125,89.16956892846498,78.552984940506,1.0,0.8056394892437259,1.0,17
lions,lions/Biologger Roars Expanded (500ms)/WIL-2-2_R3.WAV,0,comb_noexempt,132.8125,1278.334488935323,93.25904082494816,0.0,-0.6997231157363589,1.0,17
lions,lions/Biologger Roars Expanded (500ms)/WIL-2-2_R3.WAV,0,pyin,132.8125,54.44946387285135,54.44946387285135,1.0,0.9707507084777107,0.9411764705882353,16
lions,lions/Biologger Roars Expanded (500ms)/WIL-2-2_R3.WAV,2,comb,132.8125,89.71122912895916,77.65299173701595,1.0,-0.6747200871457628,1.0,17
lions,lions/Biologger Roars Expanded (500ms)/WIL-2-2_R3.WAV,2,comb_noexempt,132.8125,1956.687835008887,90.10537005414193,0.0,-0.8047984621864313,1.0,17
lions,lions/Biologger Roars Expanded (500ms)/WIL-2-2_R3.WAV,2,pyin,132.8125,1132.5173423543865,190.78515378795396,1.0,-0.8023476012668654,0.7058823529411765,12
lions,lions/Biologger Roars Expanded (500ms)/WIL-2-2_R3.WAV,4,comb,132.8125,78.552984940506,78.43191715193144,1.0,-0.6429226032739288,1.0,17
lions,lions/Biologger Roars Expanded (500ms)/WIL-2-2_R3.WAV,4,comb_noexempt,132.8125,2443.6185490641546,88.49225138921798,0.0,-0.4151508331318571,1.0,17
lions,lions/Biologger Roars Expanded (500ms)/WIL-2-2_R3.WAV,6,comb,132.8125,89.71122912895916,78.552984940506,1.0,-0.8745574792181326,1.0,17
lions,lions/Biologger Roars Expanded (500ms)/WIL-2-2_R3.WAV,6,comb_noexempt,132.8125,1952.97080665732,80.28336439744915,0.0,-0.7781993044404094,1.0,17
lions,lions/Biologger Roars Expanded (500ms)/WIL-2-2_R3.WAV,6,pyin,132.8125,2448.638308520717,227.06788894592495,0.0,-0.15206636377500288,0.29411764705882354,5
lions,lions/Biologger Roars Expanded (500ms)/WIL-2-3_R3.WAV,0,comb,128.90625,95.07095176491254,95.07095176491254,1.0,-0.7216983444107802,1.0,19
lions,lions/Biologger Roars Expanded (500ms)/WIL-2-3_R3.WAV,0,comb_noexempt,128.90625,1963.012965451209,61.05796458582205,0.0,-0.10665098511203798,0.8947368421052632,17
lions,lions/Biologger Roars Expanded (500ms)/WIL-2-3_R3.WAV,0,pyin,128.90625,63.2523292594679,63.2523292594679,1.0,0.9672611036720795,0.9473684210526315,18
lions,lions/Biologger Roars Expanded (500ms)/WIL-2-3_R3.WAV,2,comb,128.90625,530.6013941056303,346.7166577694556,1.0,0.6800327205917669,1.0,19
lions,lions/Biologger Roars Expanded (500ms)/WIL-2-3_R3.WAV,2,comb_noexempt,128.90625,1728.63303658128,302.9595122851014,0.0,0.43618986382532837,1.0,19
lions,lions/Biologger Roars Expanded (500ms)/WIL-2-3_R3.WAV,2,pyin,128.90625,1707.7732135273777,216.49852057663853,0.0,-0.6044553404767554,0.6842105263157895,13
lions,lions/Biologger Roars Expanded (500ms)/WIL-2-3_R3.WAV,4,comb,128.90625,1338.3450596667533,128.28146549040258,0.0,0.0795676641215856,1.0,19
lions,lions/Biologger Roars Expanded (500ms)/WIL-2-3_R3.WAV,4,comb_noexempt,128.90625,2539.8407236428066,139.84072364280647,0.0,-0.06015929436776666,1.0,19
lions,lions/Biologger Roars Expanded (500ms)/WIL-2-3_R3.WAV,4,pyin,128.90625,2527.157269175571,127.15726917557083,0.0,,0.10526315789473684,2
lions,lions/Biologger Roars Expanded (500ms)/WIL-2-3_R3.WAV,6,comb,128.90625,1341.1680402602883,98.54523867786705,0.0,0.5409593185036673,1.0,19
lions,lions/Biologger Roars Expanded (500ms)/WIL-2-3_R3.WAV,6,comb_noexempt,128.90625,2149.552746728279,168.85178678126306,0.0,0.24556400370802126,1.0,19
lions,lions/Biologger Roars Expanded (500ms)/WIL-2-3_R3.WAV,6,pyin,128.90625,2445.9385161549044,52.37008375090315,0.0,0.9866015596303085,0.2631578947368421,5
lions,lions/Biologger Roars Expanded (500ms)/WIL-2-4_R2.WAV,0,comb,130.859375,69.92945716618789,58.77837211148702,1.0,-0.70035958108949,1.0,19
lions,lions/Biologger Roars Expanded (500ms)/WIL-2-4_R2.WAV,0,comb_noexempt,130.859375,2467.41274392685,73.3862379081025,0.0,-0.34355424203651475,1.0,19
lions,lions/Biologger Roars Expanded (500ms)/WIL-2-4_R2.WAV,0,pyin,130.859375,66.02257364789793,61.34154069553563,1.0,0.9055773215261405,0.9473684210526315,18
lions,lions/Biologger Roars Expanded (500ms)/WIL-2-4_R2.WAV,2,comb,130.859375,69.92945716618789,65.82460106996089,1.0,-0.5920676461451496,1.0,19
lions,lions/Biologger Roars Expanded (500ms)/WIL-2-4_R2.WAV,2,comb_noexempt,130.859375,1679.4027333946626,276.08268914595607,0.0,-0.6339532677705481,1.0,19
lions,lions/Biologger Roars Expanded (500ms)/WIL-2-4_R2.WAV,2,pyin,130.859375,2469.786705903957,69.78670590395747,0.0,,0.10526315789473684,2
lions,lions/Biologger Roars Expanded (500ms)/WIL-2-4_R2.WAV,4,comb,130.859375,772.4478156123346,427.5521843876654,0.0,0.7715260749332515,1.0,19
lions,lions/Biologger Roars Expanded (500ms)/WIL-2-4_R2.WAV,4,comb_noexempt,130.859375,1813.2157540510723,200.25009736132327,0.0,0.410749086507585,1.0,19
lions,lions/Biologger Roars Expanded (500ms)/WIL-2-4_R2.WAV,6,comb,130.859375,772.4478156123346,438.7032694423665,0.0,0.6880828281535853,1.0,19
lions,lions/Biologger Roars Expanded (500ms)/WIL-2-4_R2.WAV,6,comb_noexempt,130.859375,2045.4844901074755,143.52948924208795,0.0,0.08795391537535499,0.9473684210526315,18
lions,lions/Biologger Roars Expanded (500ms)/WIL-2-4_R2.WAV,6,pyin,130.859375,2392.4669274389926,94.69854234572657,0.0,0.7882601802850256,0.3684210526315789,7
lions,lions/Biologger Roars Expanded (500ms)/WIL-2-5_R1.WAV,0,comb,134.765625,76.08835457825654,76.08835457825654,1.0,-0.08272213338737089,1.0,23
lions,lions/Biologger Roars Expanded (500ms)/WIL-2-5_R1.WAV,0,comb_noexempt,134.765625,2427.641509397073,83.24141187527272,0.0,-0.0026810835579071665,1.0,23
lions,lions/Biologger Roars Expanded (500ms)/WIL-2-5_R1.WAV,0,pyin,134.765625,56.71638866461254,53.03840378418842,1.0,0.8195851981192974,0.8695652173913043,20
lions,lions/Biologger Roars Expanded (500ms)/WIL-2-5_R1.WAV,2,comb,134.765625,625.9916851479298,458.974788656305,1.0,-0.57452893663743,1.0,23
lions,lions/Biologger Roars Expanded (500ms)/WIL-2-5_R1.WAV,2,comb_noexempt,134.765625,1922.125653583973,77.3894698036323,0.0,0.8342598427556444,1.0,23
lions,lions/Biologger Roars Expanded (500ms)/WIL-2-5_R1.WAV,2,pyin,134.765625,705.7439501153588,494.25604988464124,0.0,,0.043478260869565216,1
lions,lions/Biologger Roars Expanded (500ms)/WIL-2-5_R1.WAV,4,comb,134.765625,1257.8865049143062,57.88650491430625,0.0,0.8073950403903829,1.0,23
lions,lions/Biologger Roars Expanded (500ms)/WIL-2-5_R1.WAV,4,comb_noexempt,134.765625,2422.620430000129,78.46567886649399,0.0,-0.2032211872475519,0.9565217391304348,22
lions,lions/Biologger Roars Expanded (500ms)/WIL-2-5_R1.WAV,4,pyin,134.765625,705.7439501153588,282.42096128239024,0.0,-0.300662017230633,0.13043478260869565,3
lions,lions/Biologger Roars Expanded (500ms)/WIL-2-5_R1.WAV,6,comb,134.765625,82.19661955835006,74.55964665244738,1.0,0.564775233055183,1.0,23
lions,lions/Biologger Roars Expanded (500ms)/WIL-2-5_R1.WAV,6,comb_noexempt,134.765625,1981.598107209044,87.07716304679064,0.0,-0.756711056643342,1.0,23
lions,lions/Biologger Roars Expanded (500ms)/WIL-2-5_R1.WAV,6,pyin,134.765625,738.2708757574131,353.28891957669146,0.0,-0.11160192697686992,0.17391304347826086,4
lions,lions/Biologger Roars Expanded (500ms)/WIL-2-5_R3.WAV,0,comb,125.0,1792.163017108092,279.7818875695215,0.0,0.37007857959498786,1.0,19
lions,lions/Biologger Roars Expanded (500ms)/WIL-2-5_R3.WAV,0,comb_noexempt,125.0,1118.2701821688045,101.71101979605336,0.0,0.8055562922038907,0.8947368421052632,17
lions,lions/Biologger Roars Expanded (500ms)/WIL-2-5_R3.WAV,0,pyin,125.0,50.4940214857906,50.4940214857906,1.0,0.8614676042831834,0.8947368421052632,17
lions,lions/Biologger Roars Expanded (500ms)/WIL-2-5_R3.WAV,2,comb,125.0,1755.1472022268042,279.7818875695215,0.0,-0.5367303745278972,1.0,19
lions,lions/Biologger Roars Expanded (500ms)/WIL-2-5_R3.WAV,2,comb_noexempt,125.0,1723.473019976041,269.7575587036325,0.0,-0.4480954798980213,1.0,19
lions,lions/Biologger Roars Expanded (500ms)/WIL-2-5_R3.WAV,2,pyin,125.0,1727.6505018105365,274.2369172624295,0.0,-0.7848940954204617,0.8947368421052632,17
lions,lions/Biologger Roars Expanded (500ms)/WIL-2-5_R3.WAV,4,comb,125.0,879.7067172008487,355.2617315943721,0.0,-0.5659385246249212,1.0,19
lions,lions/Biologger Roars Expanded (500ms)/WIL-2-5_R3.WAV,4,comb_noexempt,125.0,2565.30491423401,165.30491423401023,0.0,0.7882912094233262,1.0,19
lions,lions/Biologger Roars Expanded (500ms)/WIL-2-5_R3.WAV,6,comb,125.0,877.77404262263,376.1697502184632,0.0,-0.6929257752670258,1.0,19
lions,lions/Biologger Roars Expanded (500ms)/WIL-2-5_R3.WAV,6,comb_noexempt,125.0,2410.6089298157176,194.6295120581233,0.0,-0.13005006196766764,0.9473684210526315,18
lions,lions/Biologger Roars Expanded (500ms)/WIL-2-5_R3.WAV,6,pyin,125.0,2284.54945836533,115.45054163467022,0.0,-0.20103445720490074,0.3684210526315789,7
lions,lions/Biologger Roars Expanded (500ms)/WIL-2-6_R2.WAV,0,comb,138.671875,88.07726976399883,73.61673615376908,1.0,0.49744829117818873,1.0,25
lions,lions/Biologger Roars Expanded (500ms)/WIL-2-6_R2.WAV,0,comb_noexempt,138.671875,63.11986112310626,57.74659821936933,1.0,0.09941422376713768,1.0,25
lions,lions/Biologger Roars Expanded (500ms)/WIL-2-6_R2.WAV,0,pyin,138.671875,65.29928850417988,65.29928850417988,1.0,0.9403983980319627,0.96,24
lions,lions/Biologger Roars Expanded (500ms)/WIL-2-6_R2.WAV,2,comb,138.671875,1651.8887202436547,314.37929110042484,0.0,0.7635961544308353,1.0,25
lions,lions/Biologger Roars Expanded (500ms)/WIL-2-6_R2.WAV,2,comb_noexempt,138.671875,1638.485672163442,289.5230584978086,0.0,-0.45969864985953957,1.0,25
lions,lions/Biologger Roars Expanded (500ms)/WIL-2-6_R2.WAV,2,pyin,138.671875,1785.3303386261957,116.62466223919172,0.0,0.5008051738734706,0.52,13
lions,lions/Biologger Roars Expanded (500ms)/WIL-2-6_R2.WAV,4,comb,138.671875,1597.5983602962056,300.95562315546687,0.0,0.5666850964541602,1.0,25
lions,lions/Biologger Roars Expanded (500ms)/WIL-2-6_R2.WAV,4,comb_noexempt,138.671875,1597.5983602962056,300.95562315546687,0.0,0.5653455969018794,1.0,25
lions,lions/Biologger Roars Expanded (500ms)/WIL-2-6_R2.WAV,6,comb,138.671875,1118.5234252484904,162.54448626694082,0.0,0.6707761116619827,1.0,25
lions,lions/Biologger Roars Expanded (500ms)/WIL-2-6_R2.WAV,6,comb_noexempt,138.671875,2250.3330747826735,194.72027826257442,0.0,0.7186169189741044,1.0,25
lions,lions/Biologger Roars Expanded (500ms)/WIL-2-6_R2.WAV,6,pyin,138.671875,2234.8945340017444,197.1017963492416,0.0,0.8511620858154427,0.48,12
lions,lions/Biologger Roars Expanded (500ms)/WIL-2-7_R1.WAV,0,comb,146.484375,43.37858706757416,40.244917187220636,1.0,0.6607804934462699,1.0,29
lions,lions/Biologger Roars Expanded (500ms)/WIL-2-7_R1.WAV,0,comb_noexempt,146.484375,2184.888839843779,210.99356493078216,0.0,0.7850754082853018,1.0,29
lions,lions/Biologger Roars Expanded (500ms)/WIL-2-7_R1.WAV,0,pyin,146.484375,35.16115683502485,35.16115683502485,1.0,0.8012910202538959,0.4827586206896552,14
lions,lions/Biologger Roars Expanded (500ms)/WIL-2-7_R1.WAV,2,comb,146.484375,488.899954859915,453.88206253705283,1.0,0.5023462388266768,1.0,29
lions,lions/Biologger Roars Expanded (500ms)/WIL-2-7_R1.WAV,2,comb_noexempt,146.484375,1845.6153031818394,98.79164670954384,0.0,-0.039402165970078104,1.0,29
lions,lions/Biologger Roars Expanded (500ms)/WIL-2-7_R1.WAV,2,pyin,146.484375,2172.439970173121,193.34645678888606,0.0,0.6553175562355839,0.5862068965517241,17
lions,lions/Biologger Roars Expanded (500ms)/WIL-2-7_R1.WAV,4,comb,146.484375,675.3281600341394,466.7261445803309,0.0,0.45715477816814976,1.0,29
lions,lions/Biologger Roars Expanded (500ms)/WIL-2-7_R1.WAV,4,comb_noexempt,146.484375,1569.6189854349716,303.9182582524877,0.0,0.8915207870340448,0.9310344827586207,27
lions,lions/Biologger Roars Expanded (500ms)/WIL-2-7_R1.WAV,6,comb,146.484375,1525.9508649470843,294.32133838361193,0.0,0.6149586599642572,1.0,29
lions,lions/Biologger Roars Expanded (500ms)/WIL-2-7_R1.WAV,6,comb_noexempt,146.484375,2187.18232864253,190.2213534003553,0.0,0.8014898288072255,1.0,29
lions,lions/Biologger Roars Expanded (500ms)/WIL-2-7_R1.WAV,6,pyin,146.484375,2151.0190466867525,115.72426350118693,0.0,0.3963017440583778,0.3793103448275862,11
lions,lions/Biologger Roars Expanded (500ms)/WIL-2-8_R1.WAV,0,comb,138.671875,77.75723852581632,73.60655744113927,1.0,-0.037612150530703284,1.0,31
lions,lions/Biologger Roars Expanded (500ms)/WIL-2-8_R1.WAV,0,comb_noexempt,138.671875,77.75723852581632,72.37132622668969,1.0,-0.364855192644859,1.0,31
lions,lions/Biologger Roars Expanded (500ms)/WIL-2-8_R1.WAV,0,pyin,138.671875,65.99297034448811,65.99297034448811,1.0,0.9362316806716035,0.8709677419354839,27
lions,lions/Biologger Roars Expanded (500ms)/WIL-2-8_R1.WAV,2,comb,138.671875,97.06473296461743,81.37002008858452,1.0,-0.31924835419982345,1.0,31
lions,lions/Biologger Roars Expanded (500ms)/WIL-2-8_R1.WAV,2,comb_noexempt,138.671875,1932.1309119372283,76.23445286983801,0.0,0.9023567057039313,1.0,31
lions,lions/Biologger Roars Expanded (500ms)/WIL-2-8_R1.WAV,2,pyin,138.671875,2284.247962078332,127.2547156136265,0.0,0.3821568129237499,0.7096774193548387,22
lions,lions/Biologger Roars Expanded (500ms)/WIL-2-8_R1.WAV,4,comb,138.671875,730.9928942040549,444.4971502167457,0.0,-0.6824102192333363,1.0,31
lions,lions/Biologger Roars Expanded (500ms)/WIL-2-8_R1.WAV,4,comb_noexempt,138.671875,1233.3455875523528,75.4980466946545,0.0,-0.010879438235024108,1.0,31
lions,lions/Biologger Roars Expanded (500ms)/WIL-2-8_R1.WAV,6,comb,138.671875,758.6957795435278,441.3042204564722,0.0,-0.19628406850531954,1.0,31
lions,lions/Biologger Roars Expanded (500ms)/WIL-2-8_R1.WAV,6,comb_noexempt,138.671875,2337.2870022580228,145.51157814580057,0.0,0.7900027109106357,1.0,31
lions,lions/Biologger Roars Expanded (500ms)/WIL-2-8_R1.WAV,6,pyin,138.671875,2316.5415810266686,112.26348137520478,0.0,0.042804186723992416,0.5161290322580645,16
lions,lions/Biologger Roars Expanded (500ms)/WIL-2-9_R1.WAV,0,comb,137.6953125,61.98469772381421,60.23026217989555,1.0,-0.3873582191317562,1.0,32
lions,lions/Biologger Roars Expanded (500ms)/WIL-2-9_R1.WAV,0,comb_noexempt,137.6953125,61.27530302859215,61.27530302859215,1.0,-0.5751236580319944,0.96875,31
lions,lions/Biologger Roars Expanded (500ms)/WIL-2-9_R1.WAV,0,pyin,137.6953125,58.982111251245556,58.982111251245556,1.0,0.9622119700081142,0.84375,27
lions,lions/Biologger Roars Expanded (500ms)/WIL-2-9_R1.WAV,2,comb,137.6953125,77.73433137920998,59.071015501966855,1.0,0.4062621237586036,1.0,32
lions,lions/Biologger Roars Expanded (500ms)/WIL-2-9_R1.WAV,2,comb_noexempt,137.6953125,1938.3494966697303,68.828648322388,0.0,0.8502343149436299,1.0,32
lions,lions/Biologger Roars Expanded (500ms)/WIL-2-9_R1.WAV,2,pyin,137.6953125,2246.6244485157986,170.21273642909856,0.0,0.47498529868308764,0.65625,21
lions,lions/Biologger Roars Expanded (500ms)/WIL-2-9_R1.WAV,4,comb,137.6953125,69.50481720390107,60.23026217989555,1.0,0.33818341402980473,1.0,32
lions,lions/Biologger Roars Expanded (500ms)/WIL-2-9_R1.WAV,4,comb_noexempt,137.6953125,1262.050620121487,65.73088148036558,0.0,-0.5891736110467092,1.0,32
lions,lions/Biologger Roars Expanded (500ms)/WIL-2-9_R1.WAV,6,comb,137.6953125,759.5588454017932,464.6956250488862,0.0,-0.32447747221775175,1.0,32
lions,lions/Biologger Roars Expanded (500ms)/WIL-2-9_R1.WAV,6,comb_noexempt,137.6953125,2332.2843730813947,158.07096240841668,0.0,0.612447632743341,1.0,32
lions,lions/Biologger Roars Expanded (500ms)/WIL-2-9_R1.WAV,6,pyin,137.6953125,2315.145290346906,137.25308610994182,0.0,-0.14889071921884894,0.5,16
lions,lions/Biologger Roars Expanded (500ms)/WIL-2-9_R2.WAV,0,comb,138.671875,66.58324632450909,61.220241171988626,1.0,-0.623606282182357,1.0,27
lions,lions/Biologger Roars Expanded (500ms)/WIL-2-9_R2.WAV,0,comb_noexempt,138.671875,2386.4550497763976,83.39693467057873,0.0,-0.7787723391545768,1.0,27
lions,lions/Biologger Roars Expanded (500ms)/WIL-2-9_R2.WAV,0,pyin,138.671875,56.48706850821658,56.48706850821658,1.0,0.9566862837429115,0.8888888888888888,24
lions,lions/Biologger Roars Expanded (500ms)/WIL-2-9_R2.WAV,2,comb,138.671875,627.95532761089,513.0735858376894,1.0,0.2651017523058182,1.0,27
lions,lions/Biologger Roars Expanded (500ms)/WIL-2-9_R2.WAV,2,comb_noexempt,138.671875,1908.366466438517,57.69432710503926,0.0,0.35448755115079345,1.0,27
lions,lions/Biologger Roars Expanded (500ms)/WIL-2-9_R2.WAV,2,pyin,138.671875,2331.3040082064413,74.071839051089,0.0,-0.020168201706900223,0.48148148148148145,13
lions,lions/Biologger Roars Expanded (500ms)/WIL-2-9_R2.WAV,4,comb,138.671875,711.2413300486046,488.7586699513954,0.0,0.8426506102989422,1.0,27
lions,lions/Biologger Roars Expanded (500ms)/WIL-2-9_R2.WAV,4,comb_noexempt,138.671875,1596.9932635037487,312.05099061326314,0.0,-0.5631499157333552,1.0,27
lions,lions/Biologger Roars Expanded (500ms)/WIL-2-9_R2.WAV,6,comb,138.671875,716.2033953458076,483.79660465419244,0.0,0.8415865191006476,1.0,27
lions,lions/Biologger Roars Expanded (500ms)/WIL-2-9_R2.WAV,6,comb_noexempt,138.671875,2076.0219776642166,144.62802641025246,0.0,-0.5382769545908831,0.9629629629629629,26
lions,lions/Biologger Roars Expanded (500ms)/WIL-2-9_R2.WAV,6,pyin,138.671875,2430.0770301006546,61.65794892729077,0.0,0.8242182367088016,0.3333333333333333,9
lions,lions/Biologger Roars Expanded (500ms)/WIL-3-1_R2.WAV,0,comb,144.53125,80.09676225077342,71.02814232566007,1.0,0.616380451620119,1.0,27
lions,lions/Biologger Roars Expanded (500ms)/WIL-3-1_R2.WAV,0,comb_noexempt,144.53125,1843.0176374430366,87.96922424702075,0.0,-0.372440681278328,1.0,27
lions,lions/Biologger Roars Expanded (500ms)/WIL-3-1_R2.WAV,0,pyin,144.53125,62.72992269771166,62.72992269771166,1.0,0.8380121288970859,0.9629629629629629,26
lions,lions/Biologger Roars Expanded (500ms)/WIL-3-1_R2.WAV,2,comb,144.53125,572.6728163550192,467.29677883876394,1.0,-0.28623714232801006,1.0,27
lions,lions/Biologger Roars Expanded (500ms)/WIL-3-1_R2.WAV,2,comb_noexempt,144.53125,1851.4847227262135,87.96922424702075,0.0,-0.07300212339613775,1.0,27
lions,lions/Biologger Roars Expanded (500ms)/WIL-3-1_R2.WAV,2,pyin,144.53125,647.2431768031129,203.6824118175905,1.0,0.33558157445751363,0.6666666666666666,18
lions,lions/Biologger Roars Expanded (500ms)/WIL-3-1_R2.WAV,4,comb,144.53125,1135.6628880325588,95.96663853091373,0.0,-0.005674215228826414,1.0,27
lions,lions/Biologger Roars Expanded (500ms)/WIL-3-1_R2.WAV,4,comb_noexempt,144.53125,1162.9344844828436,82.05151728689117,0.0,0.47379928852448294,1.0,27
lions,lions/Biologger Roars Expanded (500ms)/WIL-3-1_R2.WAV,4,pyin,144.53125,1853.0255097595095,55.8707481915459,0.0,0.12411423378772,0.14814814814814814,4
lions,lions/Biologger Roars Expanded (500ms)/WIL-3-1_R2.WAV,6,comb,144.53125,664.8526853728769,483.9135716645371,0.0,0.568248478887319,1.0,27
lions,lions/Biologger Roars Expanded (500ms)/WIL-3-1_R2.WAV,6,comb_noexempt,144.53125,2333.697785180327,93.80356181040658,0.0,-0.022961113062783686,0.9259259259259259,25
lions,lions/Biologger Roars Expanded (500ms)/WIL-3-1_R2.WAV,6,pyin,144.53125,2292.1800109268784,116.97840749205645,0.0,-0.1354955780016269,0.5925925925925926,16
lions,lions/Biologger Roars Expanded (500ms)/WIL-4-1_R1.WAV,0,comb,146.484375,141.70161890682152,116.82006924737837,1.0,0.7641979812496769,1.0,34
lions,lions/Biologger Roars Expanded (500ms)/WIL-4-1_R1.WAV,0,comb_noexempt,146.484375,77.69553238878191,77.69553238878191,1.0,0.7067586924980697,1.0,34
lions,lions/Biologger Roars Expanded (500ms)/WIL-4-1_R1.WAV,0,pyin,146.484375,23.12566471538894,23.12566471538894,1.0,0.9890407765820559,0.6764705882352942,23
lions,lions/Biologger Roars Expanded (500ms)/WIL-4-1_R1.WAV,2,comb,146.484375,258.8712406409935,160.375804941041,1.0,-0.20650653952933612,1.0,34
lions,lions/Biologger Roars Expanded (500ms)/WIL-4-1_R1.WAV,2,comb_noexempt,146.484375,1863.938678705756,114.41820107398212,0.0,0.750126670395828,1.0,34
lions,lions/Biologger Roars Expanded (500ms)/WIL-4-1_R1.WAV,2,pyin,146.484375,1892.1844052057104,139.98894199349277,0.0,0.4390249590867877,0.4411764705882353,15
lions,lions/Biologger Roars Expanded (500ms)/WIL-4-1_R1.WAV,4,comb,146.484375,143.1645204670582,125.56637760231338,1.0,0.2187957862666845,1.0,34
lions,lions/Biologger Roars Expanded (500ms)/WIL-4-1_R1.WAV,4,comb_noexempt,146.484375,1861.5245212790308,134.75806700745233,0.0,0.8261973217577097,0.9705882352941176,33
lions,lions/Biologger Roars Expanded (500ms)/WIL-4-1_R1.WAV,6,comb,146.484375,126.77619729853049,118.95055468217016,1.0,0.7708520346603998,1.0,34
lions,lions/Biologger Roars Expanded (500ms)/WIL-4-1_R1.WAV,6,comb_noexempt,146.484375,2278.73594774371,130.44640577382188,0.0,-0.10915787361582445,1.0,34
lions,lions/Biologger Roars Expanded (500ms)/WIL-4-1_R1.WAV,6,pyin,146.484375,2272.216928546688,121.23942811399422,0.0,,0.058823529411764705,2
lions,lions/Biologger Roars Expanded (500ms)/WIL-4-3_R2.WAV,0,comb,146.484375,117.98435242525649,87.6394072116056,1.0,-0.6682210015523004,1.0,26
lions,lions/Biologger Roars Expanded (500ms)/WIL-4-3_R2.WAV,0,comb_noexempt,146.484375,2305.591236120347,143.0332216932572,0.0,-0.3023654624646363,0.9230769230769231,24
lions,lions/Biologger Roars Expanded (500ms)/WIL-4-3_R2.WAV,0,pyin,146.484375,74.01897141097852,57.32160215610591,1.0,0.32349117053053594,0.5384615384615384,14
lions,lions/Biologger Roars Expanded (500ms)/WIL-4-3_R2.WAV,2,comb,146.484375,475.5539573606135,388.3113591848911,1.0,-0.5952082655023134,1.0,26
lions,lions/Biologger Roars Expanded (500ms)/WIL-4-3_R2.WAV,2,comb_noexempt,146.484375,1596.8933491678995,306.31681696944685,0.0,-0.12496755833828205,0.9615384615384616,25
lions,lions/Biologger Roars Expanded (500ms)/WIL-4-3_R2.WAV,4,comb,146.484375,1231.369405442382,91.93859178843347,0.0,-0.4476832046545436,1.0,26
lions,lions/Biologger Roars Expanded (500ms)/WIL-4-3_R2.WAV,4,comb_noexempt,146.484375,1600.0365062094422,301.9184946559452,0.0,0.6948400297824785,1.0,26
lions,lions/Biologger Roars Expanded (500ms)/WIL-4-3_R2.WAV,4,pyin,146.484375,1891.4219887290274,68.23898995548988,0.0,0.8769748745994215,0.34615384615384615,9
lions,lions/Biologger Roars Expanded (500ms)/WIL-4-3_R2.WAV,6,comb,146.484375,1207.6768310226548,68.95672803998842,0.0,-0.14253734039902333,1.0,26
lions,lions/Biologger Roars Expanded (500ms)/WIL-4-3_R2.WAV,6,comb_noexempt,146.484375,1900.7582754636,99.15695299313604,0.0,-0.3272167076359529,0.9615384615384616,25
lions,lions/Biologger Roars Expanded (500ms)/WIL-4-3_R2.WAV,6,pyin,146.484375,2354.6290307899917,78.83879976891498,0.0,0.8426975682101591,0.2692307692307692,7
lions,lions/Biologger Roars Expanded (500ms)/WIL-4-4_R1.WAV,0,comb,142.578125,55.71612791120803,55.71612791120803,1.0,0.5557285636031618,1.0,25
lions,lions/Biologger Roars Expanded (500ms)/WIL-4-4_R1.WAV,0,comb_noexempt,142.578125,55.71612791120803,55.71612791120803,1.0,0.5049210436857302,1.0,25
lions,lions/Biologger Roars Expanded (500ms)/WIL-4-4_R1.WAV,0,pyin,142.578125,71.5125726796534,71.5125726796534,1.0,0.8773560687523031,0.88,22
lions,lions/Biologger Roars Expanded (500ms)/WIL-4-4_R1.WAV,2,comb,142.578125,465.7104532041081,435.29692077921834,1.0,0.5464166211250616,1.0,25
lions,lions/Biologger Roars Expanded (500ms)/WIL-4-4_R1.WAV,2,comb_noexempt,142.578125,1879.6401847198779,51.6402635970315,0.0,0.6186777636044418,1.0,25
lions,lions/Biologger Roars Expanded (500ms)/WIL-4-4_R1.WAV,2,pyin,142.578125,439.96744747283225,439.96744747283225,1.0,0.3221664647799064,0.68,17
lions,lions/Biologger Roars Expanded (500ms)/WIL-4-4_R1.WAV,4,comb,142.578125,1176.5501998997938,55.07932666367877,0.0,0.7017210995571913,1.0,25
lions,lions/Biologger Roars Expanded (500ms)/WIL-4-4_R1.WAV,4,comb_noexempt,142.578125,1176.5501998997938,55.07932666367877,0.0,-0.1717860080270994,1.0,25
lions,lions/Biologger Roars Expanded (500ms)/WIL-4-4_R1.WAV,4,pyin,142.578125,1198.5665413626343,35.202049990136416,0.0,0.522528223828934,0.8,20
lions,lions/Biologger Roars Expanded (500ms)/WIL-4-4_R1.WAV,6,comb,142.578125,1191.4183133060615,51.39894200352662,0.0,0.7164938640942163,1.0,25
lions,lions/Biologger Roars Expanded (500ms)/WIL-4-4_R1.WAV,6,comb_noexempt,142.578125,1879.6401847198779,54.28382131705482,0.0,0.3207220416229521,1.0,25
lions,lions/Biologger Roars Expanded (500ms)/WIL-4-4_R1.WAV,6,pyin,142.578125,2498.982111251246,158.50685869967427,0.0,-0.16647881514667445,0.36,9
lions,lions/Biologger Roars Expanded (500ms)/WIL-4-4_R2.WAV,0,comb,142.578125,80.03506954796488,54.172743089406126,1.0,-0.6492588175299786,1.0,25
lions,lions/Biologger Roars Expanded (500ms)/WIL-4-4_R2.WAV,0,comb_noexempt,142.578125,2358.5652156980736,127.25601506180784,0.0,0.15014277386412694,1.0,25
lions,lions/Biologger Roars Expanded (500ms)/WIL-4-4_R2.WAV,0,pyin,142.578125,1155.370969210009,52.17401800883298,0.0,0.9089105439809596,0.68,17
lions,lions/Biologger Roars Expanded (500ms)/WIL-4-4_R2.WAV,2,comb,142.578125,531.0396647164687,435.925338207062,1.0,0.32700151054275756,1.0,25
lions,lions/Biologger Roars Expanded (500ms)/WIL-4-4_R2.WAV,2,comb_noexempt,142.578125,1645.7260274191563,256.2289734462314,0.0,-0.043614817130085075,0.96,24
lions,lions/Biologger Roars Expanded (500ms)/WIL-4-4_R2.WAV,2,pyin,142.578125,524.629030789991,490.60290627875054,1.0,-0.6832076803481133,0.84,21
lions,lions/Biologger Roars Expanded (500ms)/WIL-4-4_R2.WAV,4,comb,142.578125,721.3409164083631,478.65908359163683,0.0,0.547374313110266,1.0,25
lions,lions/Biologger Roars Expanded (500ms)/WIL-4-4_R2.WAV,4,comb_noexempt,142.578125,1227.6523770908154,61.10563225491784,0.0,-0.4535019011628105,1.0,25
lions,lions/Biologger Roars Expanded (500ms)/WIL-4-4_R2.WAV,6,comb,142.578125,750.3443374589164,458.7273090687817,0.0,-0.4200916422679093,1.0,25
lions,lions/Biologger Roars Expanded (500ms)/WIL-4-4_R2.WAV,6,comb_noexempt,142.578125,2220.4290505036324,230.43735780947162,0.0,-0.2553270604172413,0.96,24
lions,lions/Biologger Roars Expanded (500ms)/WIL-4-4_R2.WAV,6,pyin,142.578125,2192.8977455202134,216.14441513123478,0.0,0.7361007271773236,0.2,5
lions,lions/Biologger Roars Expanded (500ms)/WIN-2-1_R3.WAV,0,comb,172.8515625,97.67867032186281,97.67867032186281,1.0,0.4630392231872538,1.0,26
lions,lions/Biologger Roars Expanded (500ms)/WIN-2-1_R3.WAV,0,comb_noexempt,172.8515625,46.100441983550795,46.100441983550795,1.0,0.7807348000163407,0.9230769230769231,24
lions,lions/Biologger Roars Expanded (500ms)/WIN-2-1_R3.WAV,0,pyin,172.8515625,50.63217384251564,50.63217384251564,1.0,0.9616626362911448,0.8461538461538461,22
lions,lions/Biologger Roars Expanded (500ms)/WIN-2-1_R3.WAV,2,comb,172.8515625,114.01523911043496,114.01523911043496,1.0,0.5182287667837875,1.0,26
lions,lions/Biologger Roars Expanded (500ms)/WIN-2-1_R3.WAV,2,comb_noexempt,172.8515625,70.84083256072017,70.84083256072017,1.0,0.36028060656541566,0.9615384615384616,25
lions,lions/Biologger Roars Expanded (500ms)/WIN-2-1_R3.WAV,2,pyin,172.8515625,2601.954514378225,201.95451437822533,0.0,,0.07692307692307693,2
lions,lions/Biologger Roars Expanded (500ms)/WIN-2-1_R3.WAV,4,comb,172.8515625,199.66273564415627,199.66273564415627,1.0,0.4571070500584652,1.0,26
lions,lions/Biologger Roars Expanded (500ms)/WIN-2-1_R3.WAV,4,comb_noexempt,172.8515625,1630.0459765128649,136.96908270943044,0.0,0.6145427321072741,1.0,26
lions,lions/Biologger Roars Expanded (500ms)/WIN-2-1_R3.WAV,6,comb,172.8515625,209.5255476733193,209.5255476733193,1.0,0.46162668096880843,1.0,26
lions,lions/Biologger Roars Expanded (500ms)/WIN-2-1_R3.WAV,6,comb_noexempt,172.8515625,1822.4552661486339,117.72641467879069,0.0,-0.7240808482379174,0.9230769230769231,24
lions,lions/Biologger Roars Expanded (500ms)/WIN-2-2_R2.WAV,0,comb,177.734375,249.02258082715784,249.02258082715784,1.0,0.4038573325931443,1.0,29
lions,lions/Biologger Roars Expanded (500ms)/WIN-2-2_R2.WAV,0,comb_noexempt,177.734375,61.218924085237234,61.218924085237234,1.0,0.8988399706109329,0.9655172413793104,28
lions,lions/Biologger Roars Expanded (500ms)/WIN-2-2_R2.WAV,0,pyin,177.734375,51.64477870618491,51.64477870618491,1.0,0.9278089286338307,0.7931034482758621,23
lions,lions/Biologger Roars Expanded (500ms)/WIN-2-2_R2.WAV,2,comb,177.734375,245.39981225712677,245.39981225712677,1.0,0.5409830501598968,1.0,29
lions,lions/Biologger Roars Expanded (500ms)/WIN-2-2_R2.WAV,2,comb_noexempt,177.734375,1855.1248589277359,124.6432034423467,0.0,0.5398796789859994,1.0,29
lions,lions/Biologger Roars Expanded (500ms)/WIN-2-2_R2.WAV,4,comb,177.734375,243.45002626073807,243.45002626073807,1.0,0.6234428608701044,1.0,29
lions,lions/Biologger Roars Expanded (500ms)/WIN-2-2_R2.WAV,4,comb_noexempt,177.734375,1706.786789995596,132.40009830136378,0.0,0.8357049346061981,1.0,29
lions,lions/Biologger Roars Expanded (500ms)/WIN-2-2_R2.WAV,4,pyin,177.734375,1433.3402577470022,178.07338216313028,0.0,0.6234833206914748,0.3103448275862069,9
lions,lions/Biologger Roars Expanded (500ms)/WIN-2-2_R2.WAV,6,comb,177.734375,946.2228019324627,266.6981722608598,0.0,-0.2126305608622927,1.0,29
lions,lions/Biologger Roars Expanded (500ms)/WIN-2-2_R2.WAV,6,comb_noexempt,177.734375,1857.552813503738,128.38398914091022,0.0,0.11291564756937357,0.9655172413793104,28
lions,lions/Biologger Roars Expanded (500ms)/WIN-2-3_R1.WAV,0,comb,179.6875,276.70885687303377,264.4083308947244,1.0,0.46989470851809223,1.0,33
lions,lions/Biologger Roars Expanded (500ms)/WIN-2-3_R1.WAV,0,comb_noexempt,179.6875,69.46377144071381,67.611264659249,1.0,0.17277283726625106,1.0,33
lions,lions/Biologger Roars Expanded (500ms)/WIN-2-3_R1.WAV,0,pyin,179.6875,65.30401329439704,65.30401329439704,1.0,0.8418870435953222,0.9393939393939394,31
lions,lions/Biologger Roars Expanded (500ms)/WIN-2-3_R1.WAV,2,comb,179.6875,337.37850200246055,271.3823670266808,1.0,-0.5498934395120169,1.0,33
lions,lions/Biologger Roars Expanded (500ms)/WIN-2-3_R1.WAV,2,comb_noexempt,179.6875,1815.2489795210238,112.0194751502733,0.0,0.480847407879806,1.0,33
lions,lions/Biologger Roars Expanded (500ms)/WIN-2-3_R1.WAV,4,comb,179.6875,342.00590570645244,278.8458547293467,1.0,0.09098852904852352,1.0,33
lions,lions/Biologger Roars Expanded (500ms)/WIN-2-3_R1.WAV,4,comb_noexempt,179.6875,1856.2886143284204,98.6044628335309,0.0,0.16771599521565134,0.9090909090909091,30
lions,lions/Biologger Roars Expanded (500ms)/WIN-2-3_R1.WAV,4,pyin,179.6875,941.5729598324161,258.4270401675839,0.0,-0.772828282493413,0.15151515151515152,5
lions,lions/Biologger Roars Expanded (500ms)/WIN-2-3_R1.WAV,6,comb,179.6875,321.8691484632169,283.3067410700481,1.0,-0.07936670103485403,1.0,33
lions,lions/Biologger Roars Expanded (500ms)/WIN-2-3_R1.WAV,6,comb_noexempt,179.6875,1832.5072379679475,140.53317948385867,0.0,0.4642933834844024,0.9696969696969697,32
lions,lions/Biologger Roars Expanded (500ms)/WIN-2-4_R1.WAV,0,comb,175.78125,164.13149655001789,118.9839406966002,1.0,0.6736316702637452,1.0,41
lions,lions/Biologger Roars Expanded (500ms)/WIN-2-4_R1.WAV,0,comb_noexempt,175.78125,59.27211479235802,59.27211479235802,1.0,0.7878585243600613,1.0,41
lions,lions/Biologger Roars Expanded (500ms)/WIN-2-4_R1.WAV,0,pyin,175.78125,177.48637785909074,151.04231316578085,1.0,0.7551003677445163,0.7804878048780488,32
lions,lions/Biologger Roars Expanded (500ms)/WIN-2-4_R1.WAV,2,comb,175.78125,167.3055731828066,118.9839406966002,1.0,0.6795265438828137,1.0,41
lions,lions/Biologger Roars Expanded (500ms)/WIN-2-4_R1.WAV,2,comb_noexempt,175.78125,1922.4980908314737,139.68675765251726,0.0,0.6000828153392604,1.0,41
lions,lions/Biologger Roars Expanded (500ms)/WIN-2-4_R1.WAV,2,pyin,175.78125,1792.8863148156183,106.91743661839782,0.0,-0.69230828237703,0.2926829268292683,12
lions,lions/Biologger Roars Expanded (500ms)/WIN-2-4_R1.WAV,4,comb,175.78125,164.6819032014455,131.05650872457772,1.0,0.71360491830814,1.0,41
lions,lions/Biologger Roars Expanded (500ms)/WIN-2-4_R1.WAV,4,comb_noexempt,175.78125,1337.7415403007674,120.23095741508821,0.0,-0.43639126802918377,0.9512195121951219,39
lions,lions/Biologger Roars Expanded (500ms)/WIN-2-4_R1.WAV,4,pyin,175.78125,1955.2212462305424,157.82064350027625,0.0,0.9755967800340498,0.0975609756097561,4
lions,lions/Biologger Roars Expanded (500ms)/WIN-2-4_R1.WAV,6,comb,175.78125,272.1783256684307,149.71367663080946,1.0,0.23744682821316562,1.0,41
lions,lions/Biologger Roars Expanded (500ms)/WIN-2-4_R1.WAV,6,comb_noexempt,175.78125,1964.860119121257,111.63575252726324,0.0,0.4640848380266914,1.0,41
lions,lions/Biologger Roars Expanded (500ms)/WIN-2-4_R3.WAV,0,comb,169.921875,73.29177357267032,73.29177357267032,1.0,0.617698227184489,1.0,29
lions,lions/Biologger Roars Expanded (500ms)/WIN-2-4_R3.WAV,0,comb_noexempt,169.921875,55.14411370002871,55.14411370002871,1.0,0.8510863104783295,0.9655172413793104,28
lions,lions/Biologger Roars Expanded (500ms)/WIN-2-4_R3.WAV,0,pyin,169.921875,1132.433822617719,66.01225621056136,0.0,0.5087382590644682,0.6896551724137931,20
lions,lions/Biologger Roars Expanded (500ms)/WIN-2-4_R3.WAV,2,comb,169.921875,691.3012440858752,469.46428153102903,0.0,0.4172004395997844,1.0,29
lions,lions/Biologger Roars Expanded (500ms)/WIN-2-4_R3.WAV,2,comb_noexempt,169.921875,1603.100183054117,178.56334901681296,0.0,-0.4330253835904033,1.0,29
lions,lions/Biologger Roars Expanded (500ms)/WIN-2-4_R3.WAV,4,comb,169.921875,799.4635003352295,420.1093361074838,0.0,-0.5059991848779013,1.0,29
lions,lions/Biologger Roars Expanded (500ms)/WIN-2-4_R3.WAV,4,comb_noexempt,169.921875,1499.2319870798776,216.83067024365482,0.0,0.729357744277472,1.0,29
lions,lions/Biologger Roars Expanded (500ms)/WIN-2-4_R3.WAV,6,comb,169.921875,172.50809622772113,160.39043002581076,1.0,-0.34446697504386664,1.0,29
lions,lions/Biologger Roars Expanded (500ms)/WIN-2-4_R3.WAV,6,comb_noexempt,169.921875,1893.153823931472,69.57586061750729,0.0,0.6830894515318231,1.0,29
lions,lions/Biologger Roars Expanded (500ms)/WIN-2-5_R1.WAV,0,comb,185.546875,488.2737995267612,213.51588287831677,1.0,0.12667005925357727,1.0,39
lions,lions/Biologger Roars Expanded (500ms)/WIN-2-5_R1.WAV,0,comb_noexempt,185.546875,701.7123125728347,272.727754224421,0.0,-0.7528946737404231,0.9743589743589743,38
lions,lions/Biologger Roars Expanded (500ms)/WIN-2-5_R1.WAV,0,pyin,185.546875,88.42127046158525,88.42127046158525,1.0,0.8523482196228781,0.5384615384615384,21
lions,lions/Biologger Roars Expanded (500ms)/WIN-2-5_R1.WAV,2,comb,185.546875,476.4414673445782,239.58082534884653,1.0,-0.4137061250887367,1.0,39
lions,lions/Biologger Roars Expanded (500ms)/WIN-2-5_R1.WAV,2,comb_noexempt,185.546875,1745.4538565026496,156.50114436273768,0.0,0.022793253260390015,1.0,39
lions,lions/Biologger Roars Expanded (500ms)/WIN-2-5_R1.WAV,2,pyin,185.546875,258.7967263550314,258.7967263550314,1.0,-0.3103370055862913,0.3076923076923077,12
lions,lions/Biologger Roars Expanded (500ms)/WIN-2-5_R1.WAV,4,comb,185.546875,392.8801575909317,172.23841561718413,1.0,-0.06325739525960954,1.0,39
lions,lions/Biologger Roars Expanded (500ms)/WIN-2-5_R1.WAV,4,comb_noexempt,185.546875,1318.851949698399,185.01085691537534,0.0,0.15166652817421836,0.9487179487179487,37
lions,lions/Biologger Roars Expanded (500ms)/WIN-2-5_R1.WAV,4,pyin,185.546875,31.80594702203976,31.80594702203976,1.0,0.649208448688099,0.1794871794871795,7
lions,lions/Biologger Roars Expanded (500ms)/WIN-2-5_R1.WAV,6,comb,185.546875,461.5733539383104,207.76842770585614,1.0,-0.0879572907913209,1.0,39
lions,lions/Biologger Roars Expanded (500ms)/WIN-2-5_R1.WAV,6,comb_noexempt,185.546875,1844.3079007212034,180.64684182067717,0.0,0.7209587418040426,1.0,39
lions,lions/Biologger Roars Expanded (500ms)/WIN-2-6_R1.WAV,0,comb,173.828125,99.8015545838733,99.8015545838733,1.0,0.6296848424090773,1.0,35
lions,lions/Biologger Roars Expanded (500ms)/WIN-2-6_R1.WAV,0,comb_noexempt,173.828125,77.49430113217663,77.49430113217663,1.0,0.45741674232403395,1.0,35
lions,lions/Biologger Roars Expanded (500ms)/WIN-2-6_R1.WAV,0,pyin,173.828125,43.01319077511644,43.01319077511644,1.0,0.9087520468224741,0.7714285714285715,27
lions,lions/Biologger Roars Expanded (500ms)/WIN-2-6_R1.WAV,2,comb,173.828125,66.34829941977104,66.34829941977104,1.0,0.6664240919964236,1.0,35
lions,lions/Biologger Roars Expanded (500ms)/WIN-2-6_R1.WAV,2,comb_noexempt,173.828125,1851.6383299887577,60.093244021507694,0.0,-0.12545021475830612,1.0,35
lions,lions/Biologger Roars Expanded (500ms)/WIN-2-6_R1.WAV,2,pyin,173.828125,34.98554776158415,34.98554776158415,1.0,0.9038223031298508,0.45714285714285713,16
lions,lions/Biologger Roars Expanded (500ms)/WIN-2-6_R1.WAV,4,comb,173.828125,69.19722815181449,69.19722815181449,1.0,0.6047754844237252,1.0,35
lions,lions/Biologger Roars Expanded (500ms)/WIN-2-6_R1.WAV,4,comb_noexempt,173.828125,1752.0039658971264,62.73256819515997,0.0,0.45526642195692957,0.9714285714285714,34
lions,lions/Biologger Roars Expanded (500ms)/WIN-2-6_R1.WAV,4,pyin,173.828125,24.72453213706968,24.72453213706968,1.0,0.612593779449829,0.2,7
lions,lions/Biologger Roars Expanded (500ms)/WIN-2-6_R1.WAV,6,comb,173.828125,654.4842221696501,340.93393991859705,1.0,-0.1854776112512091,1.0,35
lions,lions/Biologger Roars Expanded (500ms)/WIN-2-6_R1.WAV,6,comb_noexempt,173.828125,1842.265055940699,53.48546256411299,0.0,-0.2661304194619716,0.9142857142857143,32
lions,lions/Biologger Roars Expanded (500ms)/WIN-2-6_R1.WAV,6,pyin,173.828125,24.72453213706968,24.72453213706968,1.0,0.6449204120228681,0.2,7
lions,lions/Biologger Roars Expanded (500ms)/WIN-2-7_R1.WAV,0,comb,166.9921875,533.9250172736033,178.15086261598347,1.0,0.22440281655366814,1.0,38
lions,lions/Biologger Roars Expanded (500ms)/WIN-2-7_R1.WAV,0,comb_noexempt,166.9921875,1889.0808974243005,206.92159948536397,0.0,0.4626789913361953,0.9473684210526315,36
lions,lions/Biologger Roars Expanded (500ms)/WIN-2-7_R1.WAV,0,pyin,166.9921875,37.379617181090374,37.379617181090374,1.0,0.9119403492951463,0.47368421052631576,18
lions,lions/Biologger Roars Expanded (500ms)/WIN-2-7_R1.WAV,2,comb,166.9921875,522.7739322189034,172.79519911850605,1.0,0.21883025413607948,1.0,38
lions,lions/Biologger Roars Expanded (500ms)/WIN-2-7_R1.WAV,2,comb_noexempt,166.9921875,1824.1830818760118,142.01166158421017,0.0,-0.4820630846368297,1.0,38
lions,lions/Biologger Roars Expanded (500ms)/WIN-2-7_R1.WAV,2,pyin,166.9921875,1802.3010490192537,118.32774661726943,0.0,-0.17205939990250943,0.7368421052631579,28
lions,lions/Biologger Roars Expanded (500ms)/WIN-2-7_R1.WAV,4,comb,166.9921875,545.0761023283042,185.3654561848609,1.0,0.19635553673710085,1.0,38
lions,lions/Biologger Roars Expanded (500ms)/WIN-2-7_R1.WAV,4,comb_noexempt,166.9921875,1546.5162096823497,174.8838661015943,0.0,0.41399945169184327,1.0,38
lions,lions/Biologger Roars Expanded (500ms)/WIN-2-7_R1.WAV,4,pyin,166.9921875,12.483365167525747,12.483365167525747,1.0,0.9725191258403453,0.10526315789473684,4
lions,lions/Biologger Roars Expanded (500ms)/WIN-2-7_R1.WAV,6,comb,166.9921875,548.0747168041758,217.80151032878317,1.0,-0.29368133574126815,1.0,38
lions,lions/Biologger Roars Expanded (500ms)/WIN-2-7_R1.WAV,6,comb_noexempt,166.9921875,2083.8774271450748,192.3391208864631,0.0,0.6922232262101106,1.0,38
lions,lions/Biologger Roars Expanded (500ms)/WIN-2-7_R1.WAV,6,pyin,166.9921875,1604.6233982517983,297.331602613589,0.0,,0.02631578947368421,1
lions,lions/Biologger Roars Expanded (500ms)/WIN-3-1_R1.WAV,0,comb,161.1328125,300.39831915475077,187.03833980361478,1.0,0.8276992229852517,1.0,34
lions,lions/Biologger Roars Expanded (500ms)/WIN-3-1_R1.WAV,0,comb_noexempt,161.1328125,1245.3555042720866,290.9503648022112,0.0,0.6147801136084754,0.9705882352941176,33
lions,lions/Biologger Roars Expanded (500ms)/WIN-3-1_R1.WAV,0,pyin,161.1328125,94.5521140085892,84.9965396111874,1.0,0.9146699319151986,0.9117647058823529,31
lions,lions/Biologger Roars Expanded (500ms)/WIN-3-1_R1.WAV,2,comb,161.1328125,287.1239118583318,160.97364853521088,1.0,0.8394970299298025,1.0,34
lions,lions/Biologger Roars Expanded (500ms)/WIN-3-1_R1.WAV,2,comb_noexempt,161.1328125,1744.2015721571877,153.63814587099722,0.0,0.1054529452732705,0.9705882352941176,33
lions,lions/Biologger Roars Expanded (500ms)/WIN-3-1_R1.WAV,2,pyin,161.1328125,2181.2240594762616,183.31677798621894,0.0,0.18012609865671345,0.11764705882352941,4
lions,lions/Biologger Roars Expanded (500ms)/WIN-3-1_R1.WAV,4,comb,161.1328125,293.9692451475288,171.95024598480205,1.0,0.8542350860469272,1.0,34
lions,lions/Biologger Roars Expanded (500ms)/WIN-3-1_R1.WAV,4,comb_noexempt,161.1328125,1626.5197377841869,232.3137186529496,0.0,0.8498992730719537,1.0,34
lions,lions/Biologger Roars Expanded (500ms)/WIN-3-1_R1.WAV,6,comb,161.1328125,352.2839051989814,205.43300157697794,1.0,0.7089600794597186,1.0,34
lions,lions/Biologger Roars Expanded (500ms)/WIN-3-1_R1.WAV,6,comb_noexempt,161.1328125,2014.5477118431997,219.66156293444084,0.0,0.5666951061819784,1.0,34
lions,lions/Biologger Roars Expanded (500ms)/WIN-3-2_R1.WAV,0,comb,161.1328125,304.2569254894229,231.01296004838616,1.0,0.4944241287849402,1.0,36
lions,lions/Biologger Roars Expanded (500ms)/WIN-3-2_R1.WAV,0,comb_noexempt,161.1328125,1888.3263436497057,124.24744656245988,0.0,0.7351550024636725,0.9722222222222222,35
lions,lions/Biologger Roars Expanded (500ms)/WIN-3-2_R1.WAV,0,pyin,161.1328125,167.69947979983937,67.31855749423866,1.0,0.8847585607939333,0.9444444444444444,34
lions,lions/Biologger Roars Expanded (500ms)/WIN-3-2_R1.WAV,2,comb,161.1328125,298.68138296207246,239.25173291541773,1.0,0.746473013575108,1.0,36
lions,lions/Biologger Roars Expanded (500ms)/WIN-3-2_R1.WAV,2,comb_noexempt,161.1328125,1871.72560128872,113.28252253089228,0.0,0.7385165794431655,1.0,36
lions,lions/Biologger Roars Expanded (500ms)/WIN-3-2_R1.WAV,2,pyin,161.1328125,1949.4985278353918,204.56473121265034,0.0,0.3618534681600985,0.6944444444444444,25
lions,lions/Biologger Roars Expanded (500ms)/WIN-3-2_R1.WAV,4,comb,161.1328125,303.93892001248287,242.1348670402466,1.0,0.45155778209681974,1.0,36
lions,lions/Biologger Roars Expanded (500ms)/WIN-3-2_R1.WAV,4,comb_noexempt,161.1328125,1568.099538158761,227.68363488011383,0.0,0.2269841929863456,1.0,36
lions,lions/Biologger Roars Expanded (500ms)/WIN-3-2_R1.WAV,6,comb,161.1328125,323.5710893385254,255.9764110299952,1.0,-0.6074895791864637,1.0,36
lions,lions/Biologger Roars Expanded (500ms)/WIN-3-2_R1.WAV,6,comb_noexempt,161.1328125,2046.278944712663,159.55858472234337,0.0,-0.5933187425019334,1.0,36
lions,lions/Biologger Roars Expanded (500ms)/WIN-3-2_R3.WAV,0,comb,168.9453125,65.49380242591025,62.35053768069416,1.0,0.5358616907946724,1.0,32
lions,lions/Biologger Roars Expanded (500ms)/WIN-3-2_R3.WAV,0,comb_noexempt,168.9453125,62.792677406486945,62.09863902428311,1.0,0.5259476618774925,0.96875,31
lions,lions/Biologger Roars Expanded (500ms)/WIN-3-2_R3.WAV,0,pyin,168.9453125,49.75291514272455,49.75291514272455,1.0,0.8948753830643502,0.65625,21
lions,lions/Biologger Roars Expanded (500ms)/WIN-3-2_R3.WAV,2,comb,168.9453125,283.738430498845,169.8831223791296,1.0,0.005472898076811451,1.0,32
lions,lions/Biologger Roars Expanded (500ms)/WIN-3-2_R3.WAV,2,comb_noexempt,168.9453125,1905.0058046277068,56.63183901907913,0.0,0.7693803261303745,1.0,32
lions,lions/Biologger Roars Expanded (500ms)/WIN-3-2_R3.WAV,4,comb,168.9453125,275.4323361692225,155.5868875272378,1.0,-0.23696812473092232,1.0,32
lions,lions/Biologger Roars Expanded (500ms)/WIN-3-2_R3.WAV,4,comb_noexempt,168.9453125,1468.4969748015785,126.13133787109288,0.0,-0.060545648235458965,0.96875,31
lions,lions/Biologger Roars Expanded (500ms)/WIN-3-2_R3.WAV,6,comb,168.9453125,261.2266967066386,162.9048039510787,1.0,-0.5868013467737343,1.0,32
lions,lions/Biologger Roars Expanded (500ms)/WIN-3-2_R3.WAV,6,comb_noexempt,168.9453125,1984.6336644800567,110.65404978044185,0.0,0.06774678641549496,1.0,32
lions,lions/Biologger Roars Expanded (500ms)/WIN-3-3_R1.WAV,0,comb,158.203125,181.0433961177462,167.67087946640032,1.0,0.6906200634353602,1.0,39
lions,lions/Biologger Roars Expanded (500ms)/WIN-3-3_R1.WAV,0,comb_noexempt,158.203125,48.72597221625837,48.72597221625837,1.0,0.7220420109308048,1.0,39
lions,lions/Biologger Roars Expanded (500ms)/WIN-3-3_R1.WAV,0,pyin,158.203125,40.74441828038165,40.74441828038165,1.0,0.9527903097980949,0.8717948717948718,34
lions,lions/Biologger Roars Expanded (500ms)/WIN-3-3_R1.WAV,2,comb,158.203125,725.0889931316735,384.9219295478069,0.0,0.41389169399131936,1.0,39
lions,lions/Biologger Roars Expanded (500ms)/WIN-3-3_R1.WAV,2,comb_noexempt,158.203125,1869.9825021627075,55.21363425242389,0.0,0.4821058280408345,1.0,39
lions,lions/Biologger Roars Expanded (500ms)/WIN-3-3_R1.WAV,2,pyin,158.203125,1501.3283809560576,66.86701542527746,0.0,-0.7730043532749907,0.3076923076923077,12
lions,lions/Biologger Roars Expanded (500ms)/WIN-3-3_R1.WAV,4,comb,158.203125,152.80276606013254,141.84516274296698,1.0,0.699699145130307,1.0,39
lions,lions/Biologger Roars Expanded (500ms)/WIN-3-3_R1.WAV,4,comb_noexempt,158.203125,1873.7124716640647,45.858033141541355,0.0,0.5830670135621178,0.9743589743589743,38
lions,lions/Biologger Roars Expanded (500ms)/WIN-3-3_R1.WAV,4,pyin,158.203125,30.942744654826505,30.942744654826505,1.0,0.8867991711783455,0.1282051282051282,5
lions,lions/Biologger Roars Expanded (500ms)/WIN-3-3_R1.WAV,6,comb,158.203125,736.2400781863744,262.90869666106045,0.0,-0.6165952096563527,1.0,39
lions,lions/Biologger Roars Expanded (500ms)/WIN-3-3_R1.WAV,6,comb_noexempt,158.203125,1967.916464842548,69.9186131251445,0.0,-0.7228271047834117,1.0,39
lions,lions/Biologger Roars Expanded (500ms)/WIN-3-5_R1.WAV,0,comb,160.15625,145.36870935699855,137.07125320874388,1.0,0.17348956245903782,1.0,41
lions,lions/Biologger Roars Expanded (500ms)/WIN-3-5_R1.WAV,0,comb_noexempt,160.15625,149.541114418259,130.74186669248627,1.0,0.3650668748654751,0.975609756097561,40
lions,lions/Biologger Roars Expanded (500ms)/WIN-3-5_R1.WAV,0,pyin,160.15625,47.17412269259145,47.17412269259145,1.0,0.3022164180832193,0.8048780487804879,33
lions,lions/Biologger Roars Expanded (500ms)/WIN-3-5_R1.WAV,2,comb,160.15625,146.91769283041072,113.46848996167134,1.0,0.4129268974746979,1.0,41
lions,lions/Biologger Roars Expanded (500ms)/WIN-3-5_R1.WAV,2,comb_noexempt,160.15625,1923.54070272742,120.8365821208206,0.0,0.5944543397254242,1.0,41
lions,lions/Biologger Roars Expanded (500ms)/WIN-3-5_R1.WAV,2,pyin,160.15625,1178.0305363237833,378.6896434810155,0.0,-0.7530236001893308,0.5121951219512195,21
lions,lions/Biologger Roars Expanded (500ms)/WIN-3-5_R1.WAV,4,comb,160.15625,146.91769283041072,117.84873854148007,1.0,0.3546835889791856,1.0,41
lions,lions/Biologger Roars Expanded (500ms)/WIN-3-5_R1.WAV,4,comb_noexempt,160.15625,1258.1926277969415,117.6829113500141,0.0,-0.29521200875677955,1.0,41
lions,lions/Biologger Roars Expanded (500ms)/WIN-3-5_R1.WAV,6,comb,160.15625,162.8874091249304,137.07125320874388,1.0,0.4390936010299759,1.0,41
lions,lions/Biologger Roars Expanded (500ms)/WIN-3-5_R1.WAV,6,comb_noexempt,160.15625,1960.7109862430898,73.63564147670995,0.0,-0.36748357104769624,1.0,41
lions,lions/Biologger Roars Expanded (500ms)/WIN-3-5_R2.WAV,0,comb,161.1328125,183.4061281218867,134.64505024133442,1.0,0.5336752540291113,1.0,40
lions,lions/Biologger Roars Expanded (500ms)/WIN-3-5_R2.WAV,0,comb_noexempt,161.1328125,65.20170016544682,65.20170016544682,1.0,0.522286425364737,1.0,40
lions,lions/Biologger Roars Expanded (500ms)/WIN-3-5_R2.WAV,0,pyin,161.1328125,35.97672990904413,35.97672990904413,1.0,0.9642933337665265,0.55,22
lions,lions/Biologger Roars Expanded (500ms)/WIN-3-5_R2.WAV,2,comb,161.1328125,110.26308037969136,110.26308037969136,1.0,0.5710942645306019,1.0,40
lions,lions/Biologger Roars Expanded (500ms)/WIN-3-5_R2.WAV,2,comb_noexempt,161.1328125,1928.229855713228,62.26403873452345,0.0,0.4805483492093694,1.0,40
lions,lions/Biologger Roars Expanded (500ms)/WIN-3-5_R2.WAV,2,pyin,161.1328125,50.03980015083912,50.03980015083912,1.0,0.9822783451901723,0.325,13
lions,lions/Biologger Roars Expanded (500ms)/WIN-3-5_R2.WAV,4,comb,161.1328125,158.71346116099213,158.71346116099213,1.0,0.5963614716314746,1.0,40
lions,lions/Biologger Roars Expanded (500ms)/WIN-3-5_R2.WAV,4,comb_noexempt,161.1328125,1358.8199532991396,181.30447328976027,0.0,-0.3541378884145511,1.0,40
lions,lions/Biologger Roars Expanded (500ms)/WIN-3-5_R2.WAV,4,pyin,161.1328125,43.02713511704536,43.02713511704536,1.0,0.8374777756989883,0.15,6
lions,lions/Biologger Roars Expanded (500ms)/WIN-3-5_R2.WAV,6,comb,161.1328125,259.0522827937115,147.65464947181852,1.0,0.5090228651606064,1.0,40
lions,lions/Biologger Roars Expanded (500ms)/WIN-3-5_R2.WAV,6,comb_noexempt,161.1328125,1950.0476266741227,79.66584306968335,0.0,-0.5998794457481611,1.0,40
lions,lions/Biologger Roars Expanded (500ms)/WIN-3-6_R2.WAV,0,comb,165.0390625,87.38847177489288,66.03352421785362,1.0,0.6100313973209079,1.0,32
lions,lions/Biologger Roars Expanded (500ms)/WIN-3-6_R2.WAV,0,comb_noexempt,165.0390625,54.93153488002399,54.93153488002399,1.0,0.767237583760855,1.0,32
lions,lions/Biologger Roars Expanded (500ms)/WIN-3-6_R2.WAV,0,pyin,165.0390625,54.487267487365116,54.487267487365116,1.0,0.8534876449037152,0.65625,21
lions,lions/Biologger Roars Expanded (500ms)/WIN-3-6_R2.WAV,2,comb,165.0390625,789.4731483500209,410.52685164997905,0.0,0.44734724297195055,1.0,32
lions,lions/Biologger Roars Expanded (500ms)/WIN-3-6_R2.WAV,2,comb_noexempt,165.0390625,1993.5736913006285,135.50826172360183,0.0,0.5758779093999123,1.0,32
lions,lions/Biologger Roars Expanded (500ms)/WIN-3-6_R2.WAV,4,comb,165.0390625,779.6029474841457,420.39705251585417,0.0,0.48991830565794814,1.0,32
lions,lions/Biologger Roars Expanded (500ms)/WIN-3-6_R2.WAV,4,comb_noexempt,165.0390625,1366.802332614289,121.9852791405455,0.0,-0.07984081506542363,1.0,32
lions,lions/Biologger Roars Expanded (500ms)/WIN-3-6_R2.WAV,6,comb,165.0390625,779.6029474841457,420.39705251585417,0.0,0.4576449162406809,1.0,32
lions,lions/Biologger Roars Expanded (500ms)/WIN-3-6_R2.WAV,6,comb_noexempt,165.0390625,2126.3583010564257,130.71449243870384,0.0,0.3696470243750305,0.96875,31
lions,lions/Biologger Roars Expanded (500ms)/WIN-3-7_R1.WAV,0,comb,167.96875,569.0455373032293,260.0761475350748,1.0,-0.2655377423130239,1.0,41
lions,lions/Biologger Roars Expanded (500ms)/WIN-3-7_R1.WAV,0,comb_noexempt,167.96875,70.55215711291797,65.69349259255455,1.0,0.6786843854988429,0.975609756097561,40
lions,lions/Biologger Roars Expanded (500ms)/WIN-3-7_R1.WAV,0,pyin,167.96875,52.15690861090328,52.15690861090328,1.0,0.9673133753783554,0.8536585365853658,35
lions,lions/Biologger Roars Expanded (500ms)/WIN-3-7_R1.WAV,2,comb,167.96875,641.316434996064,313.30020258070874,1.0,-0.25981103667798994,1.0,41
lions,lions/Biologger Roars Expanded (500ms)/WIN-3-7_R1.WAV,2,comb_noexempt,167.96875,1845.5093478354636,63.755436664774145,0.0,-0.19426382119187793,1.0,41
lions,lions/Biologger Roars Expanded (500ms)/WIN-3-7_R1.WAV,2,pyin,167.96875,1296.6409501636322,66.40775624902965,0.0,-0.5559401559172166,0.43902439024390244,18
lions,lions/Biologger Roars Expanded (500ms)/WIN-3-7_R1.WAV,4,comb,167.96875,524.8954306423115,271.5498919459195,1.0,-0.10959682610876435,1.0,41
lions,lions/Biologger Roars Expanded (500ms)/WIN-3-7_R1.WAV,4,comb_noexempt,167.96875,1917.0151730170226,99.22389099578172,0.0,0.01578942159925115,0.975609756097561,40
lions,lions/Biologger Roars Expanded (500ms)/WIN-3-7_R1.WAV,6,comb,167.96875,563.9395159795043,284.83528325260124,1.0,-0.28444074182028584,1.0,41
lions,lions/Biologger Roars Expanded (500ms)/WIN-3-7_R1.WAV,6,comb_noexempt,167.96875,1914.0158801114865,109.36194097820297,0.0,-0.2361031928961085,1.0,41
lions,lions/Biologger Roars Expanded (500ms)/WIN-3-7_R2.WAV,0,comb,165.0390625,210.25237421333054,101.12809681894444,1.0,0.13571590889645965,1.0,36
lions,lions/Biologger Roars Expanded (500ms)/WIN-3-7_R2.WAV,0,comb_noexempt,165.0390625,1964.5934635798942,195.37102141562528,0.0,0.4910559907973327,0.9722222222222222,35
lions,lions/Biologger Roars Expanded (500ms)/WIN-3-7_R2.WAV,0,pyin,165.0390625,94.29869450307402,94.29869450307402,1.0,0.4581707862562594,0.6111111111111112,22
lions,lions/Biologger Roars Expanded (500ms)/WIN-3-7_R2.WAV,2,comb,165.0390625,829.3667049333667,353.42328390135737,0.0,0.4019831540122756,1.0,36
lions,lions/Biologger Roars Expanded (500ms)/WIN-3-7_R2.WAV,2,comb_noexempt,165.0390625,1956.5290008975037,159.54454540391185,0.0,0.5631609007157087,1.0,36
lions,lions/Biologger Roars Expanded (500ms)/WIN-3-7_R2.WAV,2,pyin,165.0390625,2204.772235033426,248.95681217843804,0.0,0.6818441317942969,0.4444444444444444,16
lions,lions/Biologger Roars Expanded (500ms)/WIN-3-7_R2.WAV,4,comb,165.0390625,215.46432620609193,138.17619689717978,1.0,0.03835565818892416,1.0,36
lions,lions/Biologger Roars Expanded (500ms)/WIN-3-7_R2.WAV,4,comb_noexempt,165.0390625,1423.9146208114503,252.82591365068728,0.0,-0.385662416230188,0.9722222222222222,35
lions,lions/Biologger Roars Expanded (500ms)/WIN-3-7_R2.WAV,6,comb,165.0390625,201.36567887381773,149.1063998482024,1.0,-0.22533991915550802,1.0,36
lions,lions/Biologger Roars Expanded (500ms)/WIN-3-7_R2.WAV,6,comb_noexempt,165.0390625,2032.227867932449,213.5067388748833,0.0,0.40480541741822446,0.9444444444444444,34
lions,lions/Biologger Roars Expanded (500ms)/WIN-6-1_R2.WAV,0,comb,140.625,311.55118687625156,84.44285862737287,1.0,-0.07042108683006026,1.0,41
lions,lions/Biologger Roars Expanded (500ms)/WIN-6-1_R2.WAV,0,comb_noexempt,140.625,203.38698057159397,134.12354123618726,1.0,0.6428865483251375,1.0,41
lions,lions/Biologger Roars Expanded (500ms)/WIN-6-1_R2.WAV,0,pyin,140.625,21.460264382615602,21.460264382615602,1.0,0.8390888856962576,0.43902439024390244,18
lions,lions/Biologger Roars Expanded (500ms)/WIN-6-1_R2.WAV,2,comb,140.625,317.0293191414323,219.38061379615866,1.0,0.13181122682577523,1.0,41
lions,lions/Biologger Roars Expanded (500ms)/WIN-6-1_R2.WAV,2,comb_noexempt,140.625,1658.216640622722,69.22328035656702,0.0,-0.48942363590614124,1.0,41
lions,lions/Biologger Roars Expanded (500ms)/WIN-6-1_R2.WAV,2,pyin,140.625,485.79675021741224,39.14451657236017,1.0,-0.9310447814695862,0.6585365853658537,27
lions,lions/Biologger Roars Expanded (500ms)/WIN-6-1_R2.WAV,4,comb,140.625,317.0293191414323,230.56540342777612,1.0,0.2284975557468839,1.0,41
lions,lions/Biologger Roars Expanded (500ms)/WIN-6-1_R2.WAV,4,comb_noexempt,140.625,1532.2282671965313,68.5396889580515,0.0,-0.16130057606488624,1.0,41
lions,lions/Biologger Roars Expanded (500ms)/WIN-6-1_R2.WAV,4,pyin,140.625,15.396217263802418,15.396217263802418,1.0,0.9335169775651255,0.24390243902439024,10
lions,lions/Biologger Roars Expanded (500ms)/WIN-6-1_R2.WAV,6,comb,140.625,265.27577451859435,216.40023074184302,1.0,0.5804290886258324,1.0,41
lions,lions/Biologger Roars Expanded (500ms)/WIN-6-1_R2.WAV,6,comb_noexempt,140.625,2260.375233576563,67.43205617562705,0.0,-0.10920560874939063,1.0,41
lions,lions/Biologger Roars Expanded (500ms)/WIN-7-1_R1.WAV,0,comb,184.5703125,335.74795204022064,157.37997401075506,1.0,-0.12585266777897355,1.0,30
lions,lions/Biologger Roars Expanded (500ms)/WIN-7-1_R1.WAV,0,comb_noexempt,184.5703125,1227.1798792932086,159.9834886671926,0.0,-0.10871233175649173,0.9333333333333333,28
lions,lions/Biologger Roars Expanded (500ms)/WIN-7-1_R1.WAV,2,comb,184.5703125,815.57312734793,406.89675230327214,0.0,-0.16845763187912258,1.0,30
lions,lions/Biologger Roars Expanded (500ms)/WIN-7-1_R1.WAV,2,comb_noexempt,184.5703125,1814.7433425927325,150.50870478465302,0.0,0.3317303629208998,1.0,30
lions,lions/Biologger Roars Expanded (500ms)/WIN-7-1_R1.WAV,4,comb,184.5703125,812.7000162744534,397.25985360874347,0.0,0.027651578276626097,1.0,30
lions,lions/Biologger Roars Expanded (500ms)/WIN-7-1_R1.WAV,4,comb_noexempt,184.5703125,1492.3705965829317,187.9810800847223,0.0,-0.04342878269175698,1.0,30
lions,lions/Biologger Roars Expanded (500ms)/WIN-7-1_R1.WAV,6,comb,184.5703125,295.2073345459217,250.2438930401947,1.0,0.1451398848575018,1.0,30
lions,lions/Biologger Roars Expanded (500ms)/WIN-7-1_R1.WAV,6,comb_noexempt,184.5703125,1739.910363823814,150.1159380437713,0.0,-0.6862659751373228,0.9666666666666667,29
lions,lions/Biologger Roars Expanded (500ms)/WIN-7-2_R1.WAV,0,comb,193.359375,426.9941362691297,346.240829804845,1.0,0.8668670008167453,1.0,35
lions,lions/Biologger Roars Expanded (500ms)/WIN-7-2_R1.WAV,0,comb_noexempt,193.359375,140.02612940699234,104.45669220802988,1.0,0.6657505804799065,1.0,35
lions,lions/Biologger Roars Expanded (500ms)/WIN-7-2_R1.WAV,0,pyin,193.359375,197.69725429247447,170.5000309794369,1.0,0.7584054200441588,0.6,21
lions,lions/Biologger Roars Expanded (500ms)/WIN-7-2_R1.WAV,2,comb,193.359375,295.6327983003421,176.68789105020014,1.0,-0.41747904428384297,1.0,35
lions,lions/Biologger Roars Expanded (500ms)/WIN-7-2_R1.WAV,2,comb_noexempt,193.359375,1679.9809778336373,146.17847496943472,0.0,-0.7719133231256531,1.0,35
lions,lions/Biologger Roars Expanded (500ms)/WIN-7-2_R1.WAV,2,pyin,193.359375,1441.9689822197097,146.2480869561777,0.0,-0.19256848998484685,0.2,7
lions,lions/Biologger Roars Expanded (500ms)/WIN-7-2_R1.WAV,4,comb,193.359375,429.29530539751914,264.4662060703724,1.0,0.8649499089239513,1.0,35
lions,lions/Biologger Roars Expanded (500ms)/WIN-7-2_R1.WAV,4,comb_noexempt,193.359375,1437.2624029200997,201.28548567275237,0.0,0.7959596280790739,1.0,35
lions,lions/Biologger Roars Expanded (500ms)/WIN-7-2_R1.WAV,4,pyin,193.359375,1224.0531854871551,165.10576221059426,0.0,0.48531452062158875,0.22857142857142856,8
lions,lions/Biologger Roars Expanded (500ms)/WIN-7-2_R1.WAV,6,comb,193.359375,267.29270927704306,223.00485983399756,1.0,0.750772212020086,1.0,35
lions,lions/Biologger Roars Expanded (500ms)/WIN-7-2_R1.WAV,6,comb_noexempt,193.359375,1656.1841301693325,148.93008456815514,0.0,-0.738312923291962,0.9714285714285714,34
lions,lions/Biologger Roars Expanded (500ms)/WIN-7-3_R1.WAV,0,comb,183.59375,473.6004162779201,297.2107034545864,1.0,0.6560407241188998,1.0,33
lions,lions/Biologger Roars Expanded (500ms)/WIN-7-3_R1.WAV,0,comb_noexempt,183.59375,56.77006806133742,46.59827163464091,1.0,0.07058482207653521,1.0,33
lions,lions/Biologger Roars Expanded (500ms)/WIN-7-3_R1.WAV,0,pyin,183.59375,77.40698842138427,77.40698842138427,1.0,0.6701710038181357,0.7575757575757576,25
lions,lions/Biologger Roars Expanded (500ms)/WIN-7-3_R1.WAV,2,comb,183.59375,643.3694748062385,308.1270165359896,1.0,-0.2385866493873936,1.0,33
lions,lions/Biologger Roars Expanded (500ms)/WIN-7-3_R1.WAV,2,comb_noexempt,183.59375,1784.4137023291855,123.0333036601519,0.0,-0.10252883071177546,1.0,33
lions,lions/Biologger Roars Expanded (500ms)/WIN-7-3_R1.WAV,2,pyin,183.59375,140.73682385601214,140.73682385601214,1.0,-0.6719306205198219,0.2727272727272727,9
lions,lions/Biologger Roars Expanded (500ms)/WIN-7-3_R1.WAV,4,comb,183.59375,558.893396691405,252.3727679246596,1.0,-0.025526623919252627,1.0,33
lions,lions/Biologger Roars Expanded (500ms)/WIN-7-3_R1.WAV,4,comb_noexempt,183.59375,1582.0702345763104,269.03479302603677,0.0,-0.2744904242016569,1.0,33
lions,lions/Biologger Roars Expanded (500ms)/WIN-7-3_R1.WAV,4,pyin,183.59375,1895.9281609489115,225.1472536143988,0.0,0.6020876166539719,0.15151515151515152,5
lions,lions/Biologger Roars Expanded (500ms)/WIN-7-3_R1.WAV,6,comb,183.59375,636.730557351541,302.7245633159235,1.0,-0.2385816931757093,1.0,33
lions,lions/Biologger Roars Expanded (500ms)/WIN-7-3_R1.WAV,6,comb_noexempt,183.59375,1785.8774885525265,128.6923835909044,0.0,0.2626237247379459,1.0,33
spotted_hyenas,spotted_hyenas/lehmann hyena whoop traces/ANGI_SN_100603_1831_EC_WP_00_S.wav,0,comb,292.97,1198.5000590664167,10.860930100360726,0.0,0.996032903921709,0.9878419452887538,325
spotted_hyenas,spotted_hyenas/lehmann hyena whoop traces/ANGI_SN_100603_1831_EC_WP_00_S.wav,0,comb_noexempt,292.97,1198.5000590664167,10.521774082673081,0.0,0.9977802398961212,0.9878419452887538,325
spotted_hyenas,spotted_hyenas/lehmann hyena whoop traces/ANGI_SN_100603_1831_EC_WP_00_S.wav,0,pyin,292.97,1189.2775437440084,9.8894301942838,0.0,-0.3681744605399156,1.0,329
spotted_hyenas,spotted_hyenas/lehmann hyena whoop traces/ANGI_SN_100603_1831_EC_WP_00_S.wav,2,comb,292.97,1200.9883181132682,10.028860834881133,0.0,0.9968497945554344,0.9878419452887538,325
spotted_hyenas,spotted_hyenas/lehmann hyena whoop traces/ANGI_SN_100603_1831_EC_WP_00_S.wav,2,comb_noexempt,292.97,11.146095674750601,11.146095674750601,1.0,0.9983074681472788,0.9878419452887538,325
spotted_hyenas,spotted_hyenas/lehmann hyena whoop traces/ANGI_SN_100603_1831_EC_WP_00_S.wav,2,pyin,292.97,1189.0686323452544,9.82831005055531,0.0,-0.43579511388780057,0.8996960486322189,296
spotted_hyenas,spotted_hyenas/lehmann hyena whoop traces/ANGI_SN_100603_1831_EC_WP_00_S.wav,4,comb,292.97,1194.9869518485261,15.63554510305772,0.0,0.7231845303623299,0.9878419452887538,325
spotted_hyenas,spotted_hyenas/lehmann hyena whoop traces/ANGI_SN_100603_1831_EC_WP_00_S.wav,4,comb_noexempt,292.97,10.193609487834337,10.193609487834337,1.0,0.998284234127514,0.9878419452887538,325
spotted_hyenas,spotted_hyenas/lehmann hyena whoop traces/ANGI_SN_100603_1831_EC_WP_00_S.wav,4,pyin,292.97,1194.6842808868387,13.068283231523129,0.0,-0.4268120668479882,0.3434650455927052,113
spotted_hyenas,spotted_hyenas/lehmann hyena whoop traces/ANGI_SN_100603_1831_EC_WP_00_S.wav,6,comb,292.97,1194.566156363146,15.85581867122541,0.0,0.9325330172903333,0.9817629179331308,323
spotted_hyenas,spotted_hyenas/lehmann hyena whoop traces/ANGI_SN_100603_1831_EC_WP_00_S.wav,6,comb_noexempt,292.97,1732.6177738117797,215.17589659209514,0.0,0.8259390231432244,0.9878419452887538,325
spotted_hyenas,spotted_hyenas/lehmann hyena whoop traces/ANGI_SN_100603_1831_EC_WP_00_S.wav,6,pyin,292.97,1800.931367654746,101.0236332106416,0.0,-0.40016314312724155,0.06382978723404255,21
spotted_hyenas,spotted_hyenas/lehmann hyena whoop traces/ANGI_SN_100603_1831_EC_WP_06_A.wav,0,comb,261.72,1200.3604906502626,9.750683357519584,0.0,0.8855511568252878,0.9791666666666666,282
spotted_hyenas,spotted_hyenas/lehmann hyena whoop traces/ANGI_SN_100603_1831_EC_WP_06_A.wav,0,comb_noexempt,261.72,1200.3604906502626,9.499602802071744,0.0,0.9535084631500765,0.9791666666666666,282
spotted_hyenas,spotted_hyenas/lehmann hyena whoop traces/ANGI_SN_100603_1831_EC_WP_06_A.wav,0,pyin,261.72,1192.7571913171748,8.295069902718268,0.0,-0.4646571032108115,0.9097222222222222,262
spotted_hyenas,spotted_hyenas/lehmann hyena whoop traces/ANGI_SN_100603_1831_EC_WP_06_A.wav,2,comb,261.72,1201.03634193466,8.993872982495144,0.0,0.7029065825244685,0.9791666666666666,282
spotted_hyenas,spotted_hyenas/lehmann hyena whoop traces/ANGI_SN_100603_1831_EC_WP_06_A.wav,2,comb_noexempt,261.72,1199.0362436274472,7.828925973264648,0.0,0.9965890158011581,0.9027777777777778,260
spotted_hyenas,spotted_hyenas/lehmann hyena whoop traces/ANGI_SN_100603_1831_EC_WP_06_A.wav,2,pyin,261.72,1196.2120879992794,8.19058269739595,0.0,-0.4689139676909519,0.9027777777777778,260
spotted_hyenas,spotted_hyenas/lehmann hyena whoop traces/ANGI_SN_100603_1831_EC_WP_06_A.wav,4,comb,261.72,1199.3352012794098,8.839881357277267,0.0,0.8795860430884046,0.9791666666666666,282
spotted_hyenas,spotted_hyenas/lehmann hyena whoop traces/ANGI_SN_100603_1831_EC_WP_06_A.wav,4,comb_noexempt,261.72,1198.7325536769122,6.987135463566995,0.0,0.997084489306251,0.8888888888888888,256
spotted_hyenas,spotted_hyenas/lehmann hyena whoop traces/ANGI_SN_100603_1831_EC_WP_06_A.wav,4,pyin,261.72,1194.6842808868387,7.242808682825308,0.0,-0.5267178786372785,0.8541666666666666,246
spotted_hyenas,spotted_hyenas/lehmann hyena whoop traces/ANGI_SN_100603_1831_EC_WP_06_A.wav,6,comb,261.72,1198.772368953087,8.686112855247748,0.0,0.7953320584451319,0.9791666666666666,282
spotted_hyenas,spotted_hyenas/lehmann hyena whoop traces/ANGI_SN_100603_1831_EC_WP_06_A.wav,6,comb_noexempt,261.72,1902.706572333791,8.368207238008399,0.0,0.779251846925987,0.9722222222222222,280
spotted_hyenas,spotted_hyenas/lehmann hyena whoop traces/ANGI_SN_100603_1831_EC_WP_06_A.wav,6,pyin,261.72,1197.2918872702994,6.583574149394948,0.0,0.9956122905351438,0.65625,189
spotted_hyenas,spotted_hyenas/lehmann hyena whoop traces/ANNR_HZ_141227_0651_SC_WP_06_A.wav,0,comb,347.66,17.80133200734167,17.80133200734167,1.0,0.07567426704575542,0.9942363112391931,345
spotted_hyenas,spotted_hyenas/lehmann hyena whoop traces/ANNR_HZ_141227_0651_SC_WP_06_A.wav,0,comb_noexempt,347.66,18.35738903557698,18.35738903557698,1.0,-0.052978626476036544,0.9798270893371758,340
spotted_hyenas,spotted_hyenas/lehmann hyena whoop traces/ANNR_HZ_141227_0651_SC_WP_06_A.wav,0,pyin,347.66,46.069802334157814,44.144143986254775,1.0,-0.5756954006265551,0.7867435158501441,273
spotted_hyenas,spotted_hyenas/lehmann hyena whoop traces/ANNR_HZ_141227_0651_SC_WP_06_A.wav,2,comb,347.66,20.41689138064277,20.41689138064277,1.0,0.04636808281455382,0.9942363112391931,345
spotted_hyenas,spotted_hyenas/lehmann hyena whoop traces/ANNR_HZ_141227_0651_SC_WP_06_A.wav,2,comb_noexempt,347.66,17.70479813633273,17.70479813633273,1.0,0.26807839147717455,0.9855907780979827,342
spotted_hyenas,spotted_hyenas/lehmann hyena whoop traces/ANNR_HZ_141227_0651_SC_WP_06_A.wav,2,pyin,347.66,1968.8322164726744,71.64944466585487,0.0,0.2219919152615892,0.6253602305475504,217
spotted_hyenas,spotted_hyenas/lehmann hyena whoop traces/ANNR_HZ_141227_0651_SC_WP_06_A.wav,4,comb,347.66,1360.8024655419329,101.19772677276589,0.0,-0.5458506671350708,0.9942363112391931,345
spotted_hyenas,spotted_hyenas/lehmann hyena whoop traces/ANNR_HZ_141227_0651_SC_WP_06_A.wav,4,comb_noexempt,347.66,1904.5935770114222,13.676834609119442,0.0,0.421187504573588,0.9394812680115274,326
spotted_hyenas,spotted_hyenas/lehmann hyena whoop traces/ANNR_HZ_141227_0651_SC_WP_06_A.wav,4,pyin,347.66,1960.2734407023454,71.64944466585487,0.0,-0.05366071416263949,0.7463976945244957,259
spotted_hyenas,spotted_hyenas/lehmann hyena whoop traces/ANNR_HZ_141227_0651_SC_WP_06_A.wav,6,comb,347.66,1371.2313385434347,123.02282660418669,0.0,-0.6805793365438589,0.9942363112391931,345
spotted_hyenas,spotted_hyenas/lehmann hyena whoop traces/ANNR_HZ_141227_0651_SC_WP_06_A.wav,6,comb_noexempt,347.66,1908.094146686672,13.665704902661796,0.0,0.7900943766261549,0.930835734870317,323
spotted_hyenas,spotted_hyenas/lehmann hyena whoop traces/ANNR_HZ_141227_0651_SC_WP_06_A.wav,6,pyin,347.66,1960.2734407023454,71.64944466585487,0.0,-0.01980727621663928,0.760806916426513,264
spotted_hyenas,spotted_hyenas/lehmann hyena whoop traces/ANNR_HZ_150226_1846_SC_WP_03_S.wav,0,comb,355.47,65.46279092676606,65.46279092676606,1.0,0.6011725088328512,0.9859154929577465,350
spotted_hyenas,spotted_hyenas/lehmann hyena whoop traces/ANNR_HZ_150226_1846_SC_WP_03_S.wav,0,comb_noexempt,355.47,25.071408906064917,25.071408906064917,1.0,0.830318948557267,0.9859154929577465,350
spotted_hyenas,spotted_hyenas/lehmann hyena whoop traces/ANNR_HZ_150226_1846_SC_WP_03_S.wav,0,pyin,355.47,42.21219406764848,42.21219406764848,1.0,0.9751997192682349,0.8056338028169014,286
spotted_hyenas,spotted_hyenas/lehmann hyena whoop traces/ANNR_HZ_150226_1846_SC_WP_03_S.wav,2,comb,355.47,323.85743315178456,314.8838905336362,1.0,0.432805430892498,0.9859154929577465,350
spotted_hyenas,spotted_hyenas/lehmann hyena whoop traces/ANNR_HZ_150226_1846_SC_WP_03_S.wav,2,comb_noexempt,355.47,1845.2359142221276,113.21816963507742,0.0,0.7441797048536738,0.9549295774647887,339
spotted_hyenas,spotted_hyenas/lehmann hyena whoop traces/ANNR_HZ_150226_1846_SC_WP_03_S.wav,2,pyin,355.47,1808.9705013737712,108.69107793911932,0.0,0.40485292672534307,0.6112676056338028,217
spotted_hyenas,spotted_hyenas/lehmann hyena whoop traces/ANNR_HZ_150226_1846_SC_WP_03_S.wav,4,comb,355.47,958.9525936927145,274.2654241581446,0.0,0.5079291645161302,0.9859154929577465,350
spotted_hyenas,spotted_hyenas/lehmann hyena whoop traces/ANNR_HZ_150226_1846_SC_WP_03_S.wav,4,comb_noexempt,355.47,1730.5345602157458,170.00147379154058,0.0,0.6773050247836774,0.9802816901408451,348
spotted_hyenas,spotted_hyenas/lehmann hyena whoop traces/ANNR_HZ_150226_1846_SC_WP_03_S.wav,4,pyin,355.47,1739.0670020345065,134.8962179683995,0.0,0.8176564513871991,0.48732394366197185,173
spotted_hyenas,spotted_hyenas/lehmann hyena whoop traces/ANNR_HZ_150226_1846_SC_WP_03_S.wav,6,comb,355.47,312.8006122468471,285.4688922489568,1.0,-0.012437772057963701,0.9802816901408451,348
spotted_hyenas,spotted_hyenas/lehmann hyena whoop traces/ANNR_HZ_150226_1846_SC_WP_03_S.wav,6,comb_noexempt,355.47,1821.6433363327706,144.0556445743269,0.0,0.4367406035697665,0.952112676056338,338
spotted_hyenas,spotted_hyenas/lehmann hyena whoop traces/ANNR_HZ_150226_1846_SC_WP_03_S.wav,6,pyin,355.47,1777.0570576090995,190.458287884593,0.0,0.9764214382485095,0.14084507042253522,50
spotted_hyenas,spotted_hyenas/lehmann hyena whoop traces/ANNR_HZ_150226_1846_SC_WP_09_A.wav,0,comb,335.94,11.956438573832687,11.956438573832687,1.0,0.8760233979971475,0.9936305732484076,312
spotted_hyenas,spotted_hyenas/lehmann hyena whoop traces/ANNR_HZ_150226_1846_SC_WP_09_A.wav,0,comb_noexempt,335.94,10.458738482709753,10.458738482709753,1.0,0.9531953887846407,0.9554140127388535,300
spotted_hyenas,spotted_hyenas/lehmann hyena whoop traces/ANNR_HZ_150226_1846_SC_WP_09_A.wav,0,pyin,335.94,196.02748457923485,196.02748457923485,1.0,0.8908638261139573,0.8598726114649682,270
spotted_hyenas,spotted_hyenas/lehmann hyena whoop traces/ANNR_HZ_150226_1846_SC_WP_09_A.wav,2,comb,335.94,19.03523812088459,19.03523812088459,1.0,0.768863334288199,0.9936305732484076,312
spotted_hyenas,spotted_hyenas/lehmann hyena whoop traces/ANNR_HZ_150226_1846_SC_WP_09_A.wav,2,comb_noexempt,335.94,1903.8585195263802,22.09323142977445,0.0,0.5170431764802703,0.9936305732484076,312
spotted_hyenas,spotted_hyenas/lehmann hyena whoop traces/ANNR_HZ_150226_1846_SC_WP_09_A.wav,2,pyin,335.94,1946.1972412747564,162.73975400754367,0.0,0.888357464651043,0.43630573248407645,137
spotted_hyenas,spotted_hyenas/lehmann hyena whoop traces/ANNR_HZ_150226_1846_SC_WP_09_A.wav,4,comb,335.94,1195.5101146121162,21.763934605857578,0.0,0.7849602385466492,0.9936305732484076,312
spotted_hyenas,spotted_hyenas/lehmann hyena whoop traces/ANNR_HZ_150226_1846_SC_WP_09_A.wav,4,comb_noexempt,335.94,1191.5961708175164,22.438951506291957,0.0,0.8616574553927462,0.9171974522292994,288
spotted_hyenas,spotted_hyenas/lehmann hyena whoop traces/ANNR_HZ_150226_1846_SC_WP_09_A.wav,4,pyin,335.94,2027.2428086828252,134.13765275178443,0.0,0.5458631062278427,0.40445859872611467,127
spotted_hyenas,spotted_hyenas/lehmann hyena whoop traces/ANNR_HZ_150226_1846_SC_WP_09_A.wav,6,comb,335.94,468.1756137449803,424.474316782428,1.0,-0.5837452704965487,0.9936305732484076,312
spotted_hyenas,spotted_hyenas/lehmann hyena whoop traces/ANNR_HZ_150226_1846_SC_WP_09_A.wav,6,comb_noexempt,335.94,1910.143554984292,21.92287474534122,0.0,0.6915278853068567,0.9745222929936306,306
spotted_hyenas,spotted_hyenas/lehmann hyena whoop traces/ANNR_HZ_150226_1911_SC_WP_05_S.wav,0,comb,347.66,2001.7825362996593,103.74147922887202,0.0,-0.49397570866121177,0.9904534606205251,415
spotted_hyenas,spotted_hyenas/lehmann hyena whoop traces/ANNR_HZ_150226_1911_SC_WP_05_S.wav,0,comb_noexempt,347.66,2006.4228003396793,100.85275914347659,0.0,0.4014460318713815,0.9498806682577565,398
spotted_hyenas,spotted_hyenas/lehmann hyena whoop traces/ANNR_HZ_150226_1911_SC_WP_05_S.wav,0,pyin,347.66,86.9926646943619,37.6725710495661,1.0,0.8731019684866586,0.6420047732696897,269
spotted_hyenas,spotted_hyenas/lehmann hyena whoop traces/ANNR_HZ_150226_1911_SC_WP_05_S.wav,2,comb,347.66,2001.7825362996593,101.0180036208422,0.0,-0.402437284196153,0.9904534606205251,415
spotted_hyenas,spotted_hyenas/lehmann hyena whoop traces/ANNR_HZ_150226_1911_SC_WP_05_S.wav,2,comb_noexempt,347.66,1976.6811880880023,96.59074200263487,0.0,0.06821440444258564,0.9832935560859188,412
spotted_hyenas,spotted_hyenas/lehmann hyena whoop traces/ANNR_HZ_150226_1911_SC_WP_05_S.wav,2,pyin,347.66,1489.3089407045372,153.38921190035435,0.0,0.10597276324624309,0.17422434367541767,73
spotted_hyenas,spotted_hyenas/lehmann hyena whoop traces/ANNR_HZ_150226_1911_SC_WP_05_S.wav,4,comb,347.66,1496.8837867962945,214.00600012582834,0.0,-0.4113226071720726,0.9904534606205251,415
spotted_hyenas,spotted_hyenas/lehmann hyena whoop traces/ANNR_HZ_150226_1911_SC_WP_05_S.wav,4,comb_noexempt,347.66,1522.3463371044509,211.0145978609378,0.0,-0.7703379178556938,0.9904534606205251,415
spotted_hyenas,spotted_hyenas/lehmann hyena whoop traces/ANNR_HZ_150226_1911_SC_WP_05_S.wav,4,pyin,347.66,2473.583877409056,185.9439853660501,0.0,0.2537577669865383,0.12649164677804295,53
spotted_hyenas,spotted_hyenas/lehmann hyena whoop traces/ANNR_HZ_150226_1911_SC_WP_05_S.wav,6,comb,347.66,2001.7825362996593,103.74147922887202,0.0,-0.488340385616263,0.9904534606205251,415
spotted_hyenas,spotted_hyenas/lehmann hyena whoop traces/ANNR_HZ_150226_1911_SC_WP_05_S.wav,6,comb_noexempt,347.66,1989.18592239618,99.82753543427187,0.0,-0.18303844470518613,0.9761336515513126,409
spotted_hyenas,spotted_hyenas/lehmann hyena whoop traces/ANNR_HZ_150226_1911_SC_WP_05_S.wav,6,pyin,347.66,2473.583877409056,185.9439853660501,0.0,0.2537577669865383,0.12649164677804295,53
spotted_hyenas,spotted_hyenas/lehmann hyena whoop traces/ANNR_HZ_150226_1911_SC_WP_11_T.wav,0,comb,242.19,2623.7139403741717,223.71394037417198,0.0,0.2223136979580228,1.0,419
spotted_hyenas,spotted_hyenas/lehmann hyena whoop traces/ANNR_HZ_150226_1911_SC_WP_11_T.wav,0,comb_noexempt,242.19,1195.5704950508957,12.468050512614822,0.0,0.9575685969792109,0.9952267303102625,417
spotted_hyenas,spotted_hyenas/lehmann hyena whoop traces/ANNR_HZ_150226_1911_SC_WP_11_T.wav,0,pyin,242.19,2779.0747001595537,379.0747001595538,0.0,-0.9094377575929069,0.11694510739856802,49
spotted_hyenas,spotted_hyenas/lehmann hyena whoop traces/ANNR_HZ_150226_1911_SC_WP_11_T.wav,2,comb,242.19,2623.7139403741717,223.71394037417198,0.0,0.12876852930158122,1.0,419
spotted_hyenas,spotted_hyenas/lehmann hyena whoop traces/ANNR_HZ_150226_1911_SC_WP_11_T.wav,2,comb_noexempt,242.19,1902.1881936065292,13.1837689857318,0.0,0.9343558935698608,1.0,419
spotted_hyenas,spotted_hyenas/lehmann hyena whoop traces/ANNR_HZ_150226_1911_SC_WP_11_T.wav,4,comb,242.19,2623.7139403741717,223.71394037417198,0.0,-0.007091020116488324,1.0,419
spotted_hyenas,spotted_hyenas/lehmann hyena whoop traces/ANNR_HZ_150226_1911_SC_WP_11_T.wav,4,comb_noexempt,242.19,2640.149828997368,240.14982899736785,0.0,0.49259809417514716,1.0,419
spotted_hyenas,spotted_hyenas/lehmann hyena whoop traces/ANNR_HZ_150226_1911_SC_WP_11_T.wav,6,comb,242.19,2623.7139403741717,223.71394037417198,0.0,0.1066965839155744,1.0,419
spotted_hyenas,spotted_hyenas/lehmann hyena whoop traces/ANNR_HZ_150226_1911_SC_WP_11_T.wav,6,comb_noexempt,242.19,1900.9468825890679,13.809783267701588,0.0,0.9265204721462991,0.9952267303102625,417
spotted_hyenas,spotted_hyenas/lehmann hyena whoop traces/BADG_SS_100608_----_EC_WP_05_A.wav,0,comb,214.84,1221.2524394031816,26.716182746083277,0.0,0.3793108737017376,0.9848484848484849,260
spotted_hyenas,spotted_hyenas/lehmann hyena whoop traces/BADG_SS_100608_----_EC_WP_05_A.wav,0,comb_noexempt,214.84,1213.5392541582544,21.426858116032733,0.0,0.2486524658997616,0.8787878787878788,232
spotted_hyenas,spotted_hyenas/lehmann hyena whoop traces/BADG_SS_100608_----_EC_WP_05_A.wav,0,pyin,214.84,1194.0263937732632,18.086828284965357,0.0,0.9835619282450149,0.9053030303030303,239
spotted_hyenas,spotted_hyenas/lehmann hyena whoop traces/BADG_SS_100608_----_EC_WP_05_A.wav,2,comb,214.84,1221.0977821361198,26.24865317292734,0.0,0.36737359992825636,0.9848484848484849,260
spotted_hyenas,spotted_hyenas/lehmann hyena whoop traces/BADG_SS_100608_----_EC_WP_05_A.wav,2,comb_noexempt,214.84,1209.557651830503,19.529303146548436,0.0,0.8134489064601581,0.803030303030303,212
spotted_hyenas,spotted_hyenas/lehmann hyena whoop traces/BADG_SS_100608_----_EC_WP_05_A.wav,2,pyin,214.84,1194.0263937732632,18.086828284965357,0.0,0.9657430944384588,0.9053030303030303,239
spotted_hyenas,spotted_hyenas/lehmann hyena whoop traces/BADG_SS_100608_----_EC_WP_05_A.wav,4,comb,214.84,1221.0977821361198,25.955339472346324,0.0,-0.14513603014533735,0.9848484848484849,260
spotted_hyenas,spotted_hyenas/lehmann hyena whoop traces/BADG_SS_100608_----_EC_WP_05_A.wav,4,comb_noexempt,214.84,1206.0460521826735,18.534072768818532,0.0,0.9622294785206907,0.7575757575757576,200
spotted_hyenas,spotted_hyenas/lehmann hyena whoop traces/BADG_SS_100608_----_EC_WP_05_A.wav,4,pyin,214.84,1197.3136462662453,17.313646266245318,0.0,0.9898158292342379,0.8295454545454546,219
spotted_hyenas,spotted_hyenas/lehmann hyena whoop traces/BADG_SS_100608_----_EC_WP_05_A.wav,6,comb,214.84,1221.0977821361198,27.119846532114696,0.0,-0.31078601128047045,0.9848484848484849,260
spotted_hyenas,spotted_hyenas/lehmann hyena whoop traces/BADG_SS_100608_----_EC_WP_05_A.wav,6,comb_noexempt,214.84,1579.1082981165196,315.0474980296385,0.0,0.8416116794900003,0.9318181818181818,246
spotted_hyenas,spotted_hyenas/lehmann hyena whoop traces/BADG_SS_100608_----_EC_WP_05_A.wav,6,pyin,214.84,2312.6863537337545,72.93034591936316,0.0,-0.9176754847492102,0.5454545454545454,144
spotted_hyenas,spotted_hyenas/lehmann hyena whoop traces/BBW-_SS_100509_2309_EC_WP_04_A.wav,0,comb,253.91,1202.947843437432,8.69364522622249,0.0,0.9668260623731583,0.9878542510121457,244
spotted_hyenas,spotted_hyenas/lehmann hyena whoop traces/BBW-_SS_100509_2309_EC_WP_04_A.wav,0,comb_noexempt,253.91,1202.9060306572283,8.47002540564216,0.0,0.9630120204897004,0.9878542510121457,244
spotted_hyenas,spotted_hyenas/lehmann hyena whoop traces/BBW-_SS_100509_2309_EC_WP_04_A.wav,0,pyin,253.91,1193.3831263275888,8.867289536825925,0.0,-0.03702879783822165,0.9919028340080972,245
spotted_hyenas,spotted_hyenas/lehmann hyena whoop traces/BBW-_SS_100509_2309_EC_WP_04_A.wav,2,comb,253.91,1199.718367357061,9.381791864286589,0.0,0.9268215173962522,0.9878542510121457,244
spotted_hyenas,spotted_hyenas/lehmann hyena whoop traces/BBW-_SS_100509_2309_EC_WP_04_A.wav,2,comb_noexempt,253.91,1200.2636361789364,9.381791864286589,0.0,0.9537365249354319,0.9878542510121457,244
spotted_hyenas,spotted_hyenas/lehmann hyena whoop traces/BBW-_SS_100509_2309_EC_WP_04_A.wav,2,pyin,253.91,1198.2950699027183,14.137652751784573,0.0,0.8337484291199566,0.8259109311740891,204
spotted_hyenas,spotted_hyenas/lehmann hyena whoop traces/BBW-_SS_100509_2309_EC_WP_04_A.wav,4,comb,253.91,1198.662642176211,9.286769520290884,0.0,0.9208222920584076,0.9878542510121457,244
spotted_hyenas,spotted_hyenas/lehmann hyena whoop traces/BBW-_SS_100509_2309_EC_WP_04_A.wav,4,comb_noexempt,253.91,1586.159865516112,302.16433786597327,0.0,0.7798740263946089,0.9878542510121457,244
spotted_hyenas,spotted_hyenas/lehmann hyena whoop traces/BBW-_SS_100509_2309_EC_WP_04_A.wav,4,pyin,253.91,1575.3157191131622,307.0465057980259,0.0,0.9328726408030751,0.4008097165991903,99
spotted_hyenas,spotted_hyenas/lehmann hyena whoop traces/BBW-_SS_100509_2309_EC_WP_04_A.wav,6,comb,253.91,1199.1950489509622,9.15221041062695,0.0,0.9435954447276798,0.9878542510121457,244
spotted_hyenas,spotted_hyenas/lehmann hyena whoop traces/BBW-_SS_100509_2309_EC_WP_04_A.wav,6,comb_noexempt,253.91,1594.3467223944442,307.608278470943,0.0,0.8716361227859145,0.9878542510121457,244
spotted_hyenas,spotted_hyenas/lehmann hyena whoop traces/BBW-_SS_100509_2309_EC_WP_04_A.wav,6,pyin,253.91,1984.1665838185068,82.21158295311969,0.0,-0.39281760759073125,0.11336032388663968,28
spotted_hyenas,spotted_hyenas/lehmann hyena whoop traces/BORA_TW bout1 call4 2017-01-06 21-28-45 S.wav,0,comb,335.94,1199.0070990973225,9.712524147021337,0.0,0.9966360662623192,1.0,458
spotted_hyenas,spotted_hyenas/lehmann hyena whoop traces/BORA_TW bout1 call4 2017-01-06 21-28-45 S.wav,0,comb_noexempt,335.94,1198.863192663501,9.44451702002221,0.0,0.997869124700803,0.9956331877729258,456
spotted_hyenas,spotted_hyenas/lehmann hyena whoop traces/BORA_TW bout1 call4 2017-01-06 21-28-45 S.wav,0,pyin,335.94,1192.9587146590068,8.241843073545272,0.0,0.5780238964301734,0.9956331877729258,456
spotted_hyenas,spotted_hyenas/lehmann hyena whoop traces/BORA_TW bout1 call4 2017-01-06 21-28-45 S.wav,2,comb,335.94,1203.5311147599984,10.331592709098471,0.0,0.9892703118151736,0.9934497816593887,455
spotted_hyenas,spotted_hyenas/lehmann hyena whoop traces/BORA_TW bout1 call4 2017-01-06 21-28-45 S.wav,2,comb_noexempt,335.94,381.4419413381822,381.4419413381822,1.0,0.44931911029671606,1.0,458
spotted_hyenas,spotted_hyenas/lehmann hyena whoop traces/BORA_TW bout1 call4 2017-01-06 21-28-45 S.wav,2,pyin,335.94,1190.5977759084344,10.590068968003404,0.0,0.9331829373683818,0.7947598253275109,364
spotted_hyenas,spotted_hyenas/lehmann hyena whoop traces/BORA_TW bout1 call4 2017-01-06 21-28-45 S.wav,4,comb,335.94,1199.1571245561831,11.22557275822214,0.0,0.9894100647746216,1.0,458
spotted_hyenas,spotted_hyenas/lehmann hyena whoop traces/BORA_TW bout1 call4 2017-01-06 21-28-45 S.wav,4,comb_noexempt,335.94,1440.357078282676,29.920964148729063,0.0,0.6533215119782211,1.0,458
spotted_hyenas,spotted_hyenas/lehmann hyena whoop traces/BORA_TW bout1 call4 2017-01-06 21-28-45 S.wav,4,pyin,335.94,1196.3509467208537,3.6490532791462265,0.0,0.35222365550495727,0.10480349344978165,48
spotted_hyenas,spotted_hyenas/lehmann hyena whoop traces/BORA_TW bout1 call4 2017-01-06 21-28-45 S.wav,6,comb,335.94,1202.6893831634843,12.41620844575131,0.0,0.988441157749074,1.0,458
spotted_hyenas,spotted_hyenas/lehmann hyena whoop traces/BORA_TW bout1 call4 2017-01-06 21-28-45 S.wav,6,comb_noexempt,335.94,1972.9541371835383,88.17416658043248,0.0,0.7826442675431944,1.0,458
spotted_hyenas,spotted_hyenas/lehmann hyena whoop traces/BORA_TW bout1 call4 2017-01-06 21-28-45 S.wav,6,pyin,335.94,1729.7539017518557,172.20109911353174,0.0,0.532242617545291,0.21615720524017468,99
spotted_hyenas,spotted_hyenas/lehmann hyena whoop traces/BORA_TW bout2 call10 2017-01-06 23-15-30 A.wav,0,comb,230.47,11.15206830293759,11.15206830293759,1.0,0.933362920746237,1.0,482
spotted_hyenas,spotted_hyenas/lehmann hyena whoop traces/BORA_TW bout2 call10 2017-01-06 23-15-30 A.wav,0,comb_noexempt,230.47,12.414974070440387,12.414974070440387,1.0,0.8897013472233041,1.0,482
spotted_hyenas,spotted_hyenas/lehmann hyena whoop traces/BORA_TW bout2 call10 2017-01-06 23-15-30 A.wav,0,pyin,230.47,19.39082558505761,19.39082558505761,1.0,0.9176820721466705,0.9937759336099585,479
spotted_hyenas,spotted_hyenas/lehmann hyena whoop traces/BORA_TW bout2 call10 2017-01-06 23-15-30 A.wav,2,comb,230.47,13.361164261619539,13.361164261619539,1.0,0.8644171841553538,1.0,482
spotted_hyenas,spotted_hyenas/lehmann hyena whoop traces/BORA_TW bout2 call10 2017-01-06 23-15-30 A.wav,2,comb_noexempt,230.47,1200.1948966399605,10.822826230085688,0.0,0.9337749955705928,1.0,482
spotted_hyenas,spotted_hyenas/lehmann hyena whoop traces/BORA_TW bout2 call10 2017-01-06 23-15-30 A.wav,2,pyin,230.47,9.390825585057208,9.390825585057208,1.0,0.9493391271520918,0.975103734439834,470
spotted_hyenas,spotted_hyenas/lehmann hyena whoop traces/BORA_TW bout2 call10 2017-01-06 23-15-30 A.wav,4,comb,230.47,12.33159446466059,12.33159446466059,1.0,0.37045337198345524,1.0,482
spotted_hyenas,spotted_hyenas/lehmann hyena whoop traces/BORA_TW bout2 call10 2017-01-06 23-15-30 A.wav,4,comb_noexempt,230.47,1200.9909818612539,10.750849522544645,0.0,0.9313078239482983,1.0,482
spotted_hyenas,spotted_hyenas/lehmann hyena whoop traces/BORA_TW bout2 call10 2017-01-06 23-15-30 A.wav,6,comb,230.47,14.021139060611212,14.021139060611212,1.0,0.7574780991496497,1.0,482
spotted_hyenas,spotted_hyenas/lehmann hyena whoop traces/BORA_TW bout2 call10 2017-01-06 23-15-30 A.wav,6,comb_noexempt,230.47,2403.3146940152947,11.38534441675575,0.0,0.9453358744382693,1.0,482
spotted_hyenas,spotted_hyenas/lehmann hyena whoop traces/BORA_TW bout2 call6 2017-01-06 23-15-13 S.wav,0,comb,257.81,1202.7353767451023,9.23513378899879,0.0,0.9581585274345461,1.0,362
spotted_hyenas,spotted_hyenas/lehmann hyena whoop traces/BORA_TW bout2 call6 2017-01-06 23-15-13 S.wav,0,comb_noexempt,257.81,1201.5769400977922,9.23513378899879,0.0,0.9513183350889685,1.0,362
spotted_hyenas,spotted_hyenas/lehmann hyena whoop traces/BORA_TW bout2 call6 2017-01-06 23-15-13 S.wav,0,pyin,257.81,109.99786553498907,8.944472773756674,1.0,0.9016772425402374,1.0,362
spotted_hyenas,spotted_hyenas/lehmann hyena whoop traces/BORA_TW bout2 call6 2017-01-06 23-15-13 S.wav,2,comb,257.81,1203.1014171221136,9.110080494809504,0.0,0.8985257596880496,1.0,362
spotted_hyenas,spotted_hyenas/lehmann hyena whoop traces/BORA_TW bout2 call6 2017-01-06 23-15-13 S.wav,2,comb_noexempt,257.81,1201.7812783976394,8.295512091243447,0.0,0.9517341931859506,0.9585635359116023,347
spotted_hyenas,spotted_hyenas/lehmann hyena whoop traces/BORA_TW bout2 call6 2017-01-06 23-15-13 S.wav,2,pyin,257.81,1690.5825445988194,92.94121710301205,0.0,-0.5471588877672988,0.9751381215469613,353
spotted_hyenas,spotted_hyenas/lehmann hyena whoop traces/BORA_TW bout2 call6 2017-01-06 23-15-13 S.wav,4,comb,257.81,1202.7353767451023,10.110470061950368,0.0,0.947875592875998,1.0,362
spotted_hyenas,spotted_hyenas/lehmann hyena whoop traces/BORA_TW bout2 call6 2017-01-06 23-15-13 S.wav,4,comb_noexempt,257.81,10.795514248473111,10.795514248473111,1.0,0.9085236748396615,0.9917127071823204,359
spotted_hyenas,spotted_hyenas/lehmann hyena whoop traces/BORA_TW bout2 call6 2017-01-06 23-15-13 S.wav,4,pyin,257.81,1199.768078569699,15.596235706246157,0.0,0.05062021573485835,0.7762430939226519,281
spotted_hyenas,spotted_hyenas/lehmann hyena whoop traces/BORA_TW bout2 call6 2017-01-06 23-15-13 S.wav,6,comb,257.81,1202.7353767451023,10.791310615611636,0.0,0.8403572813160259,1.0,362
spotted_hyenas,spotted_hyenas/lehmann hyena whoop traces/BORA_TW bout2 call6 2017-01-06 23-15-13 S.wav,6,comb_noexempt,257.81,9.6829435585594,9.6829435585594,1.0,0.9067932060189141,0.9530386740331491,345
spotted_hyenas,spotted_hyenas/lehmann hyena whoop traces/BORA_TW bout2 call6 2017-01-06 23-15-13 S.wav,6,pyin,257.81,1199.650679044626,7.018310386837519,0.0,0.8826594983772693,0.43922651933701656,159
spotted_hyenas,spotted_hyenas/lehmann hyena whoop traces/BRPH_SS_100602_1814_SC_WP_03_A.wav,0,comb,265.62,1196.4241687252447,13.711479526325908,0.0,0.9790273737729552,0.9747899159663865,232
spotted_hyenas,spotted_hyenas/lehmann hyena whoop traces/BRPH_SS_100602_1814_SC_WP_03_A.wav,0,comb_noexempt,265.62,1198.821432950502,10.453749696241234,0.0,0.9946348180897565,0.9621848739495799,229
spotted_hyenas,spotted_hyenas/lehmann hyena whoop traces/BRPH_SS_100602_1814_SC_WP_03_A.wav,0,pyin,265.62,1193.7381836272266,10.554793499415243,0.0,0.8166058145693728,0.9243697478991597,220
spotted_hyenas,spotted_hyenas/lehmann hyena whoop traces/BRPH_SS_100602_1814_SC_WP_03_A.wav,2,comb,265.62,1197.62890826485,13.523666790326597,0.0,0.9834095345275762,0.9789915966386554,233
spotted_hyenas,spotted_hyenas/lehmann hyena whoop traces/BRPH_SS_100602_1814_SC_WP_03_A.wav,2,comb_noexempt,265.62,704.4806319955417,495.2410783774287,0.0,0.9828754852567687,0.9243697478991597,220
spotted_hyenas,spotted_hyenas/lehmann hyena whoop traces/BRPH_SS_100602_1814_SC_WP_03_A.wav,2,pyin,265.62,1205.1340423215559,24.03339325421956,0.0,-0.666320142396798,0.8025210084033614,191
spotted_hyenas,spotted_hyenas/lehmann hyena whoop traces/BRPH_SS_100602_1814_SC_WP_03_A.wav,4,comb,265.62,1203.1340451319418,14.183640245430514,0.0,0.9693722784633707,0.9831932773109243,234
spotted_hyenas,spotted_hyenas/lehmann hyena whoop traces/BRPH_SS_100602_1814_SC_WP_03_A.wav,4,comb_noexempt,265.62,1387.3197171405131,178.43514925030303,0.0,0.8350500713037634,0.9495798319327731,226
spotted_hyenas,spotted_hyenas/lehmann hyena whoop traces/BRPH_SS_100602_1814_SC_WP_03_A.wav,4,pyin,265.62,1802.686353733755,109.26864713163258,0.0,0.7372142037270334,0.21428571428571427,51
spotted_hyenas,spotted_hyenas/lehmann hyena whoop traces/BRPH_SS_100602_1814_SC_WP_03_A.wav,6,comb,265.62,1200.186658135518,14.795373183044546,0.0,0.9637823895405064,0.9705882352941176,231
spotted_hyenas,spotted_hyenas/lehmann hyena whoop traces/BRPH_SS_100602_1814_SC_WP_03_A.wav,6,comb_noexempt,265.62,2158.345877781964,215.76119410567586,0.0,0.7658385681912888,0.9747899159663865,232
spotted_hyenas,spotted_hyenas/lehmann hyena whoop traces/BRPH_SS_100602_1814_SC_WP_03_A.wav,6,pyin,265.62,1659.0137837623754,189.86796064109842,0.0,0.8135821180440589,0.680672268907563,162
spotted_hyenas,spotted_hyenas/lehmann hyena whoop traces/BRPH_SS_20100602_1821_EC_WP_01_P.wav,0,comb,187.5,1131.7877285424893,89.57128657185811,0.0,0.7824355333221386,1.0,102
spotted_hyenas,spotted_hyenas/lehmann hyena whoop traces/BRPH_SS_20100602_1821_EC_WP_01_P.wav,0,comb_noexempt,187.5,1202.7130151964143,255.55650013138802,0.0,0.07254393894312863,1.0,102
spotted_hyenas,spotted_hyenas/lehmann hyena whoop traces/BRPH_SS_20100602_1821_EC_WP_01_P.wav,0,pyin,187.5,1179.8987278061268,47.51178275182791,0.0,0.8709151334398968,0.803921568627451,82
spotted_hyenas,spotted_hyenas/lehmann hyena whoop traces/BRPH_SS_20100602_1821_EC_WP_01_P.wav,2,comb,187.5,1158.2192632167162,59.02418499470636,0.0,0.8292665539099486,1.0,102
spotted_hyenas,spotted_hyenas/lehmann hyena whoop traces/BRPH_SS_20100602_1821_EC_WP_01_P.wav,2,comb_noexempt,187.5,1216.1122874616271,51.47220651764145,0.0,0.84664166162089,1.0,102
spotted_hyenas,spotted_hyenas/lehmann hyena whoop traces/BRPH_SS_20100602_1821_EC_WP_01_P.wav,2,pyin,187.5,2264.2070326927433,63.9936761855641,0.0,0.35826650126365156,0.8725490196078431,89
spotted_hyenas,spotted_hyenas/lehmann hyena whoop traces/BRPH_SS_20100602_1821_EC_WP_01_P.wav,4,comb,187.5,1173.558219273806,60.70146365480589,0.0,0.8173323089477289,1.0,102
spotted_hyenas,spotted_hyenas/lehmann hyena whoop traces/BRPH_SS_20100602_1821_EC_WP_01_P.wav,4,comb_noexempt,187.5,1222.8233400956547,156.2054034139264,0.0,0.7992739295421337,1.0,102
spotted_hyenas,spotted_hyenas/lehmann hyena whoop traces/BRPH_SS_20100602_1821_EC_WP_01_P.wav,4,pyin,187.5,2893.2276482108164,493.2276482108162,0.0,-0.3152565944752003,0.9411764705882353,96
spotted_hyenas,spotted_hyenas/lehmann hyena whoop traces/BRPH_SS_20100602_1821_EC_WP_01_P.wav,6,comb,187.5,1180.6394279767624,52.75398305614779,0.0,0.8361038382289261,1.0,102
spotted_hyenas,spotted_hyenas/lehmann hyena whoop traces/BRPH_SS_20100602_1821_EC_WP_01_P.wav,6,comb_noexempt,187.5,2405.985004615676,107.89668057817056,0.0,-0.2433422836357599,1.0,102
spotted_hyenas,spotted_hyenas/lehmann hyena whoop traces/BRPH_SS_20100602_1821_EC_WP_07_A.wav,0,comb,234.38,1198.596456920211,9.997461813373251,0.0,0.9434318958835383,1.0,280
spotted_hyenas,spotted_hyenas/lehmann hyena whoop traces/BRPH_SS_20100602_1821_EC_WP_07_A.wav,0,comb_noexempt,234.38,1198.776200907413,10.012593745326843,0.0,0.9824208356800811,0.975,273
spotted_hyenas,spotted_hyenas/lehmann hyena whoop traces/BRPH_SS_20100602_1821_EC_WP_07_A.wav,0,pyin,234.38,1193.328249838923,10.266227208475758,0.0,0.0040548626349603024,0.9607142857142857,269
spotted_hyenas,spotted_hyenas/lehmann hyena whoop traces/BRPH_SS_20100602_1821_EC_WP_07_A.wav,2,comb,234.38,1198.2565642283766,11.850912384570657,0.0,0.9056964420032118,1.0,280
spotted_hyenas,spotted_hyenas/lehmann hyena whoop traces/BRPH_SS_20100602_1821_EC_WP_07_A.wav,2,comb_noexempt,234.38,1585.637392471393,309.5696395441606,0.0,0.847253115365784,1.0,280
spotted_hyenas,spotted_hyenas/lehmann hyena whoop traces/BRPH_SS_20100602_1821_EC_WP_07_A.wav,2,pyin,234.38,1199.7337727915246,10.266227208475758,0.0,-0.7628848920432972,0.75,210
spotted_hyenas,spotted_hyenas/lehmann hyena whoop traces/BRPH_SS_20100602_1821_EC_WP_07_A.wav,4,comb,234.38,1201.6742929476845,13.485267155421656,0.0,0.8916660157638843,1.0,280
spotted_hyenas,spotted_hyenas/lehmann hyena whoop traces/BRPH_SS_20100602_1821_EC_WP_07_A.wav,4,comb_noexempt,234.38,1589.1584014491882,305.65569574956066,0.0,0.7580575511751925,1.0,280
spotted_hyenas,spotted_hyenas/lehmann hyena whoop traces/BRPH_SS_20100602_1821_EC_WP_07_A.wav,4,pyin,234.38,1199.7337727915246,9.733772791524295,0.0,0.9402016757790792,0.475,133
spotted_hyenas,spotted_hyenas/lehmann hyena whoop traces/BRPH_SS_20100602_1821_EC_WP_07_A.wav,6,comb,234.38,1196.3797093423864,11.835316217268591,0.0,0.8858240183390956,1.0,280
spotted_hyenas,spotted_hyenas/lehmann hyena whoop traces/BRPH_SS_20100602_1821_EC_WP_07_A.wav,6,comb_noexempt,234.38,1904.8407595838837,13.630325507130204,0.0,0.8423653740187345,0.9821428571428571,275
spotted_hyenas,spotted_hyenas/lehmann hyena whoop traces/BRPH_SS_20100602_1821_EC_WP_07_A.wav,6,pyin,234.38,1199.7337727915246,9.733772791524295,0.0,0.9685118898805151,0.5321428571428571,149
spotted_hyenas,spotted_hyenas/lehmann hyena whoop traces/BRPH_SS_20101210_0723_SC_WP_03_K.wav,0,comb,285.16,912.0602850065999,295.49539215620007,0.0,0.13503065313614798,1.0,255
spotted_hyenas,spotted_hyenas/lehmann hyena whoop traces/BRPH_SS_20101210_0723_SC_WP_03_K.wav,0,comb_noexempt,285.16,716.3906976313743,483.6093023686257,0.0,0.7469242010303665,1.0,255
spotted_hyenas,spotted_hyenas/lehmann hyena whoop traces/BRPH_SS_20101210_0723_SC_WP_03_K.wav,0,pyin,285.16,1194.952061477099,10.974988677168865,0.0,0.9938050794239723,0.984313725490196,251
spotted_hyenas,spotted_hyenas/lehmann hyena whoop traces/BRPH_SS_20101210_0723_SC_WP_03_K.wav,2,comb,285.16,1609.915230615313,218.1174520751819,0.0,-0.0732816070977896,1.0,255
spotted_hyenas,spotted_hyenas/lehmann hyena whoop traces/BRPH_SS_20101210_0723_SC_WP_03_K.wav,2,comb_noexempt,285.16,1641.783328950348,235.67714745828567,0.0,0.3528766324595466,1.0,255
spotted_hyenas,spotted_hyenas/lehmann hyena whoop traces/BRPH_SS_20101210_0723_SC_WP_03_K.wav,2,pyin,285.16,1664.7778566960958,225.97460024258083,0.0,0.38705421797862777,0.9215686274509803,235
spotted_hyenas,spotted_hyenas/lehmann hyena whoop traces/BRPH_SS_20101210_0723_SC_WP_03_K.wav,4,comb,285.16,364.41352985656795,327.03871178888744,1.0,0.6263694384901212,1.0,255
spotted_hyenas,spotted_hyenas/lehmann hyena whoop traces/BRPH_SS_20101210_0723_SC_WP_03_K.wav,4,comb_noexempt,285.16,1573.3364147787524,186.8582853392848,0.0,0.7889707077916778,0.9725490196078431,248
spotted_hyenas,spotted_hyenas/lehmann hyena whoop traces/BRPH_SS_20101210_0723_SC_WP_03_K.wav,6,comb,285.16,747.9800217273411,449.3122449167703,0.0,0.704870461796887,1.0,255
spotted_hyenas,spotted_hyenas/lehmann hyena whoop traces/BRPH_SS_20101210_0723_SC_WP_03_K.wav,6,comb_noexempt,285.16,2312.800269556693,218.78789016283514,0.0,0.8029106294165145,0.9725490196078431,248
spotted_hyenas,spotted_hyenas/lehmann hyena whoop traces/BYTE_TW bout1 call2 2017-01-03 15-59-59 P.wav,0,comb,285.16,1251.8555095359861,31.842751803705024,0.0,0.856987804015735,1.0,119
spotted_hyenas,spotted_hyenas/lehmann hyena whoop traces/BYTE_TW bout1 call2 2017-01-03 15-59-59 P.wav,0,comb_noexempt,285.16,13.530780276628743,13.530780276628743,1.0,0.99302418379747,1.0,119
spotted_hyenas,spotted_hyenas/lehmann hyena whoop traces/BYTE_TW bout1 call2 2017-01-03 15-59-59 P.wav,0,pyin,285.16,47.93134512332971,20.925299840446165,1.0,0.9571893313279141,0.8739495798319328,104
spotted_hyenas,spotted_hyenas/lehmann hyena whoop traces/BYTE_TW bout1 call2 2017-01-03 15-59-59 P.wav,2,comb,285.16,1258.538985447577,31.806504924758464,0.0,0.8697685964145717,1.0,119
spotted_hyenas,spotted_hyenas/lehmann hyena whoop traces/BYTE_TW bout1 call2 2017-01-03 15-59-59 P.wav,2,comb_noexempt,285.16,1910.241945168168,146.63344551410353,0.0,0.9017903370983652,0.957983193277311,114
spotted_hyenas,spotted_hyenas/lehmann hyena whoop traces/BYTE_TW bout1 call2 2017-01-03 15-59-59 P.wav,2,pyin,285.16,2179.4103341141135,210.25403193132664,0.0,-0.6361003439404533,0.3697478991596639,44
spotted_hyenas,spotted_hyenas/lehmann hyena whoop traces/BYTE_TW bout1 call2 2017-01-03 15-59-59 P.wav,4,comb,285.16,1213.2167326752856,253.5688554390123,0.0,0.932763282248288,1.0,119
spotted_hyenas,spotted_hyenas/lehmann hyena whoop traces/BYTE_TW bout1 call2 2017-01-03 15-59-59 P.wav,4,comb_noexempt,285.16,1206.2543060432702,287.2982111012789,0.0,0.9208953928673949,1.0,119
spotted_hyenas,spotted_hyenas/lehmann hyena whoop traces/BYTE_TW bout1 call2 2017-01-03 15-59-59 P.wav,6,comb,285.16,592.6129601383038,258.54154290704287,1.0,0.9262746610474423,1.0,119
spotted_hyenas,spotted_hyenas/lehmann hyena whoop traces/BYTE_TW bout1 call2 2017-01-03 15-59-59 P.wav,6,comb_noexempt,285.16,1896.0502738044088,102.74962086463502,0.0,0.807498879445165,1.0,119
spotted_hyenas,spotted_hyenas/lehmann hyena whoop traces/BYTE_TW bout3 call1 2017-01-12 23-46-54 V.wav,0,comb,230.47,8.036382391653332,8.036382391653332,1.0,0.9877681712223229,1.0,215
spotted_hyenas,spotted_hyenas/lehmann hyena whoop traces/BYTE_TW bout3 call1 2017-01-12 23-46-54 V.wav,0,comb_noexempt,230.47,8.036382391653332,8.036382391653332,1.0,0.9874711884662972,1.0,215
spotted_hyenas,spotted_hyenas/lehmann hyena whoop traces/BYTE_TW bout3 call1 2017-01-12 23-46-54 V.wav,0,pyin,230.47,9.209451865713332,9.209451865713332,1.0,0.9803335379581338,1.0,215
spotted_hyenas,spotted_hyenas/lehmann hyena whoop traces/BYTE_TW bout3 call1 2017-01-12 23-46-54 V.wav,2,comb,230.47,8.41765067006073,8.41765067006073,1.0,0.9772518466620339,1.0,215
spotted_hyenas,spotted_hyenas/lehmann hyena whoop traces/BYTE_TW bout3 call1 2017-01-12 23-46-54 V.wav,2,comb_noexempt,230.47,7.790203334529122,7.790203334529122,1.0,0.998272931553493,0.986046511627907,212
spotted_hyenas,spotted_hyenas/lehmann hyena whoop traces/BYTE_TW bout3 call1 2017-01-12 23-46-54 V.wav,2,pyin,230.47,8.3038486303081,8.3038486303081,1.0,0.9942512990593042,0.8511627906976744,183
spotted_hyenas,spotted_hyenas/lehmann hyena whoop traces/BYTE_TW bout3 call1 2017-01-12 23-46-54 V.wav,4,comb,230.47,8.58963733041544,8.58963733041544,1.0,0.9778502731513002,1.0,215
spotted_hyenas,spotted_hyenas/lehmann hyena whoop traces/BYTE_TW bout3 call1 2017-01-12 23-46-54 V.wav,4,comb_noexempt,230.47,7.805916575942606,7.805916575942606,1.0,0.9969951913406134,0.9627906976744186,207
spotted_hyenas,spotted_hyenas/lehmann hyena whoop traces/BYTE_TW bout3 call1 2017-01-12 23-46-54 V.wav,4,pyin,230.47,8.295069902718268,8.295069902718268,1.0,0.9919784312088862,0.7534883720930232,162
spotted_hyenas,spotted_hyenas/lehmann hyena whoop traces/BYTE_TW bout3 call1 2017-01-12 23-46-54 V.wav,6,comb,230.47,9.424867371927093,9.424867371927093,1.0,0.4363142578647384,1.0,215
spotted_hyenas,spotted_hyenas/lehmann hyena whoop traces/BYTE_TW bout3 call1 2017-01-12 23-46-54 V.wav,6,comb_noexempt,230.47,8.379251035157353,8.379251035157353,1.0,0.6015232604346964,0.9162790697674419,197
spotted_hyenas,spotted_hyenas/lehmann hyena whoop traces/BYTE_TW bout3 call1 2017-01-12 23-46-54 V.wav,6,pyin,230.47,9.390825585057208,9.20295133031292,1.0,-0.8761757686272363,0.8325581395348837,179
spotted_hyenas,spotted_hyenas/lehmann hyena whoop traces/BYTE_TW bout4 call6 2017-01-13 19-36-28 S.wav,0,comb,261.72,1219.0211373761917,16.115647624027183,0.0,0.876725846316203,1.0,452
spotted_hyenas,spotted_hyenas/lehmann hyena whoop traces/BYTE_TW bout4 call6 2017-01-13 19-36-28 S.wav,0,comb_noexempt,261.72,1204.2382973381814,13.485267155421656,0.0,0.9989234905552814,1.0,452
spotted_hyenas,spotted_hyenas/lehmann hyena whoop traces/BYTE_TW bout4 call6 2017-01-13 19-36-28 S.wav,0,pyin,261.72,1178.3038486303083,15.813401064546603,0.0,0.9857072613045382,0.9601769911504425,434
spotted_hyenas,spotted_hyenas/lehmann hyena whoop traces/BYTE_TW bout4 call6 2017-01-13 19-36-28 S.wav,2,comb,261.72,1215.3275402717836,22.152073260219076,0.0,0.9175894339964482,0.9690265486725663,438
spotted_hyenas,spotted_hyenas/lehmann hyena whoop traces/BYTE_TW bout4 call6 2017-01-13 19-36-28 S.wav,2,comb_noexempt,261.72,676.6629231657507,478.48663556171266,0.0,0.821184407806593,1.0,452
spotted_hyenas,spotted_hyenas/lehmann hyena whoop traces/BYTE_TW bout4 call6 2017-01-13 19-36-28 S.wav,2,pyin,261.72,1180.473252003886,14.540974612770441,0.0,0.9833171175310738,0.8694690265486725,393
spotted_hyenas,spotted_hyenas/lehmann hyena whoop traces/BYTE_TW bout4 call6 2017-01-13 19-36-28 S.wav,4,comb,261.72,1226.3122320034163,22.418355973135064,0.0,0.859339956484416,1.0,452
spotted_hyenas,spotted_hyenas/lehmann hyena whoop traces/BYTE_TW bout4 call6 2017-01-13 19-36-28 S.wav,4,comb_noexempt,261.72,1577.366568352225,227.00822388496726,0.0,0.6390242316605512,0.9690265486725663,438
spotted_hyenas,spotted_hyenas/lehmann hyena whoop traces/BYTE_TW bout4 call6 2017-01-13 19-36-28 S.wav,4,pyin,261.72,1193.6185268115007,30.81432691035682,0.0,0.1685833576286245,0.7942477876106194,359
spotted_hyenas,spotted_hyenas/lehmann hyena whoop traces/BYTE_TW bout4 call6 2017-01-13 19-36-28 S.wav,6,comb,261.72,1222.2441267622828,29.183171748337855,0.0,0.31784123765309463,1.0,452
spotted_hyenas,spotted_hyenas/lehmann hyena whoop traces/BYTE_TW bout4 call6 2017-01-13 19-36-28 S.wav,6,comb_noexempt,261.72,1880.0606209108698,13.911238253761674,0.0,0.8071102646505484,0.9646017699115044,436
spotted_hyenas,spotted_hyenas/lehmann hyena whoop traces/BYTE_TW bout4 call6 2017-01-13 19-36-28 S.wav,6,pyin,261.72,1201.8448376117917,13.189835053474694,0.0,0.9341406888919378,0.5132743362831859,232
spotted_hyenas,spotted_hyenas/lehmann hyena whoop traces/DDMA_TW_141116_2345_SC_WP_03_K.wav,0,comb,289.06,685.4276629803388,464.95993440822116,0.0,0.6793982676766589,1.0,399
spotted_hyenas,spotted_hyenas/lehmann hyena whoop traces/DDMA_TW_141116_2345_SC_WP_03_K.wav,0,comb_noexempt,289.06,692.9271319541418,491.55001895072166,0.0,0.8653320010981278,1.0,399
spotted_hyenas,spotted_hyenas/lehmann hyena whoop traces/DDMA_TW_141116_2345_SC_WP_03_K.wav,0,pyin,289.06,741.3033879893368,454.7159582864611,0.0,-0.6640637026829752,0.8045112781954887,321
spotted_hyenas,spotted_hyenas/lehmann hyena whoop traces/DDMA_TW_141116_2345_SC_WP_03_K.wav,2,comb,289.06,686.0532844950241,473.8094030468944,0.0,0.8189592370218722,1.0,399
spotted_hyenas,spotted_hyenas/lehmann hyena whoop traces/DDMA_TW_141116_2345_SC_WP_03_K.wav,2,comb_noexempt,289.06,1886.6799893070597,64.18645251851531,0.0,-0.5489629835964656,1.0,399
spotted_hyenas,spotted_hyenas/lehmann hyena whoop traces/DDMA_TW_141116_2345_SC_WP_03_K.wav,2,pyin,289.06,1915.783867281048,38.33348507595623,0.0,-0.07681786486181455,0.5614035087719298,224
spotted_hyenas,spotted_hyenas/lehmann hyena whoop traces/DDMA_TW_141116_2345_SC_WP_03_K.wav,4,comb,289.06,657.7016378027452,455.13042473419864,0.0,0.3674537815908786,1.0,399
spotted_hyenas,spotted_hyenas/lehmann hyena whoop traces/DDMA_TW_141116_2345_SC_WP_03_K.wav,4,comb_noexempt,289.06,1886.6799893070597,44.86049933250156,0.0,-0.09194529448604252,1.0,399
spotted_hyenas,spotted_hyenas/lehmann hyena whoop traces/DDMA_TW_141116_2345_SC_WP_03_K.wav,4,pyin,289.06,1614.2639474042642,287.6910534611234,0.0,-0.9384585580518033,0.017543859649122806,7
spotted_hyenas,spotted_hyenas/lehmann hyena whoop traces/DDMA_TW_141116_2345_SC_WP_03_K.wav,6,comb,289.06,648.693931051838,456.1601564858739,0.0,0.5490290847491998,1.0,399
spotted_hyenas,spotted_hyenas/lehmann hyena whoop traces/DDMA_TW_141116_2345_SC_WP_03_K.wav,6,comb_noexempt,289.06,1888.4948244844607,68.57616514174745,0.0,0.8896615780815849,1.0,399
spotted_hyenas,spotted_hyenas/lehmann hyena whoop traces/DEE-_SS_20150306_1920_SC_WP_01_P.wav,0,comb,257.81,991.9786964472653,79.54237164860741,0.0,0.18716425361207065,0.9775280898876404,87
spotted_hyenas,spotted_hyenas/lehmann hyena whoop traces/DEE-_SS_20150306_1920_SC_WP_01_P.wav,0,comb_noexempt,257.81,901.9579891714718,38.85329675218754,0.0,-0.18407801466102033,0.9662921348314607,86
spotted_hyenas,spotted_hyenas/lehmann hyena whoop traces/DEE-_SS_20150306_1920_SC_WP_01_P.wav,2,comb,257.81,1809.992949518608,185.02506144205944,0.0,0.7655306881604074,0.9775280898876404,87
spotted_hyenas,spotted_hyenas/lehmann hyena whoop traces/DEE-_SS_20150306_1920_SC_WP_01_P.wav,2,comb_noexempt,257.81,1733.351282499732,37.36368077954498,0.0,0.9552113234459919,0.9662921348314607,86
spotted_hyenas,spotted_hyenas/lehmann hyena whoop traces/DEE-_SS_20150306_1920_SC_WP_01_P.wav,2,pyin,257.81,1963.4164258506048,86.48313698652959,0.0,-0.7003700524644195,1.0,89
spotted_hyenas,spotted_hyenas/lehmann hyena whoop traces/DEE-_SS_20150306_1920_SC_WP_01_P.wav,4,comb,257.81,1806.079005724008,150.49166004460548,0.0,0.45351169073651737,0.9775280898876404,87
spotted_hyenas,spotted_hyenas/lehmann hyena whoop traces/DEE-_SS_20150306_1920_SC_WP_01_P.wav,4,comb_noexempt,257.81,1705.324862642493,139.460039003658,0.0,0.2769115920631081,0.9325842696629213,83
spotted_hyenas,spotted_hyenas/lehmann hyena whoop traces/DEE-_SS_20150306_1920_SC_WP_01_P.wav,4,pyin,257.81,2101.2161609012137,174.85206945916025,0.0,-0.6652644401787433,0.29213483146067415,26
spotted_hyenas,spotted_hyenas/lehmann hyena whoop traces/DEE-_SS_20150306_1920_SC_WP_01_P.wav,6,comb,257.81,1806.079005724008,153.7434498112189,0.0,0.4749832716990938,0.9775280898876404,87
spotted_hyenas,spotted_hyenas/lehmann hyena whoop traces/DEE-_SS_20150306_1920_SC_WP_01_P.wav,6,comb_noexempt,257.81,2198.4817807620593,120.71311355060426,0.0,0.23322130246435488,0.9775280898876404,87
spotted_hyenas,spotted_hyenas/lehmann hyena whoop traces/DEE-_SS_20150306_1920_SC_WP_01_P.wav,6,pyin,257.81,1921.696151369692,152.455333248726,0.0,0.9112373540075184,0.5168539325842697,46
spotted_hyenas,spotted_hyenas/lehmann hyena whoop traces/DORA_TW_140701_0740_SC_WP_06_A.wav,0,comb,296.88,15.486893951531952,15.486893951531952,1.0,0.8970616226513298,1.0,133
spotted_hyenas,spotted_hyenas/lehmann hyena whoop traces/DORA_TW_140701_0740_SC_WP_06_A.wav,0,comb_noexempt,296.88,10.732489444350833,10.732489444350833,1.0,0.9104239143872477,1.0,133
spotted_hyenas,spotted_hyenas/lehmann hyena whoop traces/DORA_TW_140701_0740_SC_WP_06_A.wav,0,pyin,296.88,15.130206197211802,15.130206197211802,1.0,0.9854358353530562,0.9398496240601504,125
spotted_hyenas,spotted_hyenas/lehmann hyena whoop traces/DORA_TW_140701_0740_SC_WP_06_A.wav,2,comb,296.88,16.026496588532208,16.026496588532208,1.0,0.8996747774761412,1.0,133
spotted_hyenas,spotted_hyenas/lehmann hyena whoop traces/DORA_TW_140701_0740_SC_WP_06_A.wav,2,comb_noexempt,296.88,13.129744108731538,13.129744108731538,1.0,0.8762920436821267,1.0,133
spotted_hyenas,spotted_hyenas/lehmann hyena whoop traces/DORA_TW_140701_0740_SC_WP_06_A.wav,2,pyin,296.88,16.541758953326983,16.541758953326983,1.0,0.9907371971458794,0.7518796992481203,100
spotted_hyenas,spotted_hyenas/lehmann hyena whoop traces/DORA_TW_140701_0740_SC_WP_06_A.wav,4,comb,296.88,16.35694246417819,16.35694246417819,1.0,0.8993389064087622,1.0,133
spotted_hyenas,spotted_hyenas/lehmann hyena whoop traces/DORA_TW_140701_0740_SC_WP_06_A.wav,4,comb_noexempt,296.88,1191.7660315185835,24.916744181164077,0.0,0.6657017648905209,0.9924812030075187,132
spotted_hyenas,spotted_hyenas/lehmann hyena whoop traces/DORA_TW_140701_0740_SC_WP_06_A.wav,4,pyin,296.88,1371.6118210810664,125.07000712539681,0.0,-0.5136854922291212,0.6616541353383458,88
spotted_hyenas,spotted_hyenas/lehmann hyena whoop traces/DORA_TW_140701_0740_SC_WP_06_A.wav,6,comb,296.88,142.8015576779331,119.56387066693344,1.0,0.8256320501123648,1.0,133
spotted_hyenas,spotted_hyenas/lehmann hyena whoop traces/DORA_TW_140701_0740_SC_WP_06_A.wav,6,comb_noexempt,296.88,1893.3284194604291,46.211905067137906,0.0,0.8733419081314637,0.9774436090225563,130
spotted_hyenas,spotted_hyenas/lehmann hyena whoop traces/DORA_TW_140701_0740_SC_WP_06_A.wav,6,pyin,296.88,2408.1071248617445,152.71117302464256,0.0,0.808637009500417,0.7368421052631579,98
spotted_hyenas,spotted_hyenas/lehmann hyena whoop traces/DEE-_SS_20150306_1920_SC_WP_07_A.wav,0,comb,234.38,1201.2546462516689,11.240104448642706,0.0,0.6778938064900569,0.9879725085910653,575
spotted_hyenas,spotted_hyenas/lehmann hyena whoop traces/DEE-_SS_20150306_1920_SC_WP_07_A.wav,0,comb_noexempt,234.38,1201.2886410009955,11.170864888761557,0.0,0.6964091949067,0.9690721649484536,564
spotted_hyenas,spotted_hyenas/lehmann hyena whoop traces/DEE-_SS_20150306_1920_SC_WP_07_A.wav,0,pyin,234.38,1197.4942075850813,10.266227208475758,0.0,0.8887087646524986,0.9742268041237113,567
spotted_hyenas,spotted_hyenas/lehmann hyena whoop traces/DEE-_SS_20150306_1920_SC_WP_07_A.wav,2,comb,234.38,1200.8944909081379,11.170864888761557,0.0,-0.07264122766228419,0.9759450171821306,568
spotted_hyenas,spotted_hyenas/lehmann hyena whoop traces/DEE-_SS_20150306_1920_SC_WP_07_A.wav,2,comb_noexempt,234.38,1200.1961629509105,9.303304854559245,0.0,0.5608148163603038,0.9089347079037801,529
spotted_hyenas,spotted_hyenas/lehmann hyena whoop traces/DEE-_SS_20150306_1920_SC_WP_07_A.wav,2,pyin,234.38,1198.3038486303078,10.60209615892962,0.0,0.7267098236316455,0.9896907216494846,576
spotted_hyenas,spotted_hyenas/lehmann hyena whoop traces/DEE-_SS_20150306_1920_SC_WP_07_A.wav,4,comb,234.38,1200.4435162085933,12.009189060121333,0.0,-0.06692155628698838,0.9879725085910653,575
spotted_hyenas,spotted_hyenas/lehmann hyena whoop traces/DEE-_SS_20150306_1920_SC_WP_07_A.wav,4,comb_noexempt,234.38,1199.4290335049636,9.254929126910225,0.0,0.9827783226415963,0.8470790378006873,493
spotted_hyenas,spotted_hyenas/lehmann hyena whoop traces/DEE-_SS_20150306_1920_SC_WP_07_A.wav,4,pyin,234.38,1200.6091744149428,9.390825585057208,0.0,0.9473454750063437,0.6701030927835051,390
spotted_hyenas,spotted_hyenas/lehmann hyena whoop traces/DEE-_SS_20150306_1920_SC_WP_07_A.wav,6,comb,234.38,1201.0622957520065,11.950978333559094,0.0,0.7053210377095965,0.9810996563573883,571
spotted_hyenas,spotted_hyenas/lehmann hyena whoop traces/DEE-_SS_20150306_1920_SC_WP_07_A.wav,6,comb_noexempt,234.38,1200.1431759485833,8.98623898643413,0.0,0.9737982209115881,0.7852233676975945,457
spotted_hyenas,spotted_hyenas/lehmann hyena whoop traces/DEE-_SS_20150306_1920_SC_WP_07_A.wav,6,pyin,234.38,1199.7337727915246,9.733772791524295,0.0,0.937597154414503,0.5756013745704467,335
spotted_hyenas,spotted_hyenas/lehmann hyena whoop traces/FAY-_TW bout1 call1 2017-01-04 21-24-13 P.wav,0,comb,324.22,766.5179113293873,221.9742475552112,0.0,0.8311173147196411,1.0,108
spotted_hyenas,spotted_hyenas/lehmann hyena whoop traces/FAY-_TW bout1 call1 2017-01-04 21-24-13 P.wav,0,comb_noexempt,324.22,732.0720628182276,133.59747161286361,0.0,0.8870954789225417,1.0,108
spotted_hyenas,spotted_hyenas/lehmann hyena whoop traces/FAY-_TW bout1 call1 2017-01-04 21-24-13 P.wav,0,pyin,324.22,35.75666906488679,35.75666906488679,1.0,0.9859211238290885,1.0,108
spotted_hyenas,spotted_hyenas/lehmann hyena whoop traces/FAY-_TW bout1 call1 2017-01-04 21-24-13 P.wav,2,comb,324.22,732.0720628182276,221.9742475552112,0.0,0.8428157313480069,1.0,108
spotted_hyenas,spotted_hyenas/lehmann hyena whoop traces/FAY-_TW bout1 call1 2017-01-04 21-24-13 P.wav,2,comb_noexempt,324.22,1918.7808784046206,59.36448836981274,0.0,0.5429232196196196,1.0,108
spotted_hyenas,spotted_hyenas/lehmann hyena whoop traces/FAY-_TW bout1 call1 2017-01-04 21-24-13 P.wav,2,pyin,324.22,2108.101463187538,184.16475757357495,0.0,0.2114184277260609,0.8333333333333334,90
spotted_hyenas,spotted_hyenas/lehmann hyena whoop traces/FAY-_TW bout1 call1 2017-01-04 21-24-13 P.wav,4,comb,324.22,1271.9955234266608,121.43312299611011,0.0,-0.8735778271596062,1.0,108
spotted_hyenas,spotted_hyenas/lehmann hyena whoop traces/FAY-_TW bout1 call1 2017-01-04 21-24-13 P.wav,4,comb_noexempt,324.22,1427.3807195137813,134.00472314252593,0.0,-0.7605822297690822,0.9722222222222222,105
spotted_hyenas,spotted_hyenas/lehmann hyena whoop traces/FAY-_TW bout1 call1 2017-01-04 21-24-13 P.wav,6,comb,324.22,1273.301531674992,119.73897633015612,0.0,-0.8456132789384957,1.0,108
spotted_hyenas,spotted_hyenas/lehmann hyena whoop traces/FAY-_TW bout1 call1 2017-01-04 21-24-13 P.wav,6,comb_noexempt,324.22,2177.422548227528,202.4797060926662,0.0,-0.833329001470797,1.0,108
spotted_hyenas,spotted_hyenas/lehmann hyena whoop traces/FAY-_TW bout1 call1 2017-01-04 21-24-13 P.wav,6,pyin,324.22,1214.2066283377128,54.739516960091585,0.0,0.859607023575791,0.09259259259259259,10
spotted_hyenas,spotted_hyenas/lehmann hyena whoop traces/DORA_TW_140701_0740_SC_WP_11_A.wav,0,comb,300.78,8.832681344827918,8.832681344827918,1.0,0.9323414109363394,1.0,253
spotted_hyenas,spotted_hyenas/lehmann hyena whoop traces/DORA_TW_140701_0740_SC_WP_11_A.wav,0,comb_noexempt,300.78,7.655752398432672,7.655752398432672,1.0,0.9397652358956525,0.9723320158102767,246
spotted_hyenas,spotted_hyenas/lehmann hyena whoop traces/DORA_TW_140701_0740_SC_WP_11_A.wav,0,pyin,300.78,8.43522045777206,8.43522045777206,1.0,0.9865730547413605,0.9683794466403162,245
spotted_hyenas,spotted_hyenas/lehmann hyena whoop traces/DORA_TW_140701_0740_SC_WP_11_A.wav,2,comb,300.78,8.258883866715651,8.258883866715651,1.0,0.90773324079735,1.0,253
spotted_hyenas,spotted_hyenas/lehmann hyena whoop traces/DORA_TW_140701_0740_SC_WP_11_A.wav,2,comb_noexempt,300.78,7.480371489190992,7.480371489190992,1.0,0.9112005014039218,0.9011857707509882,228
spotted_hyenas,spotted_hyenas/lehmann hyena whoop traces/DORA_TW_140701_0740_SC_WP_11_A.wav,2,pyin,300.78,6.810917573332183,6.810917573332183,1.0,0.9985144160038422,0.6521739130434783,165
spotted_hyenas,spotted_hyenas/lehmann hyena whoop traces/DORA_TW_140701_0740_SC_WP_11_A.wav,4,comb,300.78,8.96569675777467,8.96569675777467,1.0,0.909080187487441,1.0,253
spotted_hyenas,spotted_hyenas/lehmann hyena whoop traces/DORA_TW_140701_0740_SC_WP_11_A.wav,4,comb_noexempt,300.78,7.47158822477831,7.47158822477831,1.0,0.8928386220033441,0.8656126482213439,219
spotted_hyenas,spotted_hyenas/lehmann hyena whoop traces/DORA_TW_140701_0740_SC_WP_11_A.wav,4,pyin,300.78,6.449244532232974,6.449244532232974,1.0,0.9988852139666726,0.616600790513834,156
spotted_hyenas,spotted_hyenas/lehmann hyena whoop traces/DORA_TW_140701_0740_SC_WP_11_A.wav,6,comb,300.78,9.120140963606543,9.120140963606543,1.0,0.8853565544213348,1.0,253
spotted_hyenas,spotted_hyenas/lehmann hyena whoop traces/DORA_TW_140701_0740_SC_WP_11_A.wav,6,comb_noexempt,300.78,7.444356393873736,7.444356393873736,1.0,0.9120027551537678,0.8616600790513834,218
spotted_hyenas,spotted_hyenas/lehmann hyena whoop traces/DORA_TW_140701_0740_SC_WP_11_A.wav,6,pyin,300.78,1203.485351879334,8.529220649310583,1.0,0.8176715403407222,0.6758893280632411,171
spotted_hyenas,spotted_hyenas/lehmann hyena whoop traces/FAY-_TW bout2 call5 2017-01-04 21-35-32 A.wav,0,comb,308.59,16.45415465826775,16.45415465826775,1.0,0.8117301099876828,1.0,254
spotted_hyenas,spotted_hyenas/lehmann hyena whoop traces/FAY-_TW bout2 call5 2017-01-04 21-35-32 A.wav,0,comb_noexempt,308.59,16.56928994025275,16.56928994025275,1.0,0.9331858880185693,0.968503937007874,246
spotted_hyenas,spotted_hyenas/lehmann hyena whoop traces/FAY-_TW bout2 call5 2017-01-04 21-35-32 A.wav,0,pyin,308.59,36.064771201210846,17.817348113602662,1.0,0.9394808127571641,0.9251968503937008,235
spotted_hyenas,spotted_hyenas/lehmann hyena whoop traces/FAY-_TW bout2 call5 2017-01-04 21-35-32 A.wav,2,comb,308.59,740.4289915429706,248.2458233265158,0.0,0.9042319649759769,1.0,254
spotted_hyenas,spotted_hyenas/lehmann hyena whoop traces/FAY-_TW bout2 call5 2017-01-04 21-35-32 A.wav,2,comb_noexempt,308.59,942.0488224924918,174.0516778012778,0.0,0.9009185968140143,0.984251968503937,250
spotted_hyenas,spotted_hyenas/lehmann hyena whoop traces/FAY-_TW bout2 call5 2017-01-04 21-35-32 A.wav,2,pyin,308.59,1188.0517406415756,9.823485472946981,0.0,0.8594284516734303,0.7401574803149606,188
spotted_hyenas,spotted_hyenas/lehmann hyena whoop traces/FAY-_TW bout2 call5 2017-01-04 21-35-32 A.wav,4,comb,308.59,727.5666732474156,262.451380883375,0.0,0.8789521391333825,1.0,254
spotted_hyenas,spotted_hyenas/lehmann hyena whoop traces/FAY-_TW bout2 call5 2017-01-04 21-35-32 A.wav,4,comb_noexempt,308.59,1575.9219234475236,17.76131488827415,0.0,-0.1769754715427564,1.0,254
spotted_hyenas,spotted_hyenas/lehmann hyena whoop traces/FAY-_TW bout2 call5 2017-01-04 21-35-32 A.wav,4,pyin,308.59,1191.428125462202,12.182651886397084,0.0,0.9711696026955311,0.5748031496062992,146
spotted_hyenas,spotted_hyenas/lehmann hyena whoop traces/FAY-_TW bout2 call5 2017-01-04 21-35-32 A.wav,6,comb,308.59,749.1031895500322,240.92469001307657,0.0,0.8803247831556171,1.0,254
spotted_hyenas,spotted_hyenas/lehmann hyena whoop traces/FAY-_TW bout2 call5 2017-01-04 21-35-32 A.wav,6,comb_noexempt,308.59,1923.6722071127954,66.20270564729698,0.0,0.8731735659382702,0.937007874015748,238
spotted_hyenas,spotted_hyenas/lehmann hyena whoop traces/FAY-_TW bout4 call4 2017-01-05 17-43-51 T.wav,0,comb,203.12,10.370711860511852,10.370711860511852,1.0,0.9579378254011609,1.0,507
spotted_hyenas,spotted_hyenas/lehmann hyena whoop traces/FAY-_TW bout4 call4 2017-01-05 17-43-51 T.wav,0,comb_noexempt,203.12,10.190767149537352,10.190767149537352,1.0,0.9908289919680522,1.0,507
spotted_hyenas,spotted_hyenas/lehmann hyena whoop traces/FAY-_TW bout4 call4 2017-01-05 17-43-51 T.wav,0,pyin,203.12,9.029563524668609,9.029563524668609,1.0,0.9938708468457145,0.9940828402366864,504
spotted_hyenas,spotted_hyenas/lehmann hyena whoop traces/FAY-_TW bout4 call4 2017-01-05 17-43-51 T.wav,2,comb,203.12,10.58395085337335,10.58395085337335,1.0,0.9528582592568998,1.0,507
spotted_hyenas,spotted_hyenas/lehmann hyena whoop traces/FAY-_TW bout4 call4 2017-01-05 17-43-51 T.wav,2,comb_noexempt,203.12,10.190767149537352,10.190767149537352,1.0,0.9813419274812767,1.0,507
spotted_hyenas,spotted_hyenas/lehmann hyena whoop traces/FAY-_TW bout4 call4 2017-01-05 17-43-51 T.wav,2,pyin,203.12,8.888285343870495,8.888285343870495,1.0,0.9940923902476034,0.9842209072978304,499
spotted_hyenas,spotted_hyenas/lehmann hyena whoop traces/FAY-_TW bout4 call4 2017-01-05 17-43-51 T.wav,4,comb,203.12,11.400095149992087,11.400095149992087,1.0,0.9461545845791457,1.0,507
spotted_hyenas,spotted_hyenas/lehmann hyena whoop traces/FAY-_TW bout4 call4 2017-01-05 17-43-51 T.wav,4,comb_noexempt,203.12,9.912129959779174,9.912129959779174,1.0,0.9888196918517224,0.9822485207100592,498
spotted_hyenas,spotted_hyenas/lehmann hyena whoop traces/FAY-_TW bout4 call4 2017-01-05 17-43-51 T.wav,4,pyin,203.12,11.897099188706688,11.897099188706688,1.0,-0.8355385925330593,0.7712031558185405,391
spotted_hyenas,spotted_hyenas/lehmann hyena whoop traces/FAY-_TW bout4 call4 2017-01-05 17-43-51 T.wav,6,comb,203.12,11.236841825982989,11.236841825982989,1.0,0.9434450775985657,1.0,507
spotted_hyenas,spotted_hyenas/lehmann hyena whoop traces/FAY-_TW bout4 call4 2017-01-05 17-43-51 T.wav,6,comb_noexempt,203.12,9.721310545126627,9.721310545126627,1.0,0.9954785815064245,0.9664694280078896,490
spotted_hyenas,spotted_hyenas/lehmann hyena whoop traces/FAY-_TW bout4 call4 2017-01-05 17-43-51 T.wav,6,pyin,203.12,6.307374004661386,6.307374004661386,1.0,0.9624258434340847,0.2938856015779093,149
spotted_hyenas,spotted_hyenas/lehmann hyena whoop traces/GRIM_SS_100423_0907_EC_WP_04_S.wav,0,comb,296.88,1199.3899156400978,7.810199087354513,0.0,0.9991521130928561,0.9830028328611898,347
spotted_hyenas,spotted_hyenas/lehmann hyena whoop traces/GRIM_SS_100423_0907_EC_WP_04_S.wav,0,comb_noexempt,296.88,1199.3899156400978,7.810199087354513,0.0,0.9991521130928561,0.9830028328611898,347
spotted_hyenas,spotted_hyenas/lehmann hyena whoop traces/GRIM_SS_100423_0907_EC_WP_04_S.wav,0,pyin,296.88,1196.851125641676,7.673083493585172,0.0,0.9993261347479493,0.9943342776203966,351
spotted_hyenas,spotted_hyenas/lehmann hyena whoop traces/GRIM_SS_100423_0907_EC_WP_04_S.wav,2,comb,296.88,1199.1449147764342,7.3942698090573975,0.0,0.9992444196943193,0.9915014164305949,350
spotted_hyenas,spotted_hyenas/lehmann hyena whoop traces/GRIM_SS_100423_0907_EC_WP_04_S.wav,2,comb_noexempt,296.88,1199.1449147764342,7.320526661081799,0.0,0.9992307311140778,0.9773371104815864,345
spotted_hyenas,spotted_hyenas/lehmann hyena whoop traces/GRIM_SS_100423_0907_EC_WP_04_S.wav,2,pyin,296.88,1197.3335717495672,7.753003518923018,0.0,0.23225713560740846,0.8385269121813032,296
spotted_hyenas,spotted_hyenas/lehmann hyena whoop traces/GRIM_SS_100423_0907_EC_WP_04_S.wav,4,comb,296.88,1195.6524384252589,8.68297281276555,0.0,0.08047489782993274,0.9915014164305949,350
spotted_hyenas,spotted_hyenas/lehmann hyena whoop traces/GRIM_SS_100423_0907_EC_WP_04_S.wav,4,comb_noexempt,296.88,1196.558841343413,8.004399906284434,0.0,0.00016390198740433493,0.9716713881019831,343
spotted_hyenas,spotted_hyenas/lehmann hyena whoop traces/GRIM_SS_100423_0907_EC_WP_04_S.wav,4,pyin,296.88,1198.511981127882,8.360469983642934,0.0,-0.06410024420141007,0.7592067988668555,268
spotted_hyenas,spotted_hyenas/lehmann hyena whoop traces/GRIM_SS_100423_0907_EC_WP_04_S.wav,6,comb,296.88,1195.624626710954,8.248032960039922,0.0,0.07440656727620501,0.9915014164305949,350
spotted_hyenas,spotted_hyenas/lehmann hyena whoop traces/GRIM_SS_100423_0907_EC_WP_04_S.wav,6,comb_noexempt,296.88,1197.0256186845072,7.618763340983307,0.0,-0.028987095379906843,0.8640226628895185,305
spotted_hyenas,spotted_hyenas/lehmann hyena whoop traces/GRIM_SS_100423_0907_EC_WP_04_S.wav,6,pyin,296.88,1199.6323480905144,7.041285340993256,0.0,0.9984954320317264,0.5977337110481586,211
spotted_hyenas,spotted_hyenas/lehmann hyena whoop traces/HIGS_HZ_150311_----_EC_WP_05_A.wav,0,comb,386.72,151.5474510900754,47.49010778947393,1.0,0.5671029478910865,0.986784140969163,224
spotted_hyenas,spotted_hyenas/lehmann hyena whoop traces/HIGS_HZ_150311_----_EC_WP_05_A.wav,0,comb_noexempt,386.72,7.3867606960395245,7.3867606960395245,1.0,0.9928073924151003,0.986784140969163,224
spotted_hyenas,spotted_hyenas/lehmann hyena whoop traces/HIGS_HZ_150311_----_EC_WP_05_A.wav,0,pyin,386.72,27.29683987075892,27.29683987075892,1.0,0.9461855397252227,0.9295154185022027,211
spotted_hyenas,spotted_hyenas/lehmann hyena whoop traces/HIGS_HZ_150311_----_EC_WP_05_A.wav,2,comb,386.72,124.34567811965726,58.062988057279085,1.0,0.8640954897483595,0.986784140969163,224
spotted_hyenas,spotted_hyenas/lehmann hyena whoop traces/HIGS_HZ_150311_----_EC_WP_05_A.wav,2,comb_noexempt,386.72,7.279696975995876,7.279696975995876,1.0,0.99201378786572,0.9823788546255506,223
spotted_hyenas,spotted_hyenas/lehmann hyena whoop traces/HIGS_HZ_150311_----_EC_WP_05_A.wav,2,pyin,386.72,16.57266597290829,16.57266597290829,1.0,0.9985053913981591,0.3700440528634361,84
spotted_hyenas,spotted_hyenas/lehmann hyena whoop traces/HIGS_HZ_150311_----_EC_WP_05_A.wav,4,comb,386.72,146.4279938852614,30.583096216612407,1.0,0.7816633686998649,0.986784140969163,224
spotted_hyenas,spotted_hyenas/lehmann hyena whoop traces/HIGS_HZ_150311_----_EC_WP_05_A.wav,4,comb_noexempt,386.72,1183.5207816483905,20.437610339966575,0.0,0.7907767371588523,0.9427312775330396,214
spotted_hyenas,spotted_hyenas/lehmann hyena whoop traces/HIGS_HZ_150311_----_EC_WP_05_A.wav,6,comb,386.72,170.20755689815513,56.310988323823196,1.0,0.5643972908589138,0.986784140969163,224
spotted_hyenas,spotted_hyenas/lehmann hyena whoop traces/HIGS_HZ_150311_----_EC_WP_05_A.wav,6,comb_noexempt,386.72,1189.8752775740977,20.436161623177412,0.0,0.7746685692589728,0.9295154185022027,211
spotted_hyenas,spotted_hyenas/lehmann hyena whoop traces/HRPY_TW_140708_0625_SC_WP_04_K.wav,0,comb,343.75,21.052416003525188,21.052416003525188,1.0,0.8172751652409315,1.0,354
spotted_hyenas,spotted_hyenas/lehmann hyena whoop traces/HRPY_TW_140708_0625_SC_WP_04_K.wav,0,comb_noexempt,343.75,16.07253213719301,16.07253213719301,1.0,0.9517096951497805,0.9915254237288136,351
spotted_hyenas,spotted_hyenas/lehmann hyena whoop traces/HRPY_TW_140708_0625_SC_WP_04_K.wav,0,pyin,343.75,47.834533799349245,13.64905327914585,1.0,0.9096522607454391,0.9067796610169492,321
spotted_hyenas,spotted_hyenas/lehmann hyena whoop traces/HRPY_TW_140708_0625_SC_WP_04_K.wav,2,comb,343.75,21.453968331428314,21.453968331428314,1.0,0.9140471741684553,1.0,354
spotted_hyenas,spotted_hyenas/lehmann hyena whoop traces/HRPY_TW_140708_0625_SC_WP_04_K.wav,2,comb_noexempt,343.75,19.08217740859555,19.08217740859555,1.0,0.8815517974832069,0.9830508474576272,348
spotted_hyenas,spotted_hyenas/lehmann hyena whoop traces/HRPY_TW_140708_0625_SC_WP_04_K.wav,2,pyin,343.75,1947.3092687718329,27.49059788407986,1.0,-0.86485516545887,0.5338983050847458,189
spotted_hyenas,spotted_hyenas/lehmann hyena whoop traces/HRPY_TW_140708_0625_SC_WP_04_K.wav,4,comb,343.75,21.158252804105743,21.158252804105743,1.0,0.8212195650227199,1.0,354
spotted_hyenas,spotted_hyenas/lehmann hyena whoop traces/HRPY_TW_140708_0625_SC_WP_04_K.wav,4,comb_noexempt,343.75,1620.5050596961137,71.66762890203145,0.0,0.6613678205773669,0.9858757062146892,349
spotted_hyenas,spotted_hyenas/lehmann hyena whoop traces/HRPY_TW_140708_0625_SC_WP_04_K.wav,4,pyin,343.75,1334.9942773357236,117.25134867727849,0.0,0.4474743641884584,0.3502824858757062,124
spotted_hyenas,spotted_hyenas/lehmann hyena whoop traces/HRPY_TW_140708_0625_SC_WP_04_K.wav,6,comb,343.75,432.29663951839905,377.2557968991415,1.0,0.7674908966071264,1.0,354
spotted_hyenas,spotted_hyenas/lehmann hyena whoop traces/HRPY_TW_140708_0625_SC_WP_04_K.wav,6,comb_noexempt,343.75,1603.072581786284,135.17781566980605,0.0,0.7078861991355752,0.9689265536723164,343
spotted_hyenas,spotted_hyenas/lehmann hyena whoop traces/HRPY_TW_140708_0625_SC_WP_04_K.wav,6,pyin,343.75,2265.9490830152017,134.0509169847982,0.0,0.9177122674430224,0.0423728813559322,15
spotted_hyenas,spotted_hyenas/lehmann hyena whoop traces/ISTA_HZ_150109_1905_SC_WP_05_S.wav,0,comb,339.84,19.907700686715465,19.907700686715465,1.0,0.48893046138313584,0.996031746031746,502
spotted_hyenas,spotted_hyenas/lehmann hyena whoop traces/ISTA_HZ_150109_1905_SC_WP_05_S.wav,0,comb_noexempt,339.84,16.406207837738833,16.406207837738833,1.0,0.7500607138014217,0.9325396825396826,470
spotted_hyenas,spotted_hyenas/lehmann hyena whoop traces/ISTA_HZ_150109_1905_SC_WP_05_S.wav,0,pyin,339.84,9.387480090866058,9.387480090866058,1.0,0.5030758176606476,0.9662698412698413,487
spotted_hyenas,spotted_hyenas/lehmann hyena whoop traces/ISTA_HZ_150109_1905_SC_WP_05_S.wav,2,comb,339.84,708.5602429923478,453.4708028528951,0.0,-0.03846534454783061,0.996031746031746,502
spotted_hyenas,spotted_hyenas/lehmann hyena whoop traces/ISTA_HZ_150109_1905_SC_WP_05_S.wav,2,comb_noexempt,339.84,1908.094146686672,29.62280858888287,0.0,0.17015531681948554,0.996031746031746,502
spotted_hyenas,spotted_hyenas/lehmann hyena whoop traces/ISTA_HZ_150109_1905_SC_WP_05_S.wav,2,pyin,339.84,1953.8055892955315,98.99246472381651,0.0,0.1078116256200605,0.9305555555555556,469
spotted_hyenas,spotted_hyenas/lehmann hyena whoop traces/ISTA_HZ_150109_1905_SC_WP_05_S.wav,4,comb,339.84,1398.787991736082,161.74655204445358,0.0,-0.0534523329631432,0.996031746031746,502
spotted_hyenas,spotted_hyenas/lehmann hyena whoop traces/ISTA_HZ_150109_1905_SC_WP_05_S.wav,4,comb_noexempt,339.84,1910.143554984292,31.531483162047927,0.0,0.17805482844354814,0.996031746031746,502
spotted_hyenas,spotted_hyenas/lehmann hyena whoop traces/ISTA_HZ_150109_1905_SC_WP_05_S.wav,4,pyin,339.84,1942.2071754012607,90.8666164395662,0.0,0.1232615230591661,1.0,504
spotted_hyenas,spotted_hyenas/lehmann hyena whoop traces/ISTA_HZ_150109_1905_SC_WP_05_S.wav,6,comb,339.84,1509.4385001631008,246.00501826741197,0.0,0.4332823387163113,0.996031746031746,502
spotted_hyenas,spotted_hyenas/lehmann hyena whoop traces/ISTA_HZ_150109_1905_SC_WP_05_S.wav,6,comb_noexempt,339.84,1923.5147901141236,79.0831229325394,0.0,0.06475646985538767,0.996031746031746,502
spotted_hyenas,spotted_hyenas/lehmann hyena whoop traces/ISTA_HZ_150109_1905_SC_WP_05_S.wav,6,pyin,339.84,2058.150794739153,165.0862844756066,0.0,-0.14553579439081366,0.8928571428571429,450
spotted_hyenas,spotted_hyenas/lehmann hyena whoop traces/ISTA_HZ_150316_1939_SC_WP_03_A.wav,0,comb,347.66,1200.668345467193,12.077829891527104,0.0,0.9637839125327871,1.0,308
spotted_hyenas,spotted_hyenas/lehmann hyena whoop traces/ISTA_HZ_150316_1939_SC_WP_03_A.wav,0,comb_noexempt,347.66,1198.5808008137392,10.043746934967372,0.0,0.9636828218322342,0.987012987012987,304
spotted_hyenas,spotted_hyenas/lehmann hyena whoop traces/ISTA_HZ_150316_1939_SC_WP_03_A.wav,0,pyin,347.66,8.601473170081976,8.601473170081976,1.0,0.9882852030706248,1.0,308
spotted_hyenas,spotted_hyenas/lehmann hyena whoop traces/ISTA_HZ_150316_1939_SC_WP_03_A.wav,2,comb,347.66,1202.853754498739,11.929473407340776,0.0,0.9585148689090557,1.0,308
spotted_hyenas,spotted_hyenas/lehmann hyena whoop traces/ISTA_HZ_150316_1939_SC_WP_03_A.wav,2,comb_noexempt,347.66,10.214863681590147,10.132723347390378,1.0,0.8207549538327941,0.9935064935064936,306
spotted_hyenas,spotted_hyenas/lehmann hyena whoop traces/ISTA_HZ_150316_1939_SC_WP_03_A.wav,2,pyin,347.66,1009.3642814552766,7.673083493585172,0.0,0.9319271054130409,0.8084415584415584,249
spotted_hyenas,spotted_hyenas/lehmann hyena whoop traces/ISTA_HZ_150316_1939_SC_WP_03_A.wav,4,comb,347.66,1206.27242451081,11.407031694574705,0.0,0.14264296553376674,1.0,308
spotted_hyenas,spotted_hyenas/lehmann hyena whoop traces/ISTA_HZ_150316_1939_SC_WP_03_A.wav,4,comb_noexempt,347.66,9.902425361973233,9.83140630580479,1.0,0.6726907941413905,0.9415584415584416,290
spotted_hyenas,spotted_hyenas/lehmann hyena whoop traces/ISTA_HZ_150316_1939_SC_WP_03_A.wav,4,pyin,347.66,1187.4038267418437,7.309268771832904,0.0,0.9423842561590354,0.7922077922077922,244
spotted_hyenas,spotted_hyenas/lehmann hyena whoop traces/ISTA_HZ_150316_1939_SC_WP_03_A.wav,6,comb,347.66,1206.294065885861,12.55259580487826,0.0,-0.033233538122733046,1.0,308
spotted_hyenas,spotted_hyenas/lehmann hyena whoop traces/ISTA_HZ_150316_1939_SC_WP_03_A.wav,6,comb_noexempt,347.66,1898.6060393364135,9.128801831968019,0.0,0.7654425995888665,0.9512987012987013,293
spotted_hyenas,spotted_hyenas/lehmann hyena whoop traces/ISTA_HZ_150316_1939_SC_WP_03_A.wav,6,pyin,347.66,1200.7877815459303,3.852116360336568,0.0,0.9905532654991827,0.32792207792207795,101
spotted_hyenas,spotted_hyenas/lehmann hyena whoop traces/ISTA_HZ_150324_0652_SC_WP_05_A.wav,0,comb,339.84,1201.9132995547473,9.712791104608531,0.0,0.9129643247001398,0.99079754601227,323
spotted_hyenas,spotted_hyenas/lehmann hyena whoop traces/ISTA_HZ_150324_0652_SC_WP_05_A.wav,0,comb_noexempt,339.84,1198.7308626334911,8.250661363690336,0.0,0.9447786846445776,0.941717791411043,307
spotted_hyenas,spotted_hyenas/lehmann hyena whoop traces/ISTA_HZ_150324_0652_SC_WP_05_A.wav,0,pyin,339.84,7.817348113602908,7.817348113602908,1.0,0.9901310027809807,0.9938650306748467,324
spotted_hyenas,spotted_hyenas/lehmann hyena whoop traces/ISTA_HZ_150324_0652_SC_WP_05_A.wav,2,comb,339.84,1200.5140652786376,8.661274171322944,0.0,0.9146942046821949,1.0,326
spotted_hyenas,spotted_hyenas/lehmann hyena whoop traces/ISTA_HZ_150324_0652_SC_WP_05_A.wav,2,comb_noexempt,339.84,1195.138365598671,7.640245565657863,0.0,0.2204734051469398,0.9447852760736196,308
spotted_hyenas,spotted_hyenas/lehmann hyena whoop traces/ISTA_HZ_150324_0652_SC_WP_05_A.wav,2,pyin,339.84,1191.8149279978843,7.817348113602908,0.0,0.9055636921640575,0.8865030674846626,289
spotted_hyenas,spotted_hyenas/lehmann hyena whoop traces/ISTA_HZ_150324_0652_SC_WP_05_A.wav,4,comb,339.84,1199.8442948050779,9.916527160324598,0.0,0.9111668057940071,0.9938650306748467,324
spotted_hyenas,spotted_hyenas/lehmann hyena whoop traces/ISTA_HZ_150324_0652_SC_WP_05_A.wav,4,comb_noexempt,339.84,1190.9280458248634,8.250661363690336,0.0,0.3089093552693827,0.9386503067484663,306
spotted_hyenas,spotted_hyenas/lehmann hyena whoop traces/ISTA_HZ_150324_0652_SC_WP_05_A.wav,4,pyin,339.84,1192.9412171030121,7.05878289698794,0.0,-0.6510513772712746,0.6134969325153374,200
spotted_hyenas,spotted_hyenas/lehmann hyena whoop traces/ISTA_HZ_150324_0652_SC_WP_05_A.wav,6,comb,339.84,1202.020789678309,10.080584732195259,0.0,-0.3937239908464744,1.0,326
spotted_hyenas,spotted_hyenas/lehmann hyena whoop traces/ISTA_HZ_150324_0652_SC_WP_05_A.wav,6,comb_noexempt,339.84,7.966870808824833,7.966870808824833,1.0,0.927254945279643,0.9079754601226994,296
spotted_hyenas,spotted_hyenas/lehmann hyena whoop traces/ISTA_HZ_150324_0652_SC_WP_05_A.wav,6,pyin,339.84,1192.9412171030121,7.05878289698794,0.0,-0.6360442201267285,0.5950920245398773,194
spotted_hyenas,spotted_hyenas/lehmann hyena whoop traces/ISTA_HZ_150324_0716_SC_WP_03_A.wav,0,comb,335.94,9.577490851001995,9.577490851001995,1.0,0.7440458309079839,0.9858490566037735,209
spotted_hyenas,spotted_hyenas/lehmann hyena whoop traces/ISTA_HZ_150324_0716_SC_WP_03_A.wav,0,comb_noexempt,335.94,7.966870808824833,7.966870808824833,1.0,0.8029867627671824,0.9292452830188679,197
spotted_hyenas,spotted_hyenas/lehmann hyena whoop traces/ISTA_HZ_150324_0716_SC_WP_03_A.wav,0,pyin,335.94,13.01724812028231,13.01724812028231,1.0,0.9838881841194899,0.9481132075471698,201
spotted_hyenas,spotted_hyenas/lehmann hyena whoop traces/ISTA_HZ_150324_0716_SC_WP_03_A.wav,2,comb,335.94,9.705225674362774,9.32552919618584,1.0,0.6621752963750689,0.9858490566037735,209
spotted_hyenas,spotted_hyenas/lehmann hyena whoop traces/ISTA_HZ_150324_0716_SC_WP_03_A.wav,2,comb_noexempt,335.94,7.638028813059353,7.638028813059353,1.0,0.823630097327783,0.9150943396226415,194
spotted_hyenas,spotted_hyenas/lehmann hyena whoop traces/ISTA_HZ_150324_0716_SC_WP_03_A.wav,2,pyin,335.94,19.131821131084955,18.350555334145106,1.0,0.46907618047898153,0.7216981132075472,153
spotted_hyenas,spotted_hyenas/lehmann hyena whoop traces/ISTA_HZ_150324_0716_SC_WP_03_A.wav,4,comb,335.94,9.714418895502927,9.596274554856638,1.0,0.6898669566068243,0.9858490566037735,209
spotted_hyenas,spotted_hyenas/lehmann hyena whoop traces/ISTA_HZ_150324_0716_SC_WP_03_A.wav,4,comb_noexempt,335.94,7.530901717199789,7.530901717199789,1.0,0.8044711830035904,0.839622641509434,178
spotted_hyenas,spotted_hyenas/lehmann hyena whoop traces/ISTA_HZ_150324_0716_SC_WP_03_A.wav,4,pyin,335.94,9.078861619319554,9.078861619319554,1.0,0.9938833223358408,0.7169811320754716,152
spotted_hyenas,spotted_hyenas/lehmann hyena whoop traces/ISTA_HZ_150324_0716_SC_WP_03_A.wav,6,comb,335.94,10.859100593835535,10.859100593835535,1.0,0.7014330637580075,0.9858490566037735,209
spotted_hyenas,spotted_hyenas/lehmann hyena whoop traces/ISTA_HZ_150324_0716_SC_WP_03_A.wav,6,comb_noexempt,335.94,7.966870808824833,7.966870808824833,1.0,0.8774657802991606,0.8962264150943396,190
spotted_hyenas,spotted_hyenas/lehmann hyena whoop traces/ISTA_HZ_150324_0716_SC_WP_03_A.wav,6,pyin,335.94,43.07903878545961,43.07903878545961,1.0,0.4912166735350906,0.08962264150943396,19
spotted_hyenas,spotted_hyenas/lehmann hyena whoop traces/ISTA_HZ_150324_0706_SC_WP_05_S.wav,0,comb,347.66,1190.2543767899829,7.651375272115493,0.0,0.40949103417424826,1.0,491
spotted_hyenas,spotted_hyenas/lehmann hyena whoop traces/ISTA_HZ_150324_0706_SC_WP_05_S.wav,0,comb_noexempt,347.66,1190.1238058915694,7.553832091462823,0.0,0.4402769840159428,1.0,491
spotted_hyenas,spotted_hyenas/lehmann hyena whoop traces/ISTA_HZ_150324_0706_SC_WP_05_S.wav,0,pyin,347.66,7.673083493585555,7.673083493585555,1.0,0.9987807106410204,1.0,491
spotted_hyenas,spotted_hyenas/lehmann hyena whoop traces/ISTA_HZ_150324_0706_SC_WP_05_S.wav,2,comb,347.66,1192.779850209988,7.651375272115493,0.0,0.3983454222742175,1.0,491
spotted_hyenas,spotted_hyenas/lehmann hyena whoop traces/ISTA_HZ_150324_0706_SC_WP_05_S.wav,2,comb_noexempt,347.66,1191.738494630659,6.6339241344959445,0.0,0.4128525500090229,0.9511201629327902,467
spotted_hyenas,spotted_hyenas/lehmann hyena whoop traces/ISTA_HZ_150324_0706_SC_WP_05_S.wav,2,pyin,347.66,54.97924696064579,7.702312533606098,1.0,0.8534613640936644,0.9633401221995926,473
spotted_hyenas,spotted_hyenas/lehmann hyena whoop traces/ISTA_HZ_150324_0706_SC_WP_05_S.wav,4,comb,347.66,1194.6024373155622,8.265427256982928,0.0,0.2044594671035423,0.9979633401221996,490
spotted_hyenas,spotted_hyenas/lehmann hyena whoop traces/ISTA_HZ_150324_0706_SC_WP_05_S.wav,4,comb_noexempt,347.66,1191.738494630659,6.500476045380107,0.0,0.3622411159445221,0.9144602851323829,449
spotted_hyenas,spotted_hyenas/lehmann hyena whoop traces/ISTA_HZ_150324_0706_SC_WP_05_S.wav,4,pyin,347.66,143.893324924845,7.253932173041561,1.0,0.8176692419492089,0.8553971486761711,420
spotted_hyenas,spotted_hyenas/lehmann hyena whoop traces/ISTA_HZ_150324_0706_SC_WP_05_S.wav,6,comb,347.66,1190.2323648861868,7.791773389448457,0.0,0.3864747231835126,1.0,491
spotted_hyenas,spotted_hyenas/lehmann hyena whoop traces/ISTA_HZ_150324_0706_SC_WP_05_S.wav,6,comb_noexempt,347.66,6.070630329999381,6.070630329999381,1.0,0.7841802539005491,0.8167006109979633,401
spotted_hyenas,spotted_hyenas/lehmann hyena whoop traces/ISTA_HZ_150324_0706_SC_WP_05_S.wav,6,pyin,347.66,1192.2814044089716,6.642141044418862,0.0,0.001771980953817322,0.6680244399185336,328
spotted_hyenas,spotted_hyenas/lehmann hyena whoop traces/ISTA_HZ_150324_0716_SC_WP_09_A.wav,0,comb,339.84,7.390196947119251,7.390196947119251,1.0,0.5907338587769518,1.0,477
spotted_hyenas,spotted_hyenas/lehmann hyena whoop traces/ISTA_HZ_150324_0716_SC_WP_09_A.wav,0,comb_noexempt,339.84,6.861972887682466,6.861972887682466,1.0,0.6845988365836135,0.9517819706498952,454
spotted_hyenas,spotted_hyenas/lehmann hyena whoop traces/ISTA_HZ_150324_0716_SC_WP_09_A.wav,0,pyin,339.84,26.272510268045583,26.272510268045583,1.0,0.9790331726730755,0.9475890985324947,452
spotted_hyenas,spotted_hyenas/lehmann hyena whoop traces/ISTA_HZ_150324_0716_SC_WP_09_A.wav,2,comb,339.84,6.848003211117984,6.848003211117984,1.0,0.5879717975362081,1.0,477
spotted_hyenas,spotted_hyenas/lehmann hyena whoop traces/ISTA_HZ_150324_0716_SC_WP_09_A.wav,2,comb_noexempt,339.84,6.62876809188531,6.62876809188531,1.0,0.5403494913992894,0.9916142557651991,473
spotted_hyenas,spotted_hyenas/lehmann hyena whoop traces/ISTA_HZ_150324_0716_SC_WP_09_A.wav,2,pyin,339.84,1189.84903786042,7.2539321730411785,0.0,0.7495948205959393,0.9412997903563941,449
spotted_hyenas,spotted_hyenas/lehmann hyena whoop traces/ISTA_HZ_150324_0716_SC_WP_09_A.wav,4,comb,339.84,7.176452414619007,7.176452414619007,1.0,0.6025336237834789,1.0,477
spotted_hyenas,spotted_hyenas/lehmann hyena whoop traces/ISTA_HZ_150324_0716_SC_WP_09_A.wav,4,comb_noexempt,339.84,6.0595006235418305,6.0595006235418305,1.0,0.7049265233917444,0.9140461215932913,436
spotted_hyenas,spotted_hyenas/lehmann hyena whoop traces/ISTA_HZ_150324_0716_SC_WP_09_A.wav,4,pyin,339.84,1195.1616834790386,2.9587146590064957,0.0,0.6905705827642163,0.48427672955974843,231
spotted_hyenas,spotted_hyenas/lehmann hyena whoop traces/ISTA_HZ_150324_0716_SC_WP_09_A.wav,6,comb,339.84,6.875942564246949,6.875942564246949,1.0,0.6696020581680888,1.0,477
spotted_hyenas,spotted_hyenas/lehmann hyena whoop traces/ISTA_HZ_150324_0716_SC_WP_09_A.wav,6,comb_noexempt,339.84,5.824368872593437,5.824368872593437,1.0,0.7075901738970498,0.8951781970649895,427
spotted_hyenas,spotted_hyenas/lehmann hyena whoop traces/ISTA_HZ_150324_0727_SC_WP_03_A.wav,0,comb,355.47,10.804778585163158,10.096389369752478,1.0,0.7658726708201891,1.0,262
spotted_hyenas,spotted_hyenas/lehmann hyena whoop traces/ISTA_HZ_150324_0727_SC_WP_03_A.wav,0,comb_noexempt,355.47,8.985455015856918,8.985455015856918,1.0,0.9335399228304676,1.0,262
spotted_hyenas,spotted_hyenas/lehmann hyena whoop traces/ISTA_HZ_150324_0727_SC_WP_03_A.wav,0,pyin,355.47,16.712998529849504,16.712998529849504,1.0,0.9886745131742891,0.950381679389313,249
spotted_hyenas,spotted_hyenas/lehmann hyena whoop traces/ISTA_HZ_150324_0727_SC_WP_03_A.wav,2,comb,355.47,12.176437824142178,12.024082167746407,1.0,0.7388798600491926,1.0,262
spotted_hyenas,spotted_hyenas/lehmann hyena whoop traces/ISTA_HZ_150324_0727_SC_WP_03_A.wav,2,comb_noexempt,355.47,11.319048191700931,10.096389369752478,1.0,0.7394632514086166,1.0,262
spotted_hyenas,spotted_hyenas/lehmann hyena whoop traces/ISTA_HZ_150324_0727_SC_WP_03_A.wav,2,pyin,355.47,1200.3825292351517,68.62328196150197,0.0,0.6635402265102712,0.6679389312977099,175
spotted_hyenas,spotted_hyenas/lehmann hyena whoop traces/ISTA_HZ_150324_0727_SC_WP_03_A.wav,4,comb,355.47,17.829558261513604,16.9396901028489,1.0,0.7556041951098459,1.0,262
spotted_hyenas,spotted_hyenas/lehmann hyena whoop traces/ISTA_HZ_150324_0727_SC_WP_03_A.wav,4,comb_noexempt,355.47,1195.5212443185742,9.777486218018694,0.0,0.769343006714251,0.9770992366412213,256
spotted_hyenas,spotted_hyenas/lehmann hyena whoop traces/ISTA_HZ_150324_0727_SC_WP_03_A.wav,4,pyin,355.47,628.0442127684878,125.14634536920535,1.0,0.7847010147862992,0.6603053435114504,173
spotted_hyenas,spotted_hyenas/lehmann hyena whoop traces/ISTA_HZ_150324_0727_SC_WP_03_A.wav,6,comb,355.47,17.77074583360907,16.204324372763395,1.0,0.5761214750032454,1.0,262
spotted_hyenas,spotted_hyenas/lehmann hyena whoop traces/ISTA_HZ_150324_0727_SC_WP_03_A.wav,6,comb_noexempt,355.47,1893.0523593365194,29.655529853509794,0.0,0.6874888762546018,0.9809160305343512,257
spotted_hyenas,spotted_hyenas/lehmann hyena whoop traces/JAVA_SS_100602_1814_EC_WP_02_A.wav,0,comb,367.19,9.306001218116847,9.306001218116847,1.0,0.7963900748112083,0.971830985915493,207
spotted_hyenas,spotted_hyenas/lehmann hyena whoop traces/JAVA_SS_100602_1814_EC_WP_02_A.wav,0,comb_noexempt,367.19,8.92605264361087,8.92605264361087,1.0,0.8384216009287082,0.9671361502347418,206
spotted_hyenas,spotted_hyenas/lehmann hyena whoop traces/JAVA_SS_100602_1814_EC_WP_02_A.wav,0,pyin,367.19,9.21221845407,9.21221845407,1.0,0.9945382047458862,0.9812206572769953,209
spotted_hyenas,spotted_hyenas/lehmann hyena whoop traces/JAVA_SS_100602_1814_EC_WP_02_A.wav,2,comb,367.19,8.955488107263092,8.955488107263092,1.0,0.8823403141949636,0.971830985915493,207
spotted_hyenas,spotted_hyenas/lehmann hyena whoop traces/JAVA_SS_100602_1814_EC_WP_02_A.wav,2,comb_noexempt,367.19,7.864251604980039,7.864251604980039,1.0,0.9922200066370876,0.9671361502347418,206
spotted_hyenas,spotted_hyenas/lehmann hyena whoop traces/JAVA_SS_100602_1814_EC_WP_02_A.wav,2,pyin,367.19,215.35962756373806,9.21221845407,1.0,0.7871391302478167,0.9248826291079812,197
spotted_hyenas,spotted_hyenas/lehmann hyena whoop traces/JAVA_SS_100602_1814_EC_WP_02_A.wav,4,comb,367.19,7.966694929382649,7.966694929382649,1.0,0.8826389037027176,0.971830985915493,207
spotted_hyenas,spotted_hyenas/lehmann hyena whoop traces/JAVA_SS_100602_1814_EC_WP_02_A.wav,4,comb_noexempt,367.19,6.827950539097062,6.827950539097062,1.0,0.9975638796369087,0.9389671361502347,200
spotted_hyenas,spotted_hyenas/lehmann hyena whoop traces/JAVA_SS_100602_1814_EC_WP_02_A.wav,4,pyin,367.19,719.4704345197216,480.5295654802784,0.0,0.8154875079854434,0.09389671361502347,20
spotted_hyenas,spotted_hyenas/lehmann hyena whoop traces/JAVA_SS_100602_1814_EC_WP_02_A.wav,6,comb,367.19,7.9687104510509155,7.9687104510509155,1.0,0.8126263817069334,0.971830985915493,207
spotted_hyenas,spotted_hyenas/lehmann hyena whoop traces/JAVA_SS_100602_1814_EC_WP_02_A.wav,6,comb_noexempt,367.19,1590.9175891898894,306.15916459159274,0.0,0.6218674956963008,0.9107981220657277,194
spotted_hyenas,spotted_hyenas/lehmann hyena whoop traces/ISTA_HZ_150324_0727_SC_WP_09_A.wav,0,comb,347.66,5.813524866941767,5.813524866941767,1.0,0.6528066791748305,1.0,452
spotted_hyenas,spotted_hyenas/lehmann hyena whoop traces/ISTA_HZ_150324_0727_SC_WP_09_A.wav,0,comb_noexempt,347.66,5.671201053800117,5.671201053800117,1.0,0.8101781893810047,0.9336283185840708,422
spotted_hyenas,spotted_hyenas/lehmann hyena whoop traces/ISTA_HZ_150324_0727_SC_WP_09_A.wav,0,pyin,347.66,8.326495433464093,8.326495433464093,1.0,0.9800264031471717,1.0,452
spotted_hyenas,spotted_hyenas/lehmann hyena whoop traces/ISTA_HZ_150324_0727_SC_WP_09_A.wav,2,comb,347.66,1200.495361263646,7.2743674850369,0.0,-0.3153883383156024,1.0,452
spotted_hyenas,spotted_hyenas/lehmann hyena whoop traces/ISTA_HZ_150324_0727_SC_WP_09_A.wav,2,comb_noexempt,347.66,5.682330760258301,5.682330760258301,1.0,0.8200519411721782,0.9446902654867256,427
spotted_hyenas,spotted_hyenas/lehmann hyena whoop traces/ISTA_HZ_150324_0727_SC_WP_09_A.wav,2,pyin,347.66,1192.3269165064148,6.609166420383945,0.0,0.8018972648610942,0.922566371681416,417
spotted_hyenas,spotted_hyenas/lehmann hyena whoop traces/ISTA_HZ_150324_0727_SC_WP_09_A.wav,4,comb,347.66,1200.495361263646,7.265632650814545,0.0,-0.32598406014148307,1.0,452
spotted_hyenas,spotted_hyenas/lehmann hyena whoop traces/ISTA_HZ_150324_0727_SC_WP_09_A.wav,4,comb_noexempt,347.66,5.682330760258301,5.682330760258301,1.0,0.7876521313316156,0.9380530973451328,424
spotted_hyenas,spotted_hyenas/lehmann hyena whoop traces/ISTA_HZ_150324_0727_SC_WP_09_A.wav,4,pyin,347.66,816.2364504793122,7.253932173041561,0.0,0.8345212633245378,0.8893805309734514,402
spotted_hyenas,spotted_hyenas/lehmann hyena whoop traces/ISTA_HZ_150324_0727_SC_WP_09_A.wav,6,comb,347.66,1200.8062581626964,6.991212720790367,0.0,-0.37907069492973233,1.0,452
spotted_hyenas,spotted_hyenas/lehmann hyena whoop traces/ISTA_HZ_150324_0727_SC_WP_09_A.wav,6,comb_noexempt,347.66,5.682330760258301,5.682330760258301,1.0,0.9395351229237857,0.838495575221239,379
spotted_hyenas,spotted_hyenas/lehmann hyena whoop traces/ISTA_HZ_150324_0727_SC_WP_09_A.wav,6,pyin,347.66,1194.407097850523,5.390623980671387,0.0,-0.5768609661839998,0.7433628318584071,336
spotted_hyenas,spotted_hyenas/lehmann hyena whoop traces/JAVA_SS_100602_1814_EC_WP_08_A.wav,0,comb,304.69,6.164298207411752,6.164298207411752,1.0,0.8266935862908767,0.9925373134328358,399
spotted_hyenas,spotted_hyenas/lehmann hyena whoop traces/JAVA_SS_100602_1814_EC_WP_08_A.wav,0,comb_noexempt,304.69,6.164298207411752,6.164298207411752,1.0,0.9119389964664131,0.9925373134328358,399
spotted_hyenas,spotted_hyenas/lehmann hyena whoop traces/JAVA_SS_100602_1814_EC_WP_08_A.wav,0,pyin,304.69,6.581915101008484,6.581915101008484,1.0,0.9943084581994686,0.9950248756218906,400
spotted_hyenas,spotted_hyenas/lehmann hyena whoop traces/JAVA_SS_100602_1814_EC_WP_08_A.wav,2,comb,304.69,6.413121584046785,6.413121584046785,1.0,0.8269062336891765,0.9925373134328358,399
spotted_hyenas,spotted_hyenas/lehmann hyena whoop traces/JAVA_SS_100602_1814_EC_WP_08_A.wav,2,comb_noexempt,304.69,6.357020735518558,6.357020735518558,1.0,0.8814172981100901,0.9850746268656716,396
spotted_hyenas,spotted_hyenas/lehmann hyena whoop traces/JAVA_SS_100602_1814_EC_WP_08_A.wav,2,pyin,304.69,7.552327139233634,7.552327139233634,1.0,0.9932071977069649,0.9925373134328358,399
spotted_hyenas,spotted_hyenas/lehmann hyena whoop traces/JAVA_SS_100602_1814_EC_WP_08_A.wav,4,comb,304.69,6.82627996195699,6.82627996195699,1.0,0.7497302927708197,0.9925373134328358,399
spotted_hyenas,spotted_hyenas/lehmann hyena whoop traces/JAVA_SS_100602_1814_EC_WP_08_A.wav,4,comb_noexempt,304.69,6.413121584046785,6.413121584046785,1.0,0.9093299826683239,0.9925373134328358,399
spotted_hyenas,spotted_hyenas/lehmann hyena whoop traces/JAVA_SS_100602_1814_EC_WP_08_A.wav,4,pyin,304.69,7.802874636497689,7.802874636497689,1.0,0.9578973745014535,0.9751243781094527,392
spotted_hyenas,spotted_hyenas/lehmann hyena whoop traces/JAVA_SS_100602_1814_EC_WP_08_A.wav,6,comb,304.69,6.736420280593065,6.736420280593065,1.0,0.7772500277337674,0.9925373134328358,399
spotted_hyenas,spotted_hyenas/lehmann hyena whoop traces/JAVA_SS_100602_1814_EC_WP_08_A.wav,6,comb_noexempt,304.69,6.137622380488725,6.137622380488725,1.0,0.9010485960213586,0.9850746268656716,396
spotted_hyenas,spotted_hyenas/lehmann hyena whoop traces/JAVA_SS_100602_1814_EC_WP_08_A.wav,6,pyin,304.69,7.242808682825308,7.2235667489643856,1.0,-0.599977736336155,0.8159203980099502,328
spotted_hyenas,spotted_hyenas/lehmann hyena whoop traces/JAZZ_HZ_150111_1915_SC_WP_03_A.wav,0,comb,300.78,9.770960325701333,9.714840014794232,1.0,0.7666870438995498,1.0,317
spotted_hyenas,spotted_hyenas/lehmann hyena whoop traces/JAZZ_HZ_150111_1915_SC_WP_03_A.wav,0,comb_noexempt,300.78,9.738312667193615,9.714840014794232,1.0,0.7938772130646607,1.0,317
spotted_hyenas,spotted_hyenas/lehmann hyena whoop traces/JAZZ_HZ_150111_1915_SC_WP_03_A.wav,0,pyin,300.78,8.43522045777206,8.43522045777206,1.0,0.986617044268692,0.9905362776025236,314
spotted_hyenas,spotted_hyenas/lehmann hyena whoop traces/JAZZ_HZ_150111_1915_SC_WP_03_A.wav,2,comb,300.78,13.62878380939444,12.990504837544135,1.0,0.8128430792036195,1.0,317
spotted_hyenas,spotted_hyenas/lehmann hyena whoop traces/JAZZ_HZ_150111_1915_SC_WP_03_A.wav,2,comb_noexempt,300.78,9.714840014794232,9.714840014794232,1.0,0.7911136828932654,1.0,317
spotted_hyenas,spotted_hyenas/lehmann hyena whoop traces/JAZZ_HZ_150111_1915_SC_WP_03_A.wav,2,pyin,300.78,1187.7418393270368,8.43522045777206,0.0,-0.4377453574208027,0.7570977917981072,240
spotted_hyenas,spotted_hyenas/lehmann hyena whoop traces/JAZZ_HZ_150111_1915_SC_WP_03_A.wav,4,comb,300.78,14.457550379135295,14.305667770065646,1.0,0.6418981870361462,1.0,317
spotted_hyenas,spotted_hyenas/lehmann hyena whoop traces/JAZZ_HZ_150111_1915_SC_WP_03_A.wav,4,comb_noexempt,300.78,1902.1395555709528,29.030980899041232,0.0,-0.3378242902013589,0.9842271293375394,312
spotted_hyenas,spotted_hyenas/lehmann hyena whoop traces/JAZZ_HZ_150111_1915_SC_WP_03_A.wav,6,comb,300.78,1902.5452442341893,32.1397384028015,0.0,-0.2492603901335719,1.0,317
spotted_hyenas,spotted_hyenas/lehmann hyena whoop traces/JAZZ_HZ_150111_1915_SC_WP_03_A.wav,6,comb_noexempt,300.78,1902.5452442341893,32.1397384028015,0.0,-0.14071550539397853,1.0,317
spotted_hyenas,spotted_hyenas/lehmann hyena whoop traces/JAZZ_HZ_150111_1915_SC_WP_03_A.wav,6,pyin,300.78,2053.594767435444,159.65857507904542,0.0,0.05897777132553787,0.7350157728706624,233
spotted_hyenas,spotted_hyenas/lehmann hyena whoop traces/JAZZ_HZ_150816_1906_SC_WP_04_A.wav,0,comb,304.69,7.855226541948442,7.84510629153276,1.0,0.663135175958593,1.0,384
spotted_hyenas,spotted_hyenas/lehmann hyena whoop traces/JAZZ_HZ_150816_1906_SC_WP_04_A.wav,0,comb_noexempt,304.69,7.6814267883904215,7.6814267883904215,1.0,0.6790481838959828,1.0,384
spotted_hyenas,spotted_hyenas/lehmann hyena whoop traces/JAZZ_HZ_150816_1906_SC_WP_04_A.wav,0,pyin,304.69,6.075006964051147,6.075006964051147,1.0,0.9707239760348122,0.9140625,351
spotted_hyenas,spotted_hyenas/lehmann hyena whoop traces/JAZZ_HZ_150816_1906_SC_WP_04_A.wav,2,comb,304.69,7.505765401360272,7.505765401360272,1.0,0.6746187136313497,1.0,384
spotted_hyenas,spotted_hyenas/lehmann hyena whoop traces/JAZZ_HZ_150816_1906_SC_WP_04_A.wav,2,comb_noexempt,304.69,1202.2819122278959,8.64512937959724,0.0,0.7042710890905721,1.0,384
spotted_hyenas,spotted_hyenas/lehmann hyena whoop traces/JAZZ_HZ_150816_1906_SC_WP_04_A.wav,4,comb,304.69,11.588558395415884,11.588558395415884,1.0,0.7317912983562731,1.0,384
spotted_hyenas,spotted_hyenas/lehmann hyena whoop traces/JAZZ_HZ_150816_1906_SC_WP_04_A.wav,4,comb_noexempt,304.69,1203.5288396435121,8.64512937959724,0.0,0.8162536223807445,0.984375,378
spotted_hyenas,spotted_hyenas/lehmann hyena whoop traces/JAZZ_HZ_150816_1906_SC_WP_04_A.wav,6,comb,304.69,20.33322212471542,20.33322212471542,1.0,0.6607119654218213,1.0,384
spotted_hyenas,spotted_hyenas/lehmann hyena whoop traces/JAZZ_HZ_150816_1906_SC_WP_04_A.wav,6,comb_noexempt,304.69,1592.2116212503706,308.2787091775201,0.0,-0.14545995509993373,0.9921875,381
spotted_hyenas,spotted_hyenas/lehmann hyena whoop traces/JAZZ_HZ_150816_1906_SC_WP_04_A.wav,6,pyin,304.69,2162.1119799065254,233.92499303594926,0.0,-0.5343317509973575,0.06770833333333333,26
spotted_hyenas,spotted_hyenas/lehmann hyena whoop traces/JAZZ_HZ_150111_1915_SC_WP_09_A.wav,0,comb,277.34,14.578004635267629,14.49744903461889,1.0,0.6390845687887025,1.0,565
spotted_hyenas,spotted_hyenas/lehmann hyena whoop traces/JAZZ_HZ_150111_1915_SC_WP_09_A.wav,0,comb_noexempt,277.34,12.472789704727546,12.417401054038383,1.0,0.6411911340757348,0.9982300884955753,564
spotted_hyenas,spotted_hyenas/lehmann hyena whoop traces/JAZZ_HZ_150111_1915_SC_WP_09_A.wav,0,pyin,277.34,9.722665461324137,9.722665461324137,1.0,0.5762044205831891,0.9699115044247788,548
spotted_hyenas,spotted_hyenas/lehmann hyena whoop traces/JAZZ_HZ_150111_1915_SC_WP_09_A.wav,2,comb,277.34,1906.4742192613294,22.426649577254846,0.0,0.3571564674640439,1.0,565
spotted_hyenas,spotted_hyenas/lehmann hyena whoop traces/JAZZ_HZ_150111_1915_SC_WP_09_A.wav,2,comb_noexempt,277.34,1906.0516633257319,13.552048524983942,0.0,0.3458881744296522,0.968141592920354,547
spotted_hyenas,spotted_hyenas/lehmann hyena whoop traces/JAZZ_HZ_150111_1915_SC_WP_09_A.wav,2,pyin,277.34,1912.383474607273,28.910052167047493,0.0,-0.701620520063884,0.34690265486725663,196
spotted_hyenas,spotted_hyenas/lehmann hyena whoop traces/JAZZ_HZ_150111_1915_SC_WP_09_A.wav,4,comb,277.34,1488.104313124989,268.5642528551614,0.0,-0.11212057686952799,1.0,565
spotted_hyenas,spotted_hyenas/lehmann hyena whoop traces/JAZZ_HZ_150111_1915_SC_WP_09_A.wav,4,comb_noexempt,277.34,1899.851274211973,13.552048524983942,0.0,0.5170224728288008,1.0,565
spotted_hyenas,spotted_hyenas/lehmann hyena whoop traces/JAZZ_HZ_150111_1915_SC_WP_09_A.wav,6,comb,277.34,1484.9732319844015,272.4781966497611,0.0,-0.040153514216638646,1.0,565
spotted_hyenas,spotted_hyenas/lehmann hyena whoop traces/JAZZ_HZ_150111_1915_SC_WP_09_A.wav,6,comb_noexempt,277.34,1906.4742192613294,16.60028843813046,0.0,0.2909311182364335,1.0,565
spotted_hyenas,spotted_hyenas/lehmann hyena whoop traces/JAZZ_HZ_150111_1915_SC_WP_09_A.wav,6,pyin,277.34,2134.108382541505,195.05688900779055,0.0,0.1062521634925047,1.0,565
spotted_hyenas,spotted_hyenas/lehmann hyena whoop traces/JLYR_HZ_140922_1833_SC_WP_03_A.wav,0,comb,363.28,31.695141648060424,22.869407158821726,1.0,0.8843858264608895,1.0,113
spotted_hyenas,spotted_hyenas/lehmann hyena whoop traces/JLYR_HZ_140922_1833_SC_WP_03_A.wav,0,comb_noexempt,363.28,32.071960369190776,22.937227944070656,1.0,0.9019657726977631,0.9911504424778761,112
spotted_hyenas,spotted_hyenas/lehmann hyena whoop traces/JLYR_HZ_140922_1833_SC_WP_03_A.wav,0,pyin,363.28,29.6369325112647,29.6369325112647,1.0,0.9687627448299118,0.9469026548672567,107
spotted_hyenas,spotted_hyenas/lehmann hyena whoop traces/JLYR_HZ_140922_1833_SC_WP_03_A.wav,2,comb,363.28,400.44252134102504,161.36079068123246,1.0,0.5722813953934452,1.0,113
spotted_hyenas,spotted_hyenas/lehmann hyena whoop traces/JLYR_HZ_140922_1833_SC_WP_03_A.wav,2,comb_noexempt,363.28,1200.7711179933062,65.29438553009855,0.0,0.8969209677770968,0.9292035398230089,105
spotted_hyenas,spotted_hyenas/lehmann hyena whoop traces/JLYR_HZ_140922_1833_SC_WP_03_A.wav,2,pyin,363.28,91.7832621637184,79.1409499931938,1.0,0.7563642348956787,0.8584070796460177,97
spotted_hyenas,spotted_hyenas/lehmann hyena whoop traces/JLYR_HZ_140922_1833_SC_WP_03_A.wav,4,comb,363.28,1200.0179841612314,56.363972156489,0.0,0.8750155171081061,1.0,113
spotted_hyenas,spotted_hyenas/lehmann hyena whoop traces/JLYR_HZ_140922_1833_SC_WP_03_A.wav,4,comb_noexempt,363.28,1760.2016671254573,102.3522400890515,0.0,-0.35251367216821683,1.0,113
spotted_hyenas,spotted_hyenas/lehmann hyena whoop traces/JLYR_HZ_140922_1833_SC_WP_03_A.wav,4,pyin,363.28,648.6447652953135,123.5570889330022,1.0,-0.48639287860102515,0.5309734513274337,60
spotted_hyenas,spotted_hyenas/lehmann hyena whoop traces/JLYR_HZ_140922_1833_SC_WP_03_A.wav,6,comb,363.28,1200.0209360495617,71.12219779073158,0.0,0.881521456609501,1.0,113
spotted_hyenas,spotted_hyenas/lehmann hyena whoop traces/JLYR_HZ_140922_1833_SC_WP_03_A.wav,6,comb_noexempt,363.28,1901.172553006052,167.79922224118403,0.0,-0.8812014136952981,0.9823008849557522,111
spotted_hyenas,spotted_hyenas/lehmann hyena whoop traces/JLYR_HZ_140922_1833_SC_WP_03_A.wav,6,pyin,363.28,132.96580757604838,132.96580757604838,1.0,0.3222136254034783,0.23893805309734514,27
spotted_hyenas,spotted_hyenas/lehmann hyena whoop traces/JLYR_HZ_140922_1833_SC_WP_08_A.wav,0,comb,365.235,10.373606153935771,10.291468878185473,1.0,0.7701717348986935,1.0,190
spotted_hyenas,spotted_hyenas/lehmann hyena whoop traces/JLYR_HZ_140922_1833_SC_WP_08_A.wav,0,comb_noexempt,365.235,9.023847338847844,9.023847338847844,1.0,0.7656203266305378,0.9526315789473684,181
spotted_hyenas,spotted_hyenas/lehmann hyena whoop traces/JLYR_HZ_140922_1833_SC_WP_08_A.wav,0,pyin,365.235,14.661872807023007,14.661872807023007,1.0,0.9787196301731595,1.0,190
spotted_hyenas,spotted_hyenas/lehmann hyena whoop traces/JLYR_HZ_140922_1833_SC_WP_08_A.wav,2,comb,365.235,10.241555150118327,10.214180134075093,1.0,0.7837224443734118,1.0,190
spotted_hyenas,spotted_hyenas/lehmann hyena whoop traces/JLYR_HZ_140922_1833_SC_WP_08_A.wav,2,comb_noexempt,365.235,10.214180134075093,9.744378729386733,1.0,0.7624869264480781,0.9894736842105263,188
spotted_hyenas,spotted_hyenas/lehmann hyena whoop traces/JLYR_HZ_140922_1833_SC_WP_08_A.wav,2,pyin,365.235,13.280140889469605,13.280140889469605,1.0,0.9690317694080619,0.9210526315789473,175
spotted_hyenas,spotted_hyenas/lehmann hyena whoop traces/JLYR_HZ_140922_1833_SC_WP_08_A.wav,4,comb,365.235,10.940812698569495,10.594670971883076,1.0,0.7623153475803799,1.0,190
spotted_hyenas,spotted_hyenas/lehmann hyena whoop traces/JLYR_HZ_140922_1833_SC_WP_08_A.wav,4,comb_noexempt,365.235,8.355169045769475,8.19893187481847,1.0,0.7525319698756848,0.9473684210526315,180
spotted_hyenas,spotted_hyenas/lehmann hyena whoop traces/JLYR_HZ_140922_1833_SC_WP_08_A.wav,4,pyin,365.235,59.732963979159656,59.732963979159656,1.0,0.4326413030298691,0.5842105263157895,111
spotted_hyenas,spotted_hyenas/lehmann hyena whoop traces/JLYR_HZ_140922_1833_SC_WP_08_A.wav,6,comb,365.235,10.717796381713345,10.603504715793541,1.0,0.7640047204871399,1.0,190
spotted_hyenas,spotted_hyenas/lehmann hyena whoop traces/JLYR_HZ_140922_1833_SC_WP_08_A.wav,6,comb_noexempt,365.235,1479.1753526277628,11.361067763729501,0.0,0.3641752810780391,0.9,171
spotted_hyenas,spotted_hyenas/lehmann hyena whoop traces/JLYR_HZ_140922_1833_SC_WP_08_A.wav,6,pyin,365.235,115.2807157596268,115.2807157596268,1.0,0.8249122295841258,0.11578947368421053,22
spotted_hyenas,spotted_hyenas/lehmann hyena whoop traces/KOMO_SS_150220_1808_SC_WP_02_V.wav,0,comb,273.44,9.866238917236203,9.866238917236203,1.0,0.7789135020382542,0.9962073324905183,788
spotted_hyenas,spotted_hyenas/lehmann hyena whoop traces/KOMO_SS_150220_1808_SC_WP_02_V.wav,0,comb_noexempt,273.44,7.672940823663303,7.672940823663303,1.0,0.8813971638692223,0.9962073324905183,788
spotted_hyenas,spotted_hyenas/lehmann hyena whoop traces/KOMO_SS_150220_1808_SC_WP_02_V.wav,0,pyin,273.44,7.436038591075479,7.436038591075479,1.0,0.998975696667053,0.9683944374209861,766
spotted_hyenas,spotted_hyenas/lehmann hyena whoop traces/KOMO_SS_150220_1808_SC_WP_02_V.wav,2,comb,273.44,9.738312667193615,9.738312667193615,1.0,0.7761530554024367,0.9962073324905183,788
spotted_hyenas,spotted_hyenas/lehmann hyena whoop traces/KOMO_SS_150220_1808_SC_WP_02_V.wav,2,comb_noexempt,273.44,7.672768962174963,7.672768962174963,1.0,0.881112509304691,0.9962073324905183,788
spotted_hyenas,spotted_hyenas/lehmann hyena whoop traces/KOMO_SS_150220_1808_SC_WP_02_V.wav,2,pyin,273.44,344.18234229396836,8.937607913180624,1.0,0.2073050866703435,1.0,791
spotted_hyenas,spotted_hyenas/lehmann hyena whoop traces/KOMO_SS_150220_1808_SC_WP_02_V.wav,4,comb,273.44,10.622274938006244,10.622274938006244,1.0,0.7875298666498982,0.9962073324905183,788
spotted_hyenas,spotted_hyenas/lehmann hyena whoop traces/KOMO_SS_150220_1808_SC_WP_02_V.wav,4,comb_noexempt,273.44,8.316717273992221,8.316717273992221,1.0,0.874835331352522,0.9823008849557522,777
spotted_hyenas,spotted_hyenas/lehmann hyena whoop traces/KOMO_SS_150220_1808_SC_WP_02_V.wav,4,pyin,273.44,11.672070066351463,11.350537093554673,1.0,0.31397554962564916,0.9873577749683944,781
spotted_hyenas,spotted_hyenas/lehmann hyena whoop traces/KOMO_SS_150220_1808_SC_WP_02_V.wav,6,comb,273.44,11.095509837543503,11.095509837543503,1.0,0.7729629728873678,0.9962073324905183,788
spotted_hyenas,spotted_hyenas/lehmann hyena whoop traces/KOMO_SS_150220_1808_SC_WP_02_V.wav,6,comb_noexempt,273.44,8.250364098821219,8.250364098821219,1.0,0.8787415897607396,0.988621997471555,782
spotted_hyenas,spotted_hyenas/lehmann hyena whoop traces/KOMO_SS_150220_1808_SC_WP_02_V.wav,6,pyin,273.44,8.210207595554689,8.210207595554689,1.0,0.7909821890568426,0.6219974715549936,492
spotted_hyenas,spotted_hyenas/lehmann hyena whoop traces/KS--_SS_100504_----_SC_WP_02_A.wav,0,comb,347.66,1206.0935079431667,13.912339406776693,0.0,0.9084471903478908,0.9736842105263158,185
spotted_hyenas,spotted_hyenas/lehmann hyena whoop traces/KS--_SS_100504_----_SC_WP_02_A.wav,0,comb_noexempt,347.66,1201.946444231766,11.663074422693843,0.0,0.855085356864283,0.9105263157894737,173
spotted_hyenas,spotted_hyenas/lehmann hyena whoop traces/KS--_SS_100504_----_SC_WP_02_A.wav,0,pyin,347.66,1193.5559890472518,12.757191317174904,0.0,-0.4855508983145934,0.6842105263157895,130
spotted_hyenas,spotted_hyenas/lehmann hyena whoop traces/KS--_SS_100504_----_SC_WP_02_A.wav,2,comb,347.66,1204.0213206410344,12.728635812536808,0.0,0.8911060000879678,0.9736842105263158,185
spotted_hyenas,spotted_hyenas/lehmann hyena whoop traces/KS--_SS_100504_----_SC_WP_02_A.wav,2,comb_noexempt,347.66,700.3019871335468,490.8746096878457,0.0,0.8755435484043205,0.968421052631579,184
spotted_hyenas,spotted_hyenas/lehmann hyena whoop traces/KS--_SS_100504_----_SC_WP_02_A.wav,4,comb,347.66,1201.7195522822985,16.233862911578708,0.0,0.8748201810178212,0.9736842105263158,185
spotted_hyenas,spotted_hyenas/lehmann hyena whoop traces/KS--_SS_100504_----_SC_WP_02_A.wav,4,comb_noexempt,347.66,1594.0960452103711,213.26005062174073,0.0,0.6613851577873243,0.9736842105263158,185
spotted_hyenas,spotted_hyenas/lehmann hyena whoop traces/KS--_SS_100504_----_SC_WP_02_A.wav,6,comb,347.66,1202.3871216079838,19.522245460386696,0.0,0.6468079441395708,0.9368421052631579,178
spotted_hyenas,spotted_hyenas/lehmann hyena whoop traces/KS--_SS_100504_----_SC_WP_02_A.wav,6,comb_noexempt,347.66,1906.4848527905558,53.51925482748878,0.0,0.40522776596003296,0.9526315789473684,181
spotted_hyenas,spotted_hyenas/lehmann hyena whoop traces/KS--_SS_100504_----_SC_WP_02_A.wav,6,pyin,347.66,1807.3604503363179,67.99384100457267,0.0,-0.18646725424490748,0.28421052631578947,54
spotted_hyenas,spotted_hyenas/lehmann hyena whoop traces/LGO-_SN_100424_1948_SC_WP_01_S.wav,0,comb,351.56,9.449735618897666,9.267678946627784,1.0,0.6994942655980279,0.9959016393442623,486
spotted_hyenas,spotted_hyenas/lehmann hyena whoop traces/LGO-_SN_100424_1948_SC_WP_01_S.wav,0,comb_noexempt,351.56,8.387868092875237,7.882951199946802,1.0,0.8179859750405896,0.9651639344262295,471
spotted_hyenas,spotted_hyenas/lehmann hyena whoop traces/LGO-_SN_100424_1948_SC_WP_01_S.wav,0,pyin,351.56,7.193633501340435,7.193633501340435,1.0,0.9986166806634519,1.0,488
spotted_hyenas,spotted_hyenas/lehmann hyena whoop traces/LGO-_SN_100424_1948_SC_WP_01_S.wav,2,comb,351.56,9.853362806981195,9.540139177392808,1.0,0.638529159273471,0.9959016393442623,486
spotted_hyenas,spotted_hyenas/lehmann hyena whoop traces/LGO-_SN_100424_1948_SC_WP_01_S.wav,2,comb_noexempt,351.56,8.999278055789315,7.960598078267305,1.0,0.7211291977261756,0.9795081967213115,478
spotted_hyenas,spotted_hyenas/lehmann hyena whoop traces/LGO-_SN_100424_1948_SC_WP_01_S.wav,2,pyin,351.56,8.193173575859545,8.193173575859545,1.0,0.9985504654453087,0.9467213114754098,462
spotted_hyenas,spotted_hyenas/lehmann hyena whoop traces/LGO-_SN_100424_1948_SC_WP_01_S.wav,4,comb,351.56,9.122724875119957,9.122724875119957,1.0,0.7829197764911128,0.9959016393442623,486
spotted_hyenas,spotted_hyenas/lehmann hyena whoop traces/LGO-_SN_100424_1948_SC_WP_01_S.wav,4,comb_noexempt,351.56,8.318027806856241,7.4442962979362655,1.0,0.7532325221310655,0.9528688524590164,465
spotted_hyenas,spotted_hyenas/lehmann hyena whoop traces/LGO-_SN_100424_1948_SC_WP_01_S.wav,4,pyin,351.56,7.05878289698794,7.05878289698794,1.0,0.9987527813845501,0.639344262295082,312
spotted_hyenas,spotted_hyenas/lehmann hyena whoop traces/LGO-_SN_100424_1948_SC_WP_01_S.wav,6,comb,351.56,32.19363714903976,18.0873959265789,1.0,0.7895644868709885,0.9959016393442623,486
spotted_hyenas,spotted_hyenas/lehmann hyena whoop traces/LGO-_SN_100424_1948_SC_WP_01_S.wav,6,comb_noexempt,351.56,8.99080906301733,8.716364353619657,1.0,0.8581098744895804,0.9651639344262295,471
spotted_hyenas,spotted_hyenas/lehmann hyena whoop traces/LGO-_SN_100424_1948_SC_WP_01_S.wav,6,pyin,351.56,7.565381686953787,7.565381686953787,1.0,0.9983267219784676,0.7008196721311475,342
spotted_hyenas,spotted_hyenas/lehmann hyena whoop traces/LGO-_SN_100424_1948_SC_WP_06_A.wav,0,comb,335.94,6.729437630592029,6.546778834064261,1.0,0.7992219200021954,0.991304347826087,342
spotted_hyenas,spotted_hyenas/lehmann hyena whoop traces/LGO-_SN_100424_1948_SC_WP_06_A.wav,0,comb_noexempt,335.94,6.729437630592029,6.354016048047053,1.0,0.7974786848965206,0.991304347826087,342
spotted_hyenas,spotted_hyenas/lehmann hyena whoop traces/LGO-_SN_100424_1948_SC_WP_06_A.wav,0,pyin,335.94,7.05878289698794,7.05878289698794,1.0,0.9963236982362226,1.0,345
spotted_hyenas,spotted_hyenas/lehmann hyena whoop traces/LGO-_SN_100424_1948_SC_WP_06_A.wav,2,comb,335.94,7.0285104400528295,6.809004296978623,1.0,0.8354761786110566,0.991304347826087,342
spotted_hyenas,spotted_hyenas/lehmann hyena whoop traces/LGO-_SN_100424_1948_SC_WP_06_A.wav,2,comb_noexempt,335.94,6.809004296978623,6.447591512983381,1.0,0.8294027477561201,0.991304347826087,342
spotted_hyenas,spotted_hyenas/lehmann hyena whoop traces/LGO-_SN_100424_1948_SC_WP_06_A.wav,2,pyin,335.94,7.05878289698794,7.05878289698794,1.0,0.9957468505177911,0.9101449275362319,314
spotted_hyenas,spotted_hyenas/lehmann hyena whoop traces/LGO-_SN_100424_1948_SC_WP_06_A.wav,4,comb,335.94,7.014383267425188,6.940714107648433,1.0,0.6973578565601772,0.991304347826087,342
spotted_hyenas,spotted_hyenas/lehmann hyena whoop traces/LGO-_SN_100424_1948_SC_WP_06_A.wav,4,comb_noexempt,335.94,6.330245982212375,6.114070017637749,1.0,0.8428572108349667,0.9246376811594202,319
spotted_hyenas,spotted_hyenas/lehmann hyena whoop traces/LGO-_SN_100424_1948_SC_WP_06_A.wav,4,pyin,335.94,7.05878289698794,7.05878289698794,1.0,0.9983369135737074,0.8231884057971014,284
spotted_hyenas,spotted_hyenas/lehmann hyena whoop traces/LGO-_SN_100424_1948_SC_WP_06_A.wav,6,comb,335.94,7.101235086703181,7.089812713034126,1.0,0.7311745322114338,0.991304347826087,342
spotted_hyenas,spotted_hyenas/lehmann hyena whoop traces/LGO-_SN_100424_1948_SC_WP_06_A.wav,6,comb_noexempt,335.94,6.281328879913128,6.0595006235418305,1.0,0.8480943049016731,0.8927536231884058,308
spotted_hyenas,spotted_hyenas/lehmann hyena whoop traces/LGO-_SN_100424_1948_SC_WP_06_A.wav,6,pyin,335.94,7.05878289698794,7.05878289698794,1.0,0.995437935236495,0.6898550724637681,238
spotted_hyenas,spotted_hyenas/lehmann hyena whoop traces/LOGC_SN_20150326_0657_SC_WP_07_A.wav,0,comb,308.59,1201.511379058678,15.486078610521929,0.0,0.9367181728129691,1.0,242
spotted_hyenas,spotted_hyenas/lehmann hyena whoop traces/LOGC_SN_20150326_0657_SC_WP_07_A.wav,0,comb_noexempt,308.59,1203.3071333582802,14.122341095038209,0.0,0.9472218384657353,0.9669421487603306,234
spotted_hyenas,spotted_hyenas/lehmann hyena whoop traces/LOGC_SN_20150326_0657_SC_WP_07_A.wav,0,pyin,308.59,1182.5066440078028,15.100413807178374,0.0,0.9682830146670461,0.45454545454545453,110
spotted_hyenas,spotted_hyenas/lehmann hyena whoop traces/LOGC_SN_20150326_0657_SC_WP_07_A.wav,2,comb,308.59,1201.329047009288,15.963984127552969,0.0,0.9408323978656272,1.0,242
spotted_hyenas,spotted_hyenas/lehmann hyena whoop traces/LOGC_SN_20150326_0657_SC_WP_07_A.wav,2,comb_noexempt,308.59,695.1039997574936,496.7702378967461,0.0,0.9454777183395506,0.987603305785124,239
spotted_hyenas,spotted_hyenas/lehmann hyena whoop traces/LOGC_SN_20150326_0657_SC_WP_07_A.wav,2,pyin,308.59,1198.3089206887798,9.240362882045554,0.0,0.9949977337299641,0.6074380165289256,147
spotted_hyenas,spotted_hyenas/lehmann hyena whoop traces/LOGC_SN_20150326_0657_SC_WP_07_A.wav,4,comb,308.59,1198.4358390312236,22.72133684935872,0.0,0.667663268945993,0.9917355371900827,240
spotted_hyenas,spotted_hyenas/lehmann hyena whoop traces/LOGC_SN_20150326_0657_SC_WP_07_A.wav,4,comb_noexempt,308.59,1571.8730617653935,308.5499892025058,0.0,0.39307387679878003,0.9710743801652892,235
spotted_hyenas,spotted_hyenas/lehmann hyena whoop traces/LOGC_SN_20150326_0657_SC_WP_07_A.wav,6,comb,308.59,561.3189321019147,406.11070028256756,1.0,0.8351555723525046,1.0,242
spotted_hyenas,spotted_hyenas/lehmann hyena whoop traces/LOGC_SN_20150326_0657_SC_WP_07_A.wav,6,comb_noexempt,308.59,2237.420371661914,57.633808572913935,0.0,0.09553459967689759,1.0,242
spotted_hyenas,spotted_hyenas/lehmann hyena whoop traces/LGO-_SN_100603_1828_EC_WP_05_S.wav,0,comb,335.94,9.963125807061886,9.963125807061886,1.0,0.8416550349047011,0.9841628959276018,435
spotted_hyenas,spotted_hyenas/lehmann hyena whoop traces/LGO-_SN_100603_1828_EC_WP_05_S.wav,0,comb_noexempt,335.94,7.133968531220816,7.133968531220816,1.0,0.9990145293211298,0.9773755656108597,432
spotted_hyenas,spotted_hyenas/lehmann hyena whoop traces/LGO-_SN_100603_1828_EC_WP_05_S.wav,0,pyin,335.94,7.7418393270367725,7.7418393270367725,1.0,0.9965319863448469,0.8981900452488688,397
spotted_hyenas,spotted_hyenas/lehmann hyena whoop traces/LGO-_SN_100603_1828_EC_WP_05_S.wav,2,comb,335.94,10.533065868678404,10.533065868678404,1.0,0.8313855256009391,0.9841628959276018,435
spotted_hyenas,spotted_hyenas/lehmann hyena whoop traces/LGO-_SN_100603_1828_EC_WP_05_S.wav,2,comb_noexempt,335.94,11.258814767639851,7.906925159150362,1.0,0.18560188247729417,0.9570135746606335,423
spotted_hyenas,spotted_hyenas/lehmann hyena whoop traces/LGO-_SN_100603_1828_EC_WP_05_S.wav,2,pyin,335.94,529.4164432365812,8.776536900260865,1.0,0.9276103464268523,0.9072398190045249,401
spotted_hyenas,spotted_hyenas/lehmann hyena whoop traces/LGO-_SN_100603_1828_EC_WP_05_S.wav,4,comb,335.94,9.983387134867423,9.983387134867423,1.0,0.8198746758563736,0.9841628959276018,435
spotted_hyenas,spotted_hyenas/lehmann hyena whoop traces/LGO-_SN_100603_1828_EC_WP_05_S.wav,4,comb_noexempt,335.94,10.728006242670045,7.375388861077262,1.0,0.19684603291582467,0.9366515837104072,414
spotted_hyenas,spotted_hyenas/lehmann hyena whoop traces/LGO-_SN_100603_1828_EC_WP_05_S.wav,4,pyin,335.94,11.676678780336559,7.331625950775669,1.0,0.7926042297248176,0.8054298642533937,356
spotted_hyenas,spotted_hyenas/lehmann hyena whoop traces/LGO-_SN_100603_1828_EC_WP_05_S.wav,6,comb,335.94,10.752373968935002,10.752373968935002,1.0,0.8183769844258768,0.9841628959276018,435
spotted_hyenas,spotted_hyenas/lehmann hyena whoop traces/LGO-_SN_100603_1828_EC_WP_05_S.wav,6,comb_noexempt,335.94,11.164885872355127,7.6472837755691625,1.0,0.17289280326170942,0.9502262443438914,420
spotted_hyenas,spotted_hyenas/lehmann hyena whoop traces/LGO-_SN_100603_1828_EC_WP_05_S.wav,6,pyin,335.94,494.66187280702314,10.399362013350588,1.0,0.9005277954343938,0.4592760180995475,203
spotted_hyenas,spotted_hyenas/lehmann hyena whoop traces/MGTA_TW bout1 call2 2017-01-04 20-19-49 A.wav,0,comb,318.36,1185.9889858968813,259.70892430929683,0.0,0.3149180441690482,1.0,180
spotted_hyenas,spotted_hyenas/lehmann hyena whoop traces/MGTA_TW bout1 call2 2017-01-04 20-19-49 A.wav,0,comb_noexempt,318.36,1182.0415424265975,275.4315891580474,0.0,0.3021401295820879,1.0,180
spotted_hyenas,spotted_hyenas/lehmann hyena whoop traces/MGTA_TW bout1 call2 2017-01-04 20-19-49 A.wav,0,pyin,318.36,143.71270446003246,56.58357414939493,1.0,0.9351981673407797,0.7611111111111111,137
spotted_hyenas,spotted_hyenas/lehmann hyena whoop traces/MGTA_TW bout1 call2 2017-01-04 20-19-49 A.wav,2,comb,318.36,1833.2932286428081,183.2832659940779,0.0,0.9129149255491681,1.0,180
spotted_hyenas,spotted_hyenas/lehmann hyena whoop traces/MGTA_TW bout1 call2 2017-01-04 20-19-49 A.wav,2,comb_noexempt,318.36,1881.351984267375,174.19134061318593,0.0,0.3792191892157159,0.9444444444444444,170
spotted_hyenas,spotted_hyenas/lehmann hyena whoop traces/MGTA_TW bout1 call2 2017-01-04 20-19-49 A.wav,2,pyin,318.36,1912.6346005541484,171.46142498521792,0.0,0.5995247905584501,0.95,171
spotted_hyenas,spotted_hyenas/lehmann hyena whoop traces/MGTA_TW bout1 call2 2017-01-04 20-19-49 A.wav,4,comb,318.36,1195.976016516804,257.6088282260356,0.0,0.31451429161590705,1.0,180
spotted_hyenas,spotted_hyenas/lehmann hyena whoop traces/MGTA_TW bout1 call2 2017-01-04 20-19-49 A.wav,4,comb_noexempt,318.36,1171.538993015399,267.9855750016681,0.0,0.3583227880545077,0.9777777777777777,176
spotted_hyenas,spotted_hyenas/lehmann hyena whoop traces/MGTA_TW bout1 call2 2017-01-04 20-19-49 A.wav,6,comb,318.36,1203.5451014775322,233.33875870376295,0.0,0.2155187003483617,1.0,180
spotted_hyenas,spotted_hyenas/lehmann hyena whoop traces/MGTA_TW bout1 call2 2017-01-04 20-19-49 A.wav,6,comb_noexempt,318.36,2107.3400542348627,148.14362076264734,0.0,-0.8639877929491051,0.9666666666666667,174
spotted_hyenas,spotted_hyenas/lehmann hyena whoop traces/MGTA_TW bout1 call2 2017-01-04 20-19-49 A.wav,6,pyin,318.36,1946.0801449303801,75.06226498368504,0.0,-0.42617754353289616,0.38333333333333336,69
spotted_hyenas,spotted_hyenas/lehmann hyena whoop traces/MTN-_SS_100608_----_EC_WP_00_S.wav,0,comb,339.84,1205.361975083181,18.734161727502116,0.0,0.6163097579925515,0.9728915662650602,323
spotted_hyenas,spotted_hyenas/lehmann hyena whoop traces/MTN-_SS_100608_----_EC_WP_00_S.wav,0,comb_noexempt,339.84,12.605651047838457,12.605651047838457,1.0,0.8913618443662623,0.9909638554216867,329
spotted_hyenas,spotted_hyenas/lehmann hyena whoop traces/MTN-_SS_100608_----_EC_WP_00_S.wav,0,pyin,339.84,231.19678145024858,9.54639580295436,1.0,-0.2678684037738225,0.9397590361445783,312
spotted_hyenas,spotted_hyenas/lehmann hyena whoop traces/MTN-_SS_100608_----_EC_WP_00_S.wav,2,comb,339.84,1205.4288060653216,24.942158023364577,0.0,0.5692906226877893,0.9759036144578314,324
spotted_hyenas,spotted_hyenas/lehmann hyena whoop traces/MTN-_SS_100608_----_EC_WP_00_S.wav,2,comb_noexempt,339.84,1598.1428617735576,171.6512139623857,0.0,0.26495347592004614,0.9909638554216867,329
spotted_hyenas,spotted_hyenas/lehmann hyena whoop traces/MTN-_SS_100608_----_EC_WP_00_S.wav,2,pyin,339.84,1206.9338633864731,59.71630759404112,0.0,0.3901354763967765,0.8765060240963856,291
spotted_hyenas,spotted_hyenas/lehmann hyena whoop traces/MTN-_SS_100608_----_EC_WP_00_S.wav,4,comb,339.84,1204.5117561261718,29.779569007164383,0.0,0.3902432512910749,0.9909638554216867,329
spotted_hyenas,spotted_hyenas/lehmann hyena whoop traces/MTN-_SS_100608_----_EC_WP_00_S.wav,4,comb_noexempt,339.84,1196.8674239983707,13.35914189287237,0.0,0.8471915462218071,0.9307228915662651,309
spotted_hyenas,spotted_hyenas/lehmann hyena whoop traces/MTN-_SS_100608_----_EC_WP_00_S.wav,4,pyin,339.84,1437.7689673085158,207.07111809917063,0.0,0.7499593352657236,0.41566265060240964,138
spotted_hyenas,spotted_hyenas/lehmann hyena whoop traces/MTN-_SS_100608_----_EC_WP_00_S.wav,6,comb,339.84,1201.943310053009,30.635053042161324,0.0,0.4864540734095321,0.9849397590361446,327
spotted_hyenas,spotted_hyenas/lehmann hyena whoop traces/MTN-_SS_100608_----_EC_WP_00_S.wav,6,comb_noexempt,339.84,1197.5074097655975,17.520955360724358,0.0,0.8219041339260533,0.9819277108433735,326
spotted_hyenas,spotted_hyenas/lehmann hyena whoop traces/MTN-_SS_100608_----_EC_WP_00_S.wav,6,pyin,339.84,1311.5647333549855,111.56473335498546,0.0,0.08679517145307732,0.05421686746987952,18
spotted_hyenas,spotted_hyenas/lehmann hyena whoop traces/MTN-_SS_100608_----_EC_WP_07_A.wav,0,comb,316.41,22.66449141284309,22.232769541142297,1.0,0.6716060951044489,0.9846625766871165,321
spotted_hyenas,spotted_hyenas/lehmann hyena whoop traces/MTN-_SS_100608_----_EC_WP_07_A.wav,0,comb_noexempt,316.41,22.408282652250406,22.080350989348503,1.0,0.6645135136318594,0.9662576687116564,315
spotted_hyenas,spotted_hyenas/lehmann hyena whoop traces/MTN-_SS_100608_----_EC_WP_07_A.wav,0,pyin,316.41,20.477018880545387,20.477018880545387,1.0,0.989073840373736,0.9570552147239264,312
spotted_hyenas,spotted_hyenas/lehmann hyena whoop traces/MTN-_SS_100608_----_EC_WP_07_A.wav,2,comb,316.41,1063.0657444289163,150.95626174085206,0.0,-0.16411656962445803,0.9846625766871165,321
spotted_hyenas,spotted_hyenas/lehmann hyena whoop traces/MTN-_SS_100608_----_EC_WP_07_A.wav,2,comb_noexempt,316.41,1187.6968547610688,35.279271391304555,0.0,0.08888301926197757,0.9785276073619632,319
spotted_hyenas,spotted_hyenas/lehmann hyena whoop traces/MTN-_SS_100608_----_EC_WP_07_A.wav,2,pyin,316.41,2189.8634074228203,210.13659257717984,0.0,0.6243944488747255,0.06134969325153374,20
spotted_hyenas,spotted_hyenas/lehmann hyena whoop traces/MTN-_SS_100608_----_EC_WP_07_A.wav,4,comb,316.41,1063.0657444289163,154.54711958108,0.0,-0.17621907556052796,0.9846625766871165,321
spotted_hyenas,spotted_hyenas/lehmann hyena whoop traces/MTN-_SS_100608_----_EC_WP_07_A.wav,4,comb_noexempt,316.41,1730.8875495467885,175.475900186116,0.0,-0.2195398831297993,0.9693251533742331,316
spotted_hyenas,spotted_hyenas/lehmann hyena whoop traces/MTN-_SS_100608_----_EC_WP_07_A.wav,4,pyin,316.41,1730.7024541665012,145.96660674578047,0.0,-0.6199969676391841,0.3773006134969325,123
spotted_hyenas,spotted_hyenas/lehmann hyena whoop traces/MTN-_SS_100608_----_EC_WP_07_A.wav,6,comb,316.41,1372.8326227094183,187.92307938069453,0.0,0.7190065437609408,0.9846625766871165,321
spotted_hyenas,spotted_hyenas/lehmann hyena whoop traces/MTN-_SS_100608_----_EC_WP_07_A.wav,6,comb_noexempt,316.41,1924.4515814279457,83.48338766641714,0.0,0.653387043709671,0.9631901840490797,314
spotted_hyenas,spotted_hyenas/lehmann hyena whoop traces/ONEK_SS_150302_0846_SC_WP_05_A.wav,0,comb,277.34,1203.9061549056087,9.979236738415736,0.0,0.27375912009429404,0.9918478260869565,365
spotted_hyenas,spotted_hyenas/lehmann hyena whoop traces/ONEK_SS_150302_0846_SC_WP_05_A.wav,0,comb_noexempt,277.34,1203.387438674677,9.501893335899949,0.0,0.8993324139443551,0.9782608695652174,360
spotted_hyenas,spotted_hyenas/lehmann hyena whoop traces/ONEK_SS_150302_0846_SC_WP_05_A.wav,0,pyin,277.34,688.8987395254637,501.1012604745361,0.0,0.4763561920360174,1.0,368
spotted_hyenas,spotted_hyenas/lehmann hyena whoop traces/ONEK_SS_150302_0846_SC_WP_05_A.wav,2,comb,277.34,1202.8721313480657,9.801859776133671,0.0,0.8794084203846927,0.9918478260869565,365
spotted_hyenas,spotted_hyenas/lehmann hyena whoop traces/ONEK_SS_150302_0846_SC_WP_05_A.wav,2,comb_noexempt,277.34,1202.8721313480657,9.300659405009482,0.0,0.9435186455618889,0.9538043478260869,351
spotted_hyenas,spotted_hyenas/lehmann hyena whoop traces/ONEK_SS_150302_0846_SC_WP_05_A.wav,2,pyin,277.34,1197.0254899097094,6.583574149394948,0.0,-0.36370971332051816,0.7663043478260869,282
spotted_hyenas,spotted_hyenas/lehmann hyena whoop traces/ONEK_SS_150302_0846_SC_WP_05_A.wav,4,comb,277.34,1202.8721313480657,10.70001893726545,0.0,0.1814884977896087,0.9918478260869565,365
spotted_hyenas,spotted_hyenas/lehmann hyena whoop traces/ONEK_SS_150302_0846_SC_WP_05_A.wav,4,comb_noexempt,277.34,1202.8721313480657,7.882860728544992,0.0,0.9441739042422352,0.9293478260869565,342
spotted_hyenas,spotted_hyenas/lehmann hyena whoop traces/ONEK_SS_150302_0846_SC_WP_05_A.wav,4,pyin,277.34,1201.1012604745363,6.583574149394948,0.0,0.84002708222567,0.6956521739130435,256
spotted_hyenas,spotted_hyenas/lehmann hyena whoop traces/ONEK_SS_150302_0846_SC_WP_05_A.wav,6,comb,277.34,1202.5106793478844,10.220563748104297,0.0,0.9032493108414746,0.9918478260869565,365
spotted_hyenas,spotted_hyenas/lehmann hyena whoop traces/ONEK_SS_150302_0846_SC_WP_05_A.wav,6,comb_noexempt,277.34,1903.7652180065731,8.802404513400699,0.0,0.8704895034128054,0.9918478260869565,365
spotted_hyenas,spotted_hyenas/lehmann hyena whoop traces/ONEK_SS_150302_0846_SC_WP_05_A.wav,6,pyin,277.34,1471.3109278937497,167.2548467249836,0.0,-0.6496205179631452,0.1331521739130435,49
spotted_hyenas,spotted_hyenas/lehmann hyena whoop traces/PALA_SS_150225_0736_EC_WP_10_A.wav,0,comb,300.78,7.185600327735204,7.185600327735204,1.0,0.853108631261017,1.0,435
spotted_hyenas,spotted_hyenas/lehmann hyena whoop traces/PALA_SS_150225_0736_EC_WP_10_A.wav,0,comb_noexempt,300.78,7.125288813561795,7.125288813561795,1.0,0.7665234477391577,1.0,435
spotted_hyenas,spotted_hyenas/lehmann hyena whoop traces/PALA_SS_150225_0736_EC_WP_10_A.wav,0,pyin,300.78,11.0297010249414,11.0297010249414,1.0,0.9823305145892886,0.9908045977011494,431
spotted_hyenas,spotted_hyenas/lehmann hyena whoop traces/PALA_SS_150225_0736_EC_WP_10_A.wav,2,comb,300.78,7.084550033140324,7.084550033140324,1.0,0.8499397972349095,1.0,435
spotted_hyenas,spotted_hyenas/lehmann hyena whoop traces/PALA_SS_150225_0736_EC_WP_10_A.wav,2,comb_noexempt,300.78,6.728715902625398,6.728715902625398,1.0,0.9366735154445073,0.9816091954022989,427
spotted_hyenas,spotted_hyenas/lehmann hyena whoop traces/PALA_SS_150225_0736_EC_WP_10_A.wav,2,pyin,300.78,9.034367602790539,8.912463435234848,1.0,0.019791638001628777,0.7770114942528735,338
spotted_hyenas,spotted_hyenas/lehmann hyena whoop traces/PALA_SS_150225_0736_EC_WP_10_A.wav,4,comb,300.78,6.974318673728839,6.974318673728839,1.0,0.8514918074450715,1.0,435
spotted_hyenas,spotted_hyenas/lehmann hyena whoop traces/PALA_SS_150225_0736_EC_WP_10_A.wav,4,comb_noexempt,300.78,1204.9421180018699,9.766246014273221,0.0,-0.01096814617176075,1.0,435
spotted_hyenas,spotted_hyenas/lehmann hyena whoop traces/PALA_SS_150225_0736_EC_WP_10_A.wav,4,pyin,300.78,21.890757894791193,21.26860779887174,1.0,0.5276418186870001,0.4045977011494253,176
spotted_hyenas,spotted_hyenas/lehmann hyena whoop traces/PALA_SS_150225_0736_EC_WP_10_A.wav,6,comb,300.78,9.252071185151092,9.252071185151092,1.0,0.7600001732983964,1.0,435
spotted_hyenas,spotted_hyenas/lehmann hyena whoop traces/PALA_SS_150225_0736_EC_WP_10_A.wav,6,comb_noexempt,300.78,1907.2284371386422,8.369707430838666,0.0,0.6050312010004165,0.9977011494252873,434
spotted_hyenas,spotted_hyenas/lehmann hyena whoop traces/PALA_SS_150225_0736_EC_WP_10_A.wav,6,pyin,300.78,1904.8901928661421,108.96582118022677,0.0,-0.11759565656938771,0.19770114942528735,86
spotted_hyenas,spotted_hyenas/lehmann hyena whoop traces/PGLG_HZ_100626_0827_SC_WP_01_A.wav,0,comb,406.25,20.105346750189042,20.105346750189042,1.0,0.6752013751375945,0.9765625,125
spotted_hyenas,spotted_hyenas/lehmann hyena whoop traces/PGLG_HZ_100626_0827_SC_WP_01_A.wav,0,comb_noexempt,406.25,19.794983658073434,15.93866827281841,1.0,-0.14647731272385242,0.953125,122
spotted_hyenas,spotted_hyenas/lehmann hyena whoop traces/PGLG_HZ_100626_0827_SC_WP_01_A.wav,0,pyin,406.25,63.38777307250156,63.38777307250156,1.0,0.9795087325466693,0.828125,106
spotted_hyenas,spotted_hyenas/lehmann hyena whoop traces/PGLG_HZ_100626_0827_SC_WP_01_A.wav,2,comb,406.25,30.594759452056284,24.56607657308063,1.0,-0.07863273166292858,0.9765625,125
spotted_hyenas,spotted_hyenas/lehmann hyena whoop traces/PGLG_HZ_100626_0827_SC_WP_01_A.wav,2,comb_noexempt,406.25,694.9585600056342,485.67362277733946,0.0,0.06662970534452925,0.9765625,125
spotted_hyenas,spotted_hyenas/lehmann hyena whoop traces/PGLG_HZ_100626_0827_SC_WP_01_A.wav,4,comb,406.25,65.97294495846754,65.97294495846754,1.0,0.8333276151335588,0.9765625,125
spotted_hyenas,spotted_hyenas/lehmann hyena whoop traces/PGLG_HZ_100626_0827_SC_WP_01_A.wav,4,comb_noexempt,406.25,1562.2349770479575,318.66887250516373,0.0,-0.03291075816308737,0.9765625,125
spotted_hyenas,spotted_hyenas/lehmann hyena whoop traces/PGLG_HZ_100626_0827_SC_WP_01_A.wav,4,pyin,406.25,1793.053465439319,108.90153542606843,0.0,0.25819888974716104,0.0546875,7
spotted_hyenas,spotted_hyenas/lehmann hyena whoop traces/PGLG_HZ_100626_0827_SC_WP_01_A.wav,6,comb,406.25,430.19573144195186,430.19573144195186,1.0,-0.44193788104973475,0.9765625,125
spotted_hyenas,spotted_hyenas/lehmann hyena whoop traces/PGLG_HZ_100626_0827_SC_WP_01_A.wav,6,comb_noexempt,406.25,1559.940138612175,307.73248102253837,0.0,0.16991935060468652,0.9609375,123
spotted_hyenas,spotted_hyenas/lehmann hyena whoop traces/PGLG_HZ_100626_0827_SC_WP_01_A.wav,6,pyin,406.25,2711.3406698647227,311.3406698647229,0.0,-0.817893927646698,0.1953125,25
spotted_hyenas,spotted_hyenas/lehmann hyena whoop traces/PIKE_HZ_100510_0647_EC_WP_02_S.wav,0,comb,339.84,1161.5043475550538,10.293174730699583,0.0,0.4542989367102409,0.9775280898876404,348
spotted_hyenas,spotted_hyenas/lehmann hyena whoop traces/PIKE_HZ_100510_0647_EC_WP_02_S.wav,0,comb_noexempt,339.84,1188.4346599312692,8.63570735234556,0.0,0.43378403736210663,0.9410112359550562,335
spotted_hyenas,spotted_hyenas/lehmann hyena whoop traces/PIKE_HZ_100510_0647_EC_WP_02_S.wav,0,pyin,339.84,9.439853397620665,9.439853397620665,1.0,0.9992810889386718,0.952247191011236,339
spotted_hyenas,spotted_hyenas/lehmann hyena whoop traces/PIKE_HZ_100510_0647_EC_WP_02_S.wav,2,comb,339.84,702.9829153257415,438.22662712953513,0.0,0.2716940892194681,0.9915730337078652,353
spotted_hyenas,spotted_hyenas/lehmann hyena whoop traces/PIKE_HZ_100510_0647_EC_WP_02_S.wav,2,comb_noexempt,339.84,703.1983694628972,479.3352529390668,0.0,0.5170367433328573,0.9606741573033708,342
spotted_hyenas,spotted_hyenas/lehmann hyena whoop traces/PIKE_HZ_100510_0647_EC_WP_02_S.wav,2,pyin,339.84,1881.5872581527717,165.79884348567478,0.0,-0.3019210089670478,0.5589887640449438,199
spotted_hyenas,spotted_hyenas/lehmann hyena whoop traces/PIKE_HZ_100510_0647_EC_WP_02_S.wav,4,comb,339.84,703.4442600327422,438.22662712953513,0.0,0.2616855251259219,0.9915730337078652,353
spotted_hyenas,spotted_hyenas/lehmann hyena whoop traces/PIKE_HZ_100510_0647_EC_WP_02_S.wav,4,comb_noexempt,339.84,1172.9743728647977,110.50229827282003,0.0,0.24104559722630647,0.9634831460674157,343
spotted_hyenas,spotted_hyenas/lehmann hyena whoop traces/PIKE_HZ_100510_0647_EC_WP_02_S.wav,4,pyin,339.84,1192.7535896224917,12.797685125548483,0.0,0.3884265225685792,0.5224719101123596,186
spotted_hyenas,spotted_hyenas/lehmann hyena whoop traces/PIKE_HZ_100510_0647_EC_WP_02_S.wav,6,comb,339.84,698.8153573753954,439.22153575197217,0.0,0.21536943108219703,0.9915730337078652,353
spotted_hyenas,spotted_hyenas/lehmann hyena whoop traces/PIKE_HZ_100510_0647_EC_WP_02_S.wav,6,comb_noexempt,339.84,704.3769693017821,487.25189905815483,0.0,0.5364118631926533,0.9073033707865169,323
spotted_hyenas,spotted_hyenas/lehmann hyena whoop traces/PIKE_HZ_100510_0647_EC_WP_02_S.wav,6,pyin,339.84,1870.6686246324275,50.3677427126163,0.0,-0.5883137083846304,0.0702247191011236,25
spotted_hyenas,spotted_hyenas/lehmann hyena whoop traces/RALI_SN_150320_0641_SC_WP_03_A.wav,0,comb,402.34,6.07121573029272,6.07121573029272,1.0,0.9813140147206093,1.0,258
spotted_hyenas,spotted_hyenas/lehmann hyena whoop traces/RALI_SN_150320_0641_SC_WP_03_A.wav,0,comb_noexempt,402.34,6.07121573029272,6.07121573029272,1.0,0.9813140147206093,1.0,258
spotted_hyenas,spotted_hyenas/lehmann hyena whoop traces/RALI_SN_150320_0641_SC_WP_03_A.wav,0,pyin,402.34,6.804487108092318,6.804487108092318,1.0,0.9947737974732075,1.0,258
spotted_hyenas,spotted_hyenas/lehmann hyena whoop traces/RALI_SN_150320_0641_SC_WP_03_A.wav,2,comb,402.34,6.281097899071767,6.281097899071767,1.0,0.981754987161854,1.0,258
spotted_hyenas,spotted_hyenas/lehmann hyena whoop traces/RALI_SN_150320_0641_SC_WP_03_A.wav,2,comb_noexempt,402.34,6.281097899071767,6.281097899071767,1.0,0.9818853110732273,1.0,258
spotted_hyenas,spotted_hyenas/lehmann hyena whoop traces/RALI_SN_150320_0641_SC_WP_03_A.wav,2,pyin,402.34,8.65974624280615,8.65974624280615,1.0,0.9927841155035887,1.0,258
spotted_hyenas,spotted_hyenas/lehmann hyena whoop traces/RALI_SN_150320_0641_SC_WP_03_A.wav,4,comb,402.34,6.2578303140412075,6.2578303140412075,1.0,0.9816073182683619,1.0,258
spotted_hyenas,spotted_hyenas/lehmann hyena whoop traces/RALI_SN_150320_0641_SC_WP_03_A.wav,4,comb_noexempt,402.34,6.3545194935181994,6.3545194935181994,1.0,0.981688318032663,1.0,258
spotted_hyenas,spotted_hyenas/lehmann hyena whoop traces/RALI_SN_150320_0641_SC_WP_03_A.wav,4,pyin,402.34,6.6745242424618585,6.6745242424618585,1.0,0.9991960397084059,0.8333333333333334,215
spotted_hyenas,spotted_hyenas/lehmann hyena whoop traces/RALI_SN_150320_0641_SC_WP_03_A.wav,6,comb,402.34,8.957915060570791,8.479222410454089,1.0,0.667701796979023,1.0,258
spotted_hyenas,spotted_hyenas/lehmann hyena whoop traces/RALI_SN_150320_0641_SC_WP_03_A.wav,6,comb_noexempt,402.34,6.557004370372928,6.557004370372928,1.0,0.9819627026325102,0.9922480620155039,256
spotted_hyenas,spotted_hyenas/lehmann hyena whoop traces/RALI_SN_150320_0641_SC_WP_03_A.wav,6,pyin,402.34,8.044212768487409,8.044212768487409,1.0,0.9985542515479306,0.7054263565891473,182
spotted_hyenas,spotted_hyenas/lehmann hyena whoop traces/RBC-_SN_100508_1851_EC_WP_03_A.wav,0,comb,285.16,1199.8228155594525,12.549121356589367,0.0,0.8830008970073069,0.9678899082568807,211
spotted_hyenas,spotted_hyenas/lehmann hyena whoop traces/RBC-_SN_100508_1851_EC_WP_03_A.wav,0,comb_noexempt,285.16,1198.9037516825733,9.29210312532589,0.0,0.935838566774439,0.908256880733945,198
spotted_hyenas,spotted_hyenas/lehmann hyena whoop traces/RBC-_SN_100508_1851_EC_WP_03_A.wav,0,pyin,285.16,1171.7886359569666,23.939353628733556,0.0,0.5249552788909173,0.8899082568807339,194
spotted_hyenas,spotted_hyenas/lehmann hyena whoop traces/RBC-_SN_100508_1851_EC_WP_03_A.wav,2,comb,285.16,1199.8467044871109,11.961863712915981,0.0,0.9087702071034596,0.9724770642201835,212
spotted_hyenas,spotted_hyenas/lehmann hyena whoop traces/RBC-_SN_100508_1851_EC_WP_03_A.wav,2,comb_noexempt,285.16,700.0445757873938,496.1962537875727,0.0,0.9114600501915198,0.9862385321100917,215
spotted_hyenas,spotted_hyenas/lehmann hyena whoop traces/RBC-_SN_100508_1851_EC_WP_03_A.wav,2,pyin,285.16,1636.0947216301493,234.47641959020535,0.0,-0.832475113459529,0.7752293577981652,169
spotted_hyenas,spotted_hyenas/lehmann hyena whoop traces/RBC-_SN_100508_1851_EC_WP_03_A.wav,4,comb,285.16,1198.2565642283766,11.404129872725733,0.0,0.906992854001666,0.9724770642201835,212
spotted_hyenas,spotted_hyenas/lehmann hyena whoop traces/RBC-_SN_100508_1851_EC_WP_03_A.wav,4,comb_noexempt,285.16,1586.285045981464,221.20102045276516,0.0,-0.7770820720357727,0.9862385321100917,215
spotted_hyenas,spotted_hyenas/lehmann hyena whoop traces/RBC-_SN_100508_1851_EC_WP_03_A.wav,4,pyin,285.16,911.7649015034767,98.47562544707242,0.0,-0.7480770606849091,0.29357798165137616,64
spotted_hyenas,spotted_hyenas/lehmann hyena whoop traces/RBC-_SN_100508_1851_EC_WP_03_A.wav,6,comb,285.16,1200.7010724881586,13.299094086197645,0.0,0.8380562158356835,0.9724770642201835,212
spotted_hyenas,spotted_hyenas/lehmann hyena whoop traces/RBC-_SN_100508_1851_EC_WP_03_A.wav,6,comb_noexempt,285.16,1590.1989897760639,237.87993469999654,0.0,-0.7732338765212051,0.9862385321100917,215
spotted_hyenas,spotted_hyenas/lehmann hyena whoop traces/RALI_SN_150320_0641_SC_WP_09_K.wav,0,comb,355.47,5.011134150178276,5.011134150178276,1.0,0.9907072980541247,1.0,480
spotted_hyenas,spotted_hyenas/lehmann hyena whoop traces/RALI_SN_150320_0641_SC_WP_09_K.wav,0,comb_noexempt,355.47,5.011134150178276,5.011134150178276,1.0,0.9960689496204179,1.0,480
spotted_hyenas,spotted_hyenas/lehmann hyena whoop traces/RALI_SN_150320_0641_SC_WP_09_K.wav,0,pyin,355.47,5.172139021545273,5.172139021545273,1.0,0.9958260997984091,1.0,480
spotted_hyenas,spotted_hyenas/lehmann hyena whoop traces/RALI_SN_150320_0641_SC_WP_09_K.wav,2,comb,355.47,4.925463613170768,4.925463613170768,1.0,0.9915634906452603,1.0,480
spotted_hyenas,spotted_hyenas/lehmann hyena whoop traces/RALI_SN_150320_0641_SC_WP_09_K.wav,2,comb_noexempt,355.47,4.925463613170768,4.925463613170768,1.0,0.9915634906452603,1.0,480
spotted_hyenas,spotted_hyenas/lehmann hyena whoop traces/RALI_SN_150320_0641_SC_WP_09_K.wav,2,pyin,355.47,4.782077151671137,4.782077151671137,1.0,0.9976600578122893,0.9916666666666667,476
spotted_hyenas,spotted_hyenas/lehmann hyena whoop traces/RALI_SN_150320_0641_SC_WP_09_K.wav,4,comb,355.47,4.925463613170768,4.925463613170768,1.0,0.985541096370135,1.0,480
spotted_hyenas,spotted_hyenas/lehmann hyena whoop traces/RALI_SN_150320_0641_SC_WP_09_K.wav,4,comb_noexempt,355.47,4.925463613170768,4.925463613170768,1.0,0.9925114788871368,1.0,480
spotted_hyenas,spotted_hyenas/lehmann hyena whoop traces/RALI_SN_150320_0641_SC_WP_09_K.wav,4,pyin,355.47,5.108334576154547,5.108334576154547,1.0,0.9867633080967823,0.9916666666666667,476
spotted_hyenas,spotted_hyenas/lehmann hyena whoop traces/RALI_SN_150320_0641_SC_WP_09_K.wav,6,comb,355.47,4.835560472615274,4.835560472615274,1.0,0.9851878518497607,1.0,480
spotted_hyenas,spotted_hyenas/lehmann hyena whoop traces/RALI_SN_150320_0641_SC_WP_09_K.wav,6,comb_noexempt,355.47,4.873581610584608,4.873581610584608,1.0,0.9923329190682703,1.0,480
spotted_hyenas,spotted_hyenas/lehmann hyena whoop traces/RALI_SN_150320_0641_SC_WP_09_K.wav,6,pyin,355.47,5.08741886022181,5.08741886022181,1.0,0.9985744984677529,0.9125,438
spotted_hyenas,spotted_hyenas/lehmann hyena whoop traces/RBC-_SN_100508_1851_EC_WP_09_A.wav,0,comb,246.09,696.8252111915865,490.35591888559685,0.0,0.7195582957470708,0.9942028985507246,343
spotted_hyenas,spotted_hyenas/lehmann hyena whoop traces/RBC-_SN_100508_1851_EC_WP_09_A.wav,0,comb_noexempt,246.09,695.6249120905279,491.0145702582837,0.0,0.7417070769034608,0.9681159420289855,334
spotted_hyenas,spotted_hyenas/lehmann hyena whoop traces/RBC-_SN_100508_1851_EC_WP_09_A.wav,0,pyin,246.09,1195.0975073628872,15.487452586392646,0.0,-0.3945123796652217,0.8376811594202899,289
spotted_hyenas,spotted_hyenas/lehmann hyena whoop traces/RBC-_SN_100508_1851_EC_WP_09_A.wav,2,comb,246.09,1588.7113808819313,298.392676882488,0.0,-0.41430799249559225,0.9942028985507246,343
spotted_hyenas,spotted_hyenas/lehmann hyena whoop traces/RBC-_SN_100508_1851_EC_WP_09_A.wav,2,comb_noexempt,246.09,1590.432778599843,296.80769183189665,0.0,-0.425481773979393,0.9739130434782609,336
spotted_hyenas,spotted_hyenas/lehmann hyena whoop traces/RBC-_SN_100508_1851_EC_WP_09_A.wav,2,pyin,246.09,1194.6842808868387,10.787650225308813,0.0,0.9246844146480906,0.40869565217391307,141
spotted_hyenas,spotted_hyenas/lehmann hyena whoop traces/RBC-_SN_100508_1851_EC_WP_09_A.wav,4,comb,246.09,1562.7766944853615,249.91012041543334,0.0,-0.5102379421974786,0.9942028985507246,343
spotted_hyenas,spotted_hyenas/lehmann hyena whoop traces/RBC-_SN_100508_1851_EC_WP_09_A.wav,4,comb_noexempt,246.09,1588.6834229752133,298.392676882488,0.0,-0.43032869308561245,0.9884057971014493,341
spotted_hyenas,spotted_hyenas/lehmann hyena whoop traces/RBC-_SN_100508_1851_EC_WP_09_A.wav,4,pyin,246.09,1103.0418417981266,179.03906102673272,0.0,-0.7268421712730393,0.19130434782608696,66
spotted_hyenas,spotted_hyenas/lehmann hyena whoop traces/RBC-_SN_100508_1851_EC_WP_09_A.wav,6,comb,246.09,2395.3861031590773,72.35807401614923,0.0,0.0038571317095750773,0.9942028985507246,343
spotted_hyenas,spotted_hyenas/lehmann hyena whoop traces/RBC-_SN_100508_1851_EC_WP_09_A.wav,6,comb_noexempt,246.09,2396.553856586884,71.01960913943029,0.0,-0.014310495561709873,0.9942028985507246,343
spotted_hyenas,spotted_hyenas/lehmann hyena whoop traces/RBC-_SN_100508_1851_EC_WP_09_A.wav,6,pyin,246.09,2175.6124340213573,168.71957048076945,0.0,-0.046277913771819064,0.17971014492753623,62
spotted_hyenas,spotted_hyenas/lehmann hyena whoop traces/RMON_SN_150225_1800_EC_WP_04_S.wav,0,comb,328.12,7.6315462934056,7.6315462934056,1.0,0.9987053795096157,0.9809358752166378,566
spotted_hyenas,spotted_hyenas/lehmann hyena whoop traces/RMON_SN_150225_1800_EC_WP_04_S.wav,0,comb_noexempt,328.12,7.6315462934056,7.6315462934056,1.0,0.9987053795096157,0.9809358752166378,566
spotted_hyenas,spotted_hyenas/lehmann hyena whoop traces/RMON_SN_150225_1800_EC_WP_04_S.wav,0,pyin,328.12,18.628134804875533,18.628134804875533,1.0,0.9872816904645025,0.8128249566724437,469
spotted_hyenas,spotted_hyenas/lehmann hyena whoop traces/RMON_SN_150225_1800_EC_WP_04_S.wav,2,comb,328.12,7.257771756461908,7.257771756461908,1.0,0.9987765584286054,0.9809358752166378,566
spotted_hyenas,spotted_hyenas/lehmann hyena whoop traces/RMON_SN_150225_1800_EC_WP_04_S.wav,2,comb_noexempt,328.12,7.1795405517195166,7.1795405517195166,1.0,0.9990907667242795,0.9688041594454073,559
spotted_hyenas,spotted_hyenas/lehmann hyena whoop traces/RMON_SN_150225_1800_EC_WP_04_S.wav,2,pyin,328.12,6.946534560680807,6.946534560680807,1.0,0.9992432832135195,0.9688041594454073,559
spotted_hyenas,spotted_hyenas/lehmann hyena whoop traces/RMON_SN_150225_1800_EC_WP_04_S.wav,4,comb,328.12,7.347992085378982,7.347992085378982,1.0,0.998659338383415,0.9878682842287695,570
spotted_hyenas,spotted_hyenas/lehmann hyena whoop traces/RMON_SN_150225_1800_EC_WP_04_S.wav,4,comb_noexempt,328.12,7.229248351640854,7.229248351640854,1.0,0.998835208849229,0.9809358752166378,566
spotted_hyenas,spotted_hyenas/lehmann hyena whoop traces/RMON_SN_150225_1800_EC_WP_04_S.wav,4,pyin,328.12,7.309268771832904,7.309268771832904,1.0,-0.7617018759246792,0.5771230502599654,333
spotted_hyenas,spotted_hyenas/lehmann hyena whoop traces/RMON_SN_150225_1800_EC_WP_04_S.wav,6,comb,328.12,7.688904369573609,7.688904369573609,1.0,0.980078590440619,0.9878682842287695,570
spotted_hyenas,spotted_hyenas/lehmann hyena whoop traces/RMON_SN_150225_1800_EC_WP_04_S.wav,6,comb_noexempt,328.12,7.219826915184244,7.219826915184244,1.0,0.9991772267310087,0.9688041594454073,559
spotted_hyenas,spotted_hyenas/lehmann hyena whoop traces/RMON_SN_150225_1800_EC_WP_04_S.wav,6,pyin,328.12,2197.171556432035,202.828443567965,0.0,-0.07452650352369405,0.02772963604852686,16
spotted_hyenas,spotted_hyenas/lehmann hyena whoop traces/ROOS_TW_140708_1912_SC_WP_04_A.wav,0,comb,337.89,6.1885804982237484,6.1885804982237484,1.0,0.9708864079239966,0.9970238095238095,335
spotted_hyenas,spotted_hyenas/lehmann hyena whoop traces/ROOS_TW_140708_1912_SC_WP_04_A.wav,0,comb_noexempt,337.89,6.1885804982237484,6.1885804982237484,1.0,0.9732205893763464,0.9970238095238095,335
spotted_hyenas,spotted_hyenas/lehmann hyena whoop traces/ROOS_TW_140708_1912_SC_WP_04_A.wav,0,pyin,337.89,8.33272291224222,8.33272291224222,1.0,0.9977943034495695,0.9851190476190477,331
spotted_hyenas,spotted_hyenas/lehmann hyena whoop traces/ROOS_TW_140708_1912_SC_WP_04_A.wav,2,comb,337.89,6.690078420623415,6.690078420623415,1.0,0.9710667872090182,0.9970238095238095,335
spotted_hyenas,spotted_hyenas/lehmann hyena whoop traces/ROOS_TW_140708_1912_SC_WP_04_A.wav,2,comb_noexempt,337.89,6.755729497382579,6.755729497382579,1.0,0.9709226208448948,0.9910714285714286,333
spotted_hyenas,spotted_hyenas/lehmann hyena whoop traces/ROOS_TW_140708_1912_SC_WP_04_A.wav,2,pyin,337.89,9.944416245277411,9.21221845407,1.0,0.8723262116018566,0.9434523809523809,317
spotted_hyenas,spotted_hyenas/lehmann hyena whoop traces/ROOS_TW_140708_1912_SC_WP_04_A.wav,4,comb,337.89,7.122537457093185,7.122537457093185,1.0,0.9710911410319374,0.9910714285714286,333
spotted_hyenas,spotted_hyenas/lehmann hyena whoop traces/ROOS_TW_140708_1912_SC_WP_04_A.wav,4,comb_noexempt,337.89,7.122537457093185,7.122537457093185,1.0,0.9740705113980005,0.9910714285714286,333
spotted_hyenas,spotted_hyenas/lehmann hyena whoop traces/ROOS_TW_140708_1912_SC_WP_04_A.wav,4,pyin,337.89,1151.3395800851135,17.334122303462927,0.0,-0.15134253797583672,0.4523809523809524,152
spotted_hyenas,spotted_hyenas/lehmann hyena whoop traces/ROOS_TW_140708_1912_SC_WP_04_A.wav,6,comb,337.89,12.131192872862705,11.378463013350597,1.0,0.7510239392918121,0.9970238095238095,335
spotted_hyenas,spotted_hyenas/lehmann hyena whoop traces/ROOS_TW_140708_1912_SC_WP_04_A.wav,6,comb_noexempt,337.89,6.914170893908887,6.914170893908887,1.0,0.9717271144423885,0.9910714285714286,333
spotted_hyenas,spotted_hyenas/lehmann hyena whoop traces/ROOS_TW_140708_1912_SC_WP_04_A.wav,6,pyin,337.89,1853.3903819225764,131.07701457329364,0.0,0.029780507802536667,0.38095238095238093,128
spotted_hyenas,spotted_hyenas/lehmann hyena whoop traces/ROOS_TW_140708_1912_SC_WP_09_A.wav,0,comb,265.62,8.948346532432549,8.759106839540163,1.0,0.7459771444656704,0.9964028776978417,554
spotted_hyenas,spotted_hyenas/lehmann hyena whoop traces/ROOS_TW_140708_1912_SC_WP_09_A.wav,0,comb_noexempt,265.62,7.986967899190792,7.986967899190792,1.0,0.8721286505721443,0.9550359712230215,531
spotted_hyenas,spotted_hyenas/lehmann hyena whoop traces/ROOS_TW_140708_1912_SC_WP_09_A.wav,0,pyin,265.62,13.64905327914585,13.64905327914585,1.0,0.9838747477309555,0.9928057553956835,552
spotted_hyenas,spotted_hyenas/lehmann hyena whoop traces/ROOS_TW_140708_1912_SC_WP_09_A.wav,2,comb,265.62,9.990914970264324,9.802229278166472,1.0,0.75714511158584,0.9964028776978417,554
spotted_hyenas,spotted_hyenas/lehmann hyena whoop traces/ROOS_TW_140708_1912_SC_WP_09_A.wav,2,comb_noexempt,265.62,9.31420753543032,9.31420753543032,1.0,0.8539265116730782,0.9964028776978417,554
spotted_hyenas,spotted_hyenas/lehmann hyena whoop traces/ROOS_TW_140708_1912_SC_WP_09_A.wav,2,pyin,265.62,1891.2463851275593,13.488310756041638,0.0,-0.5915877339425125,0.9712230215827338,540
spotted_hyenas,spotted_hyenas/lehmann hyena whoop traces/ROOS_TW_140708_1912_SC_WP_09_A.wav,4,comb,265.62,8.965116322721485,8.782795354421975,1.0,0.7609609765041835,0.9964028776978417,554
spotted_hyenas,spotted_hyenas/lehmann hyena whoop traces/ROOS_TW_140708_1912_SC_WP_09_A.wav,4,comb_noexempt,265.62,8.931576742143612,8.735455473388901,1.0,0.6348396540797514,0.9694244604316546,539
spotted_hyenas,spotted_hyenas/lehmann hyena whoop traces/ROOS_TW_140708_1912_SC_WP_09_A.wav,4,pyin,265.62,1222.8237091751785,299.7846477414967,0.0,0.08493994959089377,0.8920863309352518,496
spotted_hyenas,spotted_hyenas/lehmann hyena whoop traces/ROOS_TW_140708_1912_SC_WP_09_A.wav,6,comb,265.62,8.936134647265213,8.782795354421975,1.0,0.7555795650885223,0.9964028776978417,554
spotted_hyenas,spotted_hyenas/lehmann hyena whoop traces/ROOS_TW_140708_1912_SC_WP_09_A.wav,6,comb_noexempt,265.62,1902.2688761611064,7.422371205387212,0.0,0.6597451434094538,0.9910071942446043,551
spotted_hyenas,spotted_hyenas/lehmann hyena whoop traces/RSTR_SS_100709_1826_SC_WP_02_A.wav,0,comb,257.81,11.912745339475,11.912745339475,1.0,0.8885280111837598,0.9820359281437125,164
spotted_hyenas,spotted_hyenas/lehmann hyena whoop traces/RSTR_SS_100709_1826_SC_WP_02_A.wav,0,comb_noexempt,257.81,11.347736144884319,11.347736144884319,1.0,0.9209966461109571,0.9820359281437125,164
spotted_hyenas,spotted_hyenas/lehmann hyena whoop traces/RSTR_SS_100709_1826_SC_WP_02_A.wav,0,pyin,257.81,38.56111351289057,19.83589014423035,1.0,0.92481842749561,0.9161676646706587,153
spotted_hyenas,spotted_hyenas/lehmann hyena whoop traces/RSTR_SS_100709_1826_SC_WP_02_A.wav,2,comb,257.81,1201.113466226783,12.642946196181521,0.0,0.8675092811130739,0.9820359281437125,164
spotted_hyenas,spotted_hyenas/lehmann hyena whoop traces/RSTR_SS_100709_1826_SC_WP_02_A.wav,2,comb_noexempt,257.81,13.50406374124578,13.50406374124578,1.0,0.9204162882388479,0.9820359281437125,164
spotted_hyenas,spotted_hyenas/lehmann hyena whoop traces/RSTR_SS_100709_1826_SC_WP_02_A.wav,2,pyin,257.81,38.74800746194451,38.74800746194451,1.0,0.9085030968252289,0.7784431137724551,130
spotted_hyenas,spotted_hyenas/lehmann hyena whoop traces/RSTR_SS_100709_1826_SC_WP_02_A.wav,4,comb,257.81,28.989831853222697,28.617860854052022,1.0,0.7935529637947382,0.9820359281437125,164
spotted_hyenas,spotted_hyenas/lehmann hyena whoop traces/RSTR_SS_100709_1826_SC_WP_02_A.wav,4,comb_noexempt,257.81,1594.1953786939412,34.985969792608564,0.0,-0.22364296721473156,0.9760479041916168,163
spotted_hyenas,spotted_hyenas/lehmann hyena whoop traces/RSTR_SS_100709_1826_SC_WP_02_A.wav,4,pyin,257.81,1451.704930097282,240.7877815459306,0.0,0.28570624270588124,0.9760479041916168,163
spotted_hyenas,spotted_hyenas/lehmann hyena whoop traces/RSTR_SS_100709_1826_SC_WP_02_A.wav,6,comb,257.81,35.03669891652794,32.82834615837947,1.0,0.7790697247533319,0.9820359281437125,164
spotted_hyenas,spotted_hyenas/lehmann hyena whoop traces/RSTR_SS_100709_1826_SC_WP_02_A.wav,6,comb_noexempt,257.81,1889.3640468340002,22.336252721669894,0.0,0.8350041335088713,0.9820359281437125,164
spotted_hyenas,spotted_hyenas/lehmann hyena whoop traces/RSTR_SS_100709_1826_SC_WP_02_A.wav,6,pyin,257.81,2185.315719113162,198.29506990271796,0.0,0.6468021136268112,0.23353293413173654,39
spotted_hyenas,spotted_hyenas/lehmann hyena whoop traces/RSTR_SS_100709_1826_SC_WP_08_A.wav,0,comb,324.22,1230.9640346936872,27.41509267063226,0.0,0.9161980226350965,0.9861111111111112,284
spotted_hyenas,spotted_hyenas/lehmann hyena whoop traces/RSTR_SS_100709_1826_SC_WP_08_A.wav,0,comb_noexempt,324.22,13.190756629118168,13.190756629118168,1.0,0.8635602141568629,0.9722222222222222,280
spotted_hyenas,spotted_hyenas/lehmann hyena whoop traces/RSTR_SS_100709_1826_SC_WP_08_A.wav,0,pyin,324.22,21.832863880925785,12.444617887071683,1.0,0.9343157786101249,0.9652777777777778,278
spotted_hyenas,spotted_hyenas/lehmann hyena whoop traces/RSTR_SS_100709_1826_SC_WP_08_A.wav,2,comb,324.22,1310.1358984629192,89.17393259421976,0.0,0.8744158875149918,0.9861111111111112,284
spotted_hyenas,spotted_hyenas/lehmann hyena whoop traces/RSTR_SS_100709_1826_SC_WP_08_A.wav,2,comb_noexempt,324.22,1637.2983045727653,259.00069700976286,0.0,0.7616610049577325,0.9513888888888888,274
spotted_hyenas,spotted_hyenas/lehmann hyena whoop traces/RSTR_SS_100709_1826_SC_WP_08_A.wav,2,pyin,324.22,1180.6091744149423,13.518431362696528,0.0,0.9209692461195875,0.5729166666666666,165
spotted_hyenas,spotted_hyenas/lehmann hyena whoop traces/RSTR_SS_100709_1826_SC_WP_08_A.wav,4,comb,324.22,1297.3810155620317,83.64095449428635,0.0,0.7131273650997766,0.9861111111111112,284
spotted_hyenas,spotted_hyenas/lehmann hyena whoop traces/RSTR_SS_100709_1826_SC_WP_08_A.wav,4,comb_noexempt,324.22,1707.5107249285338,171.56195639151426,0.0,0.6879782641946888,0.9861111111111112,284
spotted_hyenas,spotted_hyenas/lehmann hyena whoop traces/RSTR_SS_100709_1826_SC_WP_08_A.wav,4,pyin,324.22,1697.3092687718329,193.6934467614489,0.0,0.4998258881394895,0.5694444444444444,164
spotted_hyenas,spotted_hyenas/lehmann hyena whoop traces/RSTR_SS_100709_1826_SC_WP_08_A.wav,6,comb,324.22,1290.0142266723205,77.34828493851654,0.0,0.7173987521979882,0.9861111111111112,284
spotted_hyenas,spotted_hyenas/lehmann hyena whoop traces/RSTR_SS_100709_1826_SC_WP_08_A.wav,6,comb_noexempt,324.22,1610.6344182970925,272.10718183729375,0.0,0.8754649481523287,0.9722222222222222,280
spotted_hyenas,spotted_hyenas/lehmann hyena whoop traces/RSTR_SS_100709_1826_SC_WP_08_A.wav,6,pyin,324.22,1611.2382661406114,212.20218198853468,0.0,0.9046699088026825,0.05555555555555555,16
spotted_hyenas,spotted_hyenas/lehmann hyena whoop traces/RSTR_SS_100714_----_EC_WP_02_A.wav,0,comb,324.22,10.297839405068299,10.297839405068299,1.0,0.8683439335317369,0.9801324503311258,148
spotted_hyenas,spotted_hyenas/lehmann hyena whoop traces/RSTR_SS_100714_----_EC_WP_02_A.wav,0,comb_noexempt,324.22,10.243470936849494,10.243470936849494,1.0,0.9109988707852876,0.9801324503311258,148
spotted_hyenas,spotted_hyenas/lehmann hyena whoop traces/RSTR_SS_100714_----_EC_WP_02_A.wav,0,pyin,324.22,11.964344516487333,11.964344516487333,1.0,0.9921231437962391,0.9801324503311258,148
spotted_hyenas,spotted_hyenas/lehmann hyena whoop traces/RSTR_SS_100714_----_EC_WP_02_A.wav,2,comb,324.22,10.263717754881538,10.263717754881538,1.0,0.8674998040792238,0.9801324503311258,148
spotted_hyenas,spotted_hyenas/lehmann hyena whoop traces/RSTR_SS_100714_----_EC_WP_02_A.wav,2,comb_noexempt,324.22,10.278706045625821,10.278706045625821,1.0,0.9160198407336236,0.9801324503311258,148
spotted_hyenas,spotted_hyenas/lehmann hyena whoop traces/RSTR_SS_100714_----_EC_WP_02_A.wav,2,pyin,324.22,327.15879519482974,10.230842289849193,1.0,0.6714915787337365,0.7549668874172185,114
spotted_hyenas,spotted_hyenas/lehmann hyena whoop traces/RSTR_SS_100714_----_EC_WP_02_A.wav,4,comb,324.22,12.317699055554383,12.317699055554383,1.0,0.7877888888513039,0.9801324503311258,148
spotted_hyenas,spotted_hyenas/lehmann hyena whoop traces/RSTR_SS_100714_----_EC_WP_02_A.wav,4,comb_noexempt,324.22,1217.9524440545595,14.21867253159198,0.0,-0.3529756633608282,0.9801324503311258,148
spotted_hyenas,spotted_hyenas/lehmann hyena whoop traces/RSTR_SS_100714_----_EC_WP_02_A.wav,6,comb,324.22,335.30777992962544,267.6392956139024,1.0,0.6226778420030359,0.9801324503311258,148
spotted_hyenas,spotted_hyenas/lehmann hyena whoop traces/RSTR_SS_100714_----_EC_WP_02_A.wav,6,comb_noexempt,324.22,1626.6915892659267,72.90142362340313,0.0,0.755054286821129,0.9801324503311258,148
spotted_hyenas,spotted_hyenas/lehmann hyena whoop traces/RSTR_SS_100714_----_EC_WP_08_A.wav,0,comb,347.66,1199.1449147764342,9.33739686432498,0.0,0.2501666998948485,0.9963235294117647,271
spotted_hyenas,spotted_hyenas/lehmann hyena whoop traces/RSTR_SS_100714_----_EC_WP_08_A.wav,0,comb_noexempt,347.66,1195.9184267924968,7.651375272115493,0.0,-0.05115354590516726,0.9889705882352942,269
spotted_hyenas,spotted_hyenas/lehmann hyena whoop traces/RSTR_SS_100714_----_EC_WP_08_A.wav,0,pyin,347.66,7.673083493585555,7.673083493585555,1.0,0.9893369080969413,1.0,272
spotted_hyenas,spotted_hyenas/lehmann hyena whoop traces/RSTR_SS_100714_----_EC_WP_08_A.wav,2,comb,347.66,1198.9211376663081,9.885612231388345,0.0,0.14059973702505088,0.9963235294117647,271
spotted_hyenas,spotted_hyenas/lehmann hyena whoop traces/RSTR_SS_100714_----_EC_WP_08_A.wav,2,comb_noexempt,347.66,1195.2309709818346,7.651375272115493,0.0,-0.07314235431898412,0.9375,255
spotted_hyenas,spotted_hyenas/lehmann hyena whoop traces/RSTR_SS_100714_----_EC_WP_08_A.wav,2,pyin,347.66,829.9439043071472,8.388633915098064,0.0,0.8214917464655258,0.8602941176470589,234
spotted_hyenas,spotted_hyenas/lehmann hyena whoop traces/RSTR_SS_100714_----_EC_WP_08_A.wav,4,comb,347.66,1197.9382242178535,11.929473407340776,0.0,0.7888574476227255,0.9963235294117647,271
spotted_hyenas,spotted_hyenas/lehmann hyena whoop traces/RSTR_SS_100714_----_EC_WP_08_A.wav,4,comb_noexempt,347.66,7.665525008568983,7.665525008568983,1.0,0.9104839438494465,0.9485294117647058,258
spotted_hyenas,spotted_hyenas/lehmann hyena whoop traces/RSTR_SS_100714_----_EC_WP_08_A.wav,4,pyin,347.66,1202.3269165064148,2.5228396305932126,0.0,0.8488065600338575,0.47058823529411764,128
spotted_hyenas,spotted_hyenas/lehmann hyena whoop traces/RSTR_SS_100714_----_EC_WP_08_A.wav,6,comb,347.66,1200.2435641631853,11.929473407340776,0.0,0.8861080728182292,0.9963235294117647,271
spotted_hyenas,spotted_hyenas/lehmann hyena whoop traces/RSTR_SS_100714_----_EC_WP_08_A.wav,6,comb_noexempt,347.66,8.640747170271808,8.640747170271808,1.0,0.9050535506908973,0.9191176470588235,250
spotted_hyenas,spotted_hyenas/lehmann hyena whoop traces/RSTR_SS_100714_----_EC_WP_08_A.wav,6,pyin,347.66,1202.3269165064148,3.053465439318866,0.0,0.7187017020443686,0.4227941176470588,115
spotted_hyenas,spotted_hyenas/lehmann hyena whoop traces/RSTR_SS_20110122_1852_EC_WP_02_A.wav,0,comb,289.06,10.72301132025586,10.72301132025586,1.0,0.7996885722521547,1.0,205
spotted_hyenas,spotted_hyenas/lehmann hyena whoop traces/RSTR_SS_20110122_1852_EC_WP_02_A.wav,0,comb_noexempt,289.06,10.647299607411565,10.647299607411565,1.0,0.8094556511970833,0.9853658536585366,202
spotted_hyenas,spotted_hyenas/lehmann hyena whoop traces/RSTR_SS_20110122_1852_EC_WP_02_A.wav,0,pyin,289.06,11.479776795039175,11.479776795039175,1.0,0.9887617090748376,0.9463414634146341,194
spotted_hyenas,spotted_hyenas/lehmann hyena whoop traces/RSTR_SS_20110122_1852_EC_WP_02_A.wav,2,comb,289.06,10.72301132025586,10.533065868678404,1.0,0.6927587869275452,1.0,205
spotted_hyenas,spotted_hyenas/lehmann hyena whoop traces/RSTR_SS_20110122_1852_EC_WP_02_A.wav,2,comb_noexempt,289.06,10.533065868678404,10.371317443262793,1.0,0.6840802992880832,0.9804878048780488,201
spotted_hyenas,spotted_hyenas/lehmann hyena whoop traces/RSTR_SS_20110122_1852_EC_WP_02_A.wav,2,pyin,289.06,1856.606417830561,9.52243502174862,0.0,-0.17421944387875848,0.7365853658536585,151
spotted_hyenas,spotted_hyenas/lehmann hyena whoop traces/RSTR_SS_20110122_1852_EC_WP_02_A.wav,4,comb,289.06,11.787548290375343,11.633394907755738,1.0,0.6969174210439293,1.0,205
spotted_hyenas,spotted_hyenas/lehmann hyena whoop traces/RSTR_SS_20110122_1852_EC_WP_02_A.wav,4,comb_noexempt,289.06,8.798120322584005,8.798120322584005,1.0,0.8799949535471178,0.9658536585365853,198
spotted_hyenas,spotted_hyenas/lehmann hyena whoop traces/RSTR_SS_20110122_1852_EC_WP_02_A.wav,4,pyin,289.06,1179.8186448091708,8.517882297057254,0.0,-0.5701016529237525,0.624390243902439,128
spotted_hyenas,spotted_hyenas/lehmann hyena whoop traces/RSTR_SS_20110122_1852_EC_WP_02_A.wav,6,comb,289.06,11.580288295000187,11.142681577423723,1.0,0.6960098286686126,1.0,205
spotted_hyenas,spotted_hyenas/lehmann hyena whoop traces/RSTR_SS_20110122_1852_EC_WP_02_A.wav,6,comb_noexempt,289.06,1744.8307703307296,67.29872827022737,0.0,0.818279890895762,0.9804878048780488,201
spotted_hyenas,spotted_hyenas/lehmann hyena whoop traces/RSTR_SS_20110122_1852_EC_WP_08_A.wav,0,comb,302.735,11.928115596162968,11.928115596162968,1.0,0.8011860138782891,1.0,332
spotted_hyenas,spotted_hyenas/lehmann hyena whoop traces/RSTR_SS_20110122_1852_EC_WP_08_A.wav,0,comb_noexempt,302.735,11.642572819750555,11.642572819750555,1.0,0.8709312765689268,1.0,332
spotted_hyenas,spotted_hyenas/lehmann hyena whoop traces/RSTR_SS_20110122_1852_EC_WP_08_A.wav,0,pyin,302.735,9.268647131633308,9.268647131633308,1.0,0.948883907815112,1.0,332
spotted_hyenas,spotted_hyenas/lehmann hyena whoop traces/RSTR_SS_20110122_1852_EC_WP_08_A.wav,2,comb,302.735,14.351429361529249,14.351429361529249,1.0,0.7284528167571254,1.0,332
spotted_hyenas,spotted_hyenas/lehmann hyena whoop traces/RSTR_SS_20110122_1852_EC_WP_08_A.wav,2,comb_noexempt,302.735,1197.56988153477,9.60341991447114,0.0,0.5982659425403524,0.9698795180722891,322
spotted_hyenas,spotted_hyenas/lehmann hyena whoop traces/RSTR_SS_20110122_1852_EC_WP_08_A.wav,2,pyin,302.735,1188.7682190828323,7.242808682825308,0.0,-0.9055568656591761,0.6566265060240963,218
spotted_hyenas,spotted_hyenas/lehmann hyena whoop traces/RSTR_SS_20110122_1852_EC_WP_08_A.wav,4,comb,302.735,13.367253219375602,13.367253219375602,1.0,0.7537531579523699,1.0,332
spotted_hyenas,spotted_hyenas/lehmann hyena whoop traces/RSTR_SS_20110122_1852_EC_WP_08_A.wav,4,comb_noexempt,302.735,1211.2980583071464,11.795608623706338,0.0,-0.1517380723874804,0.9698795180722891,322
spotted_hyenas,spotted_hyenas/lehmann hyena whoop traces/RSTR_SS_20110122_1852_EC_WP_08_A.wav,4,pyin,302.735,1925.6720050069155,213.35117335168596,0.0,-0.8743867416023485,0.44879518072289154,149
spotted_hyenas,spotted_hyenas/lehmann hyena whoop traces/RSTR_SS_20110122_1852_EC_WP_08_A.wav,6,comb,302.735,18.71129228693937,18.71129228693937,1.0,0.7718264254381692,1.0,332
spotted_hyenas,spotted_hyenas/lehmann hyena whoop traces/RSTR_SS_20110122_1852_EC_WP_08_A.wav,6,comb_noexempt,302.735,1912.3409590067915,22.941842925959822,0.0,0.14970253041376785,0.9909638554216867,329
spotted_hyenas,spotted_hyenas/lehmann hyena whoop traces/RSWL_TW_140708_1857_SC_WP_01_A.wav,0,comb,177.735,1391.8406367603434,112.65655218936962,0.0,0.8604774087989092,1.0,276
spotted_hyenas,spotted_hyenas/lehmann hyena whoop traces/RSWL_TW_140708_1857_SC_WP_01_A.wav,0,comb_noexempt,177.735,1311.739761643396,121.3051766853977,0.0,0.8642333989844937,0.9891304347826086,273
spotted_hyenas,spotted_hyenas/lehmann hyena whoop traces/RSWL_TW_140708_1857_SC_WP_01_A.wav,0,pyin,177.735,63.765565426164805,63.765565426164805,1.0,0.9878490103382815,0.7065217391304348,195
spotted_hyenas,spotted_hyenas/lehmann hyena whoop traces/RSWL_TW_140708_1857_SC_WP_01_A.wav,2,comb,177.735,1387.2754631568362,112.38510552534555,0.0,0.8562234895033233,1.0,276
spotted_hyenas,spotted_hyenas/lehmann hyena whoop traces/RSWL_TW_140708_1857_SC_WP_01_A.wav,2,comb_noexempt,177.735,1499.8670407456211,113.77181083081783,0.0,0.49921888028544825,1.0,276
spotted_hyenas,spotted_hyenas/lehmann hyena whoop traces/RSWL_TW_140708_1857_SC_WP_01_A.wav,2,pyin,177.735,241.1595704507116,90.6855938664641,1.0,-0.07596761553098354,0.9492753623188406,262
spotted_hyenas,spotted_hyenas/lehmann hyena whoop traces/RSWL_TW_140708_1857_SC_WP_01_A.wav,4,comb,177.735,1387.2987214517398,96.66985550519135,0.0,0.9000391131118537,1.0,276
spotted_hyenas,spotted_hyenas/lehmann hyena whoop traces/RSWL_TW_140708_1857_SC_WP_01_A.wav,4,comb_noexempt,177.735,1398.6882026632609,92.67115531378076,0.0,0.8970021709683083,0.9927536231884058,274
spotted_hyenas,spotted_hyenas/lehmann hyena whoop traces/RSWL_TW_140708_1857_SC_WP_01_A.wav,4,pyin,177.735,121.42774897775429,99.93529643636347,1.0,0.9667360185450002,0.5905797101449275,163
spotted_hyenas,spotted_hyenas/lehmann hyena whoop traces/RSWL_TW_140708_1857_SC_WP_01_A.wav,6,comb,177.735,1425.091726068474,121.99723296623004,0.0,0.9035183397367867,1.0,276
spotted_hyenas,spotted_hyenas/lehmann hyena whoop traces/RSWL_TW_140708_1857_SC_WP_01_A.wav,6,comb_noexempt,177.735,2169.485565636026,175.01452619635646,0.0,-0.6327079178974535,1.0,276
spotted_hyenas,spotted_hyenas/lehmann hyena whoop traces/RSWL_TW_140708_1857_SC_WP_01_A.wav,6,pyin,177.735,1602.197397352541,99.31148060334061,0.0,0.9646733141487389,0.2246376811594203,62
spotted_hyenas,spotted_hyenas/lehmann hyena whoop traces/RSWL_TW_140708_1857_SC_WP_07_A.wav,0,comb,273.44,1197.5077208375255,7.927631975592347,0.0,0.9894654805797108,0.9866156787762906,516
spotted_hyenas,spotted_hyenas/lehmann hyena whoop traces/RSWL_TW_140708_1857_SC_WP_07_A.wav,0,comb_noexempt,273.44,1197.5077208375255,7.894136668213531,0.0,0.9470465648282419,0.9789674952198852,512
spotted_hyenas,spotted_hyenas/lehmann hyena whoop traces/RSWL_TW_140708_1857_SC_WP_07_A.wav,0,pyin,273.44,703.6490532791458,14.757801285655747,1.0,0.47182811024519655,1.0,523
spotted_hyenas,spotted_hyenas/lehmann hyena whoop traces/RSWL_TW_140708_1857_SC_WP_07_A.wav,2,comb,273.44,1201.722138083533,8.221058134477087,0.0,0.8583234466429036,0.994263862332696,520
spotted_hyenas,spotted_hyenas/lehmann hyena whoop traces/RSWL_TW_140708_1857_SC_WP_07_A.wav,2,comb_noexempt,273.44,1198.4656688554116,7.082472527347815,0.0,0.9255416934246601,0.9502868068833652,497
spotted_hyenas,spotted_hyenas/lehmann hyena whoop traces/RSWL_TW_140708_1857_SC_WP_07_A.wav,2,pyin,273.44,1191.6494446658553,7.218660492686508,0.0,0.8188349702589613,0.9751434034416826,510
spotted_hyenas,spotted_hyenas/lehmann hyena whoop traces/RSWL_TW_140708_1857_SC_WP_07_A.wav,4,comb,273.44,1202.3442480938331,7.792058581152678,0.0,0.8594987012594597,0.994263862332696,520
spotted_hyenas,spotted_hyenas/lehmann hyena whoop traces/RSWL_TW_140708_1857_SC_WP_07_A.wav,4,comb_noexempt,273.44,1197.5077208375255,6.430975720816999,0.0,0.9255067772294358,0.9158699808795411,479
spotted_hyenas,spotted_hyenas/lehmann hyena whoop traces/RSWL_TW_140708_1857_SC_WP_07_A.wav,4,pyin,273.44,1191.7889128853608,6.583574149394948,0.0,0.8432356180223524,0.9636711281070746,504
spotted_hyenas,spotted_hyenas/lehmann hyena whoop traces/RSWL_TW_140708_1857_SC_WP_07_A.wav,6,comb,273.44,1202.3442480938331,8.221058134477087,0.0,0.9522829859999357,0.994263862332696,520
spotted_hyenas,spotted_hyenas/lehmann hyena whoop traces/RSWL_TW_140708_1857_SC_WP_07_A.wav,6,comb_noexempt,273.44,1196.7924596360517,6.75883582303427,0.0,0.9436270713498285,0.9426386233269598,493
spotted_hyenas,spotted_hyenas/lehmann hyena whoop traces/RSWL_TW_140708_1857_SC_WP_07_A.wav,6,pyin,273.44,1191.6494446658553,6.610952665574462,0.0,0.8176168429404765,0.9674952198852772,506
spotted_hyenas,spotted_hyenas/lehmann hyena whoop traces/RSWL_TW_140720_1855_SC_WP_03_S.wav,0,comb,304.69,316.49381958538737,8.982519392186122,1.0,0.3747893119981284,1.0,618
spotted_hyenas,spotted_hyenas/lehmann hyena whoop traces/RSWL_TW_140720_1855_SC_WP_03_S.wav,0,comb_noexempt,304.69,8.907787239630881,8.907787239630881,1.0,0.8992764082850022,1.0,618
spotted_hyenas,spotted_hyenas/lehmann hyena whoop traces/RSWL_TW_140720_1855_SC_WP_03_S.wav,0,pyin,304.69,17.937956320825236,12.56996041652015,1.0,0.922407050592163,0.9449838187702265,584
spotted_hyenas,spotted_hyenas/lehmann hyena whoop traces/RSWL_TW_140720_1855_SC_WP_03_S.wav,2,comb,304.69,329.6384598853532,8.982519392186122,1.0,0.3766690316991795,1.0,618
spotted_hyenas,spotted_hyenas/lehmann hyena whoop traces/RSWL_TW_140720_1855_SC_WP_03_S.wav,2,comb_noexempt,304.69,8.675059996842817,8.675059996842817,1.0,0.897774990066901,0.9902912621359223,612
spotted_hyenas,spotted_hyenas/lehmann hyena whoop traces/RSWL_TW_140720_1855_SC_WP_03_S.wav,2,pyin,304.69,15.579193307585868,9.667977616366258,1.0,0.6423415697341355,0.9077669902912622,561
spotted_hyenas,spotted_hyenas/lehmann hyena whoop traces/RSWL_TW_140720_1855_SC_WP_03_S.wav,4,comb,304.69,778.3391873481556,12.125422675062028,1.0,0.032004244511795024,1.0,618
spotted_hyenas,spotted_hyenas/lehmann hyena whoop traces/RSWL_TW_140720_1855_SC_WP_03_S.wav,4,comb_noexempt,304.69,8.982519392186122,8.982519392186122,1.0,0.8918676024141151,0.9773462783171522,604
spotted_hyenas,spotted_hyenas/lehmann hyena whoop traces/RSWL_TW_140720_1855_SC_WP_03_S.wav,4,pyin,304.69,10.743422572315968,10.743422572315968,1.0,0.7027610035018081,0.5129449838187702,317
spotted_hyenas,spotted_hyenas/lehmann hyena whoop traces/RSWL_TW_140720_1855_SC_WP_03_S.wav,6,comb,304.69,10.672209195380503,10.672209195380503,1.0,0.8044200148762917,1.0,618
spotted_hyenas,spotted_hyenas/lehmann hyena whoop traces/RSWL_TW_140720_1855_SC_WP_03_S.wav,6,comb_noexempt,304.69,8.675059996842817,8.675059996842817,1.0,0.8981983320461562,0.9320388349514563,576
spotted_hyenas,spotted_hyenas/lehmann hyena whoop traces/RSWL_TW_140720_1855_SC_WP_03_S.wav,6,pyin,304.69,1181.7390219230278,150.90447415483746,0.0,0.798043877200223,0.26375404530744334,163
spotted_hyenas,spotted_hyenas/lehmann hyena whoop traces/RSWL_TW_140722_1911_SC_WP_01_A.wav,0,comb,269.53,1197.7358355529097,15.82594664981807,0.0,0.9468367322035859,0.9869565217391304,227
spotted_hyenas,spotted_hyenas/lehmann hyena whoop traces/RSWL_TW_140722_1911_SC_WP_01_A.wav,0,comb_noexempt,269.53,1194.3426204337782,13.085147353704105,0.0,0.9775995560344826,0.9695652173913043,223
spotted_hyenas,spotted_hyenas/lehmann hyena whoop traces/RSWL_TW_140722_1911_SC_WP_01_A.wav,0,pyin,269.53,1143.0830101134738,11.62116749713919,0.0,0.8914930176066708,0.9130434782608695,210
spotted_hyenas,spotted_hyenas/lehmann hyena whoop traces/RSWL_TW_140722_1911_SC_WP_01_A.wav,2,comb,269.53,1198.7113104452885,15.851938129309051,0.0,0.9470602710039828,0.9869565217391304,227
spotted_hyenas,spotted_hyenas/lehmann hyena whoop traces/RSWL_TW_140722_1911_SC_WP_01_A.wav,2,comb_noexempt,269.53,707.5097563571826,463.797445863588,0.0,0.8989095353247364,0.9869565217391304,227
spotted_hyenas,spotted_hyenas/lehmann hyena whoop traces/RSWL_TW_140722_1911_SC_WP_01_A.wav,2,pyin,269.53,990.1862926369333,28.538575014782396,1.0,0.33820134683220326,0.8217391304347826,189
spotted_hyenas,spotted_hyenas/lehmann hyena whoop traces/RSWL_TW_140722_1911_SC_WP_01_A.wav,4,comb,269.53,1197.250044188723,19.220204457992082,0.0,0.9484557180802546,0.9869565217391304,227
spotted_hyenas,spotted_hyenas/lehmann hyena whoop traces/RSWL_TW_140722_1911_SC_WP_01_A.wav,4,comb_noexempt,269.53,1194.0474745784172,14.08544780015878,0.0,0.8168171658528215,0.9652173913043478,222
spotted_hyenas,spotted_hyenas/lehmann hyena whoop traces/RSWL_TW_140722_1911_SC_WP_01_A.wav,4,pyin,269.53,825.0027875090357,188.43522045777183,0.0,-0.6205509134626649,0.41739130434782606,96
spotted_hyenas,spotted_hyenas/lehmann hyena whoop traces/RSWL_TW_140722_1911_SC_WP_01_A.wav,6,comb,269.53,1195.9895417847667,19.27524310068418,0.0,0.845140019896142,0.9782608695652174,225
spotted_hyenas,spotted_hyenas/lehmann hyena whoop traces/RSWL_TW_140722_1911_SC_WP_01_A.wav,6,comb_noexempt,269.53,1893.304287288495,14.06249387596467,0.0,0.8494077673114838,0.9521739130434783,219
spotted_hyenas,spotted_hyenas/lehmann hyena whoop traces/RSWL_TW_140722_1911_SC_WP_01_A.wav,6,pyin,269.53,1790.8135851216593,180.38151072097097,0.0,0.5355778107235067,0.5652173913043478,130
spotted_hyenas,spotted_hyenas/lehmann hyena whoop traces/RSWL_TW_140722_1911_SC_WP_07_A.wav,0,comb,273.44,1202.7353767451023,8.98652791186111,0.0,0.866016960060333,1.0,487
spotted_hyenas,spotted_hyenas/lehmann hyena whoop traces/RSWL_TW_140722_1911_SC_WP_07_A.wav,0,comb_noexempt,273.44,1201.4216646321236,8.991875572521485,0.0,0.9174831892964924,1.0,487
spotted_hyenas,spotted_hyenas/lehmann hyena whoop traces/RSWL_TW_140722_1911_SC_WP_07_A.wav,0,pyin,273.44,976.0834449362507,11.101260474536282,0.0,0.7334697646008734,0.9938398357289527,484
spotted_hyenas,spotted_hyenas/lehmann hyena whoop traces/RSWL_TW_140722_1911_SC_WP_07_A.wav,2,comb,273.44,1202.8721313480657,8.392800367538403,0.0,0.8794945804506741,1.0,487
spotted_hyenas,spotted_hyenas/lehmann hyena whoop traces/RSWL_TW_140722_1911_SC_WP_07_A.wav,2,comb_noexempt,273.44,1201.4216646321236,8.009391709406467,0.0,0.9184919155684879,0.9568788501026694,466
spotted_hyenas,spotted_hyenas/lehmann hyena whoop traces/RSWL_TW_140722_1911_SC_WP_07_A.wav,2,pyin,273.44,1196.5835741493952,7.997671041246333,0.0,0.9742631894622077,0.9117043121149897,444
spotted_hyenas,spotted_hyenas/lehmann hyena whoop traces/RSWL_TW_140722_1911_SC_WP_07_A.wav,4,comb,273.44,1203.1718634400775,8.991875572521485,0.0,0.8927450713879312,1.0,487
spotted_hyenas,spotted_hyenas/lehmann hyena whoop traces/RSWL_TW_140722_1911_SC_WP_07_A.wav,4,comb_noexempt,273.44,1201.4216646321236,7.828300979141648,0.0,0.9043999264896201,0.8767967145790554,427
spotted_hyenas,spotted_hyenas/lehmann hyena whoop traces/RSWL_TW_140722_1911_SC_WP_07_A.wav,4,pyin,273.44,1196.3509467208537,7.603236211717856,0.0,0.9585552583054936,0.8706365503080082,424
spotted_hyenas,spotted_hyenas/lehmann hyena whoop traces/RSWL_TW_140722_1911_SC_WP_07_A.wav,6,comb,273.44,1205.4979166998708,9.802582451701257,0.0,0.8415138340006414,1.0,487
spotted_hyenas,spotted_hyenas/lehmann hyena whoop traces/RSWL_TW_140722_1911_SC_WP_07_A.wav,6,comb_noexempt,273.44,1201.708725887563,8.270236406146026,0.0,0.9982748837732863,0.8685831622176592,423
spotted_hyenas,spotted_hyenas/lehmann hyena whoop traces/RSWL_TW_140827_1916_SC_WP_01_S.wav,0,comb,324.22,1205.3356084267236,11.211268695446012,0.0,0.8845748405500364,1.0,377
spotted_hyenas,spotted_hyenas/lehmann hyena whoop traces/RSWL_TW_140827_1916_SC_WP_01_S.wav,0,comb_noexempt,324.22,1205.3356084267236,10.148425632151275,0.0,0.9589212363888033,0.9840848806366048,371
spotted_hyenas,spotted_hyenas/lehmann hyena whoop traces/RSWL_TW_140827_1916_SC_WP_01_S.wav,0,pyin,324.22,1197.781606461444,8.528228655919929,0.0,0.5579508582725676,0.986737400530504,372
spotted_hyenas,spotted_hyenas/lehmann hyena whoop traces/RSWL_TW_140827_1916_SC_WP_01_S.wav,2,comb,324.22,471.829941887366,13.778220653913632,1.0,-0.33156193312822,1.0,377
spotted_hyenas,spotted_hyenas/lehmann hyena whoop traces/RSWL_TW_140827_1916_SC_WP_01_S.wav,2,comb_noexempt,324.22,420.4842451408121,7.900958109764583,1.0,0.13517840816659238,0.9734748010610079,367
spotted_hyenas,spotted_hyenas/lehmann hyena whoop traces/RSWL_TW_140827_1916_SC_WP_01_S.wav,2,pyin,324.22,1201.4821177029428,12.090511801720215,0.0,0.5514154630738594,0.8753315649867374,330
spotted_hyenas,spotted_hyenas/lehmann hyena whoop traces/RSWL_TW_140827_1916_SC_WP_01_S.wav,4,comb,324.22,1203.7437723231806,10.060669090996853,0.0,0.9597207740660679,1.0,377
spotted_hyenas,spotted_hyenas/lehmann hyena whoop traces/RSWL_TW_140827_1916_SC_WP_01_S.wav,4,comb_noexempt,324.22,1226.0259226489002,87.82649164293414,0.0,0.16848641265616374,0.9920424403183024,374
spotted_hyenas,spotted_hyenas/lehmann hyena whoop traces/RSWL_TW_140827_1916_SC_WP_01_S.wav,4,pyin,324.22,1201.4821177029428,6.545576401914514,0.0,0.9935979483101262,0.376657824933687,142
spotted_hyenas,spotted_hyenas/lehmann hyena whoop traces/RSWL_TW_140827_1916_SC_WP_01_S.wav,6,comb,324.22,589.248255725359,12.029730719146576,1.0,-0.3845305779330332,1.0,377
spotted_hyenas,spotted_hyenas/lehmann hyena whoop traces/RSWL_TW_140827_1916_SC_WP_01_S.wav,6,comb_noexempt,324.22,2165.68071684373,17.973152930487647,0.0,0.6027818436521366,0.9522546419098143,359
spotted_hyenas,spotted_hyenas/lehmann hyena whoop traces/RSWL_TW_140827_1916_SC_WP_06_T.wav,0,comb,250.0,7.279839715347239,7.279839715347239,1.0,0.9846580570728448,1.0,731
spotted_hyenas,spotted_hyenas/lehmann hyena whoop traces/RSWL_TW_140827_1916_SC_WP_06_T.wav,0,comb_noexempt,250.0,7.279839715347239,7.279839715347239,1.0,0.984516040936977,1.0,731
spotted_hyenas,spotted_hyenas/lehmann hyena whoop traces/RSWL_TW_140827_1916_SC_WP_06_T.wav,0,pyin,250.0,8.286859567424223,8.286859567424223,1.0,0.9944144180853751,0.9863201094391245,721
spotted_hyenas,spotted_hyenas/lehmann hyena whoop traces/RSWL_TW_140827_1916_SC_WP_06_T.wav,2,comb,250.0,6.966076155401954,6.966076155401954,1.0,0.9843516386012754,1.0,731
spotted_hyenas,spotted_hyenas/lehmann hyena whoop traces/RSWL_TW_140827_1916_SC_WP_06_T.wav,2,comb_noexempt,250.0,7.020520375237695,7.020520375237695,1.0,0.996065403598668,0.9945280437756497,727
spotted_hyenas,spotted_hyenas/lehmann hyena whoop traces/RSWL_TW_140827_1916_SC_WP_06_T.wav,2,pyin,250.0,8.442679000681165,8.422509190368503,1.0,-0.10645880296572424,0.9562243502051984,699
spotted_hyenas,spotted_hyenas/lehmann hyena whoop traces/RSWL_TW_140827_1916_SC_WP_06_T.wav,4,comb,250.0,7.252780996424359,7.252780996424359,1.0,0.9824530142117459,1.0,731
spotted_hyenas,spotted_hyenas/lehmann hyena whoop traces/RSWL_TW_140827_1916_SC_WP_06_T.wav,4,comb_noexempt,250.0,7.579113555658074,7.579113555658074,1.0,0.9907639089058525,0.9986320109439124,730
spotted_hyenas,spotted_hyenas/lehmann hyena whoop traces/RSWL_TW_140827_1916_SC_WP_06_T.wav,4,pyin,250.0,8.086321049837819,8.086321049837819,1.0,0.9799529938940976,0.4856361149110807,355
spotted_hyenas,spotted_hyenas/lehmann hyena whoop traces/RSWL_TW_140827_1916_SC_WP_06_T.wav,6,comb,250.0,7.598772483677367,7.598772483677367,1.0,0.9875466063620968,1.0,731
spotted_hyenas,spotted_hyenas/lehmann hyena whoop traces/RSWL_TW_140827_1916_SC_WP_06_T.wav,6,comb_noexempt,250.0,7.0414142515442855,7.0414142515442855,1.0,0.9959432069849411,0.9644322845417237,705
spotted_hyenas,spotted_hyenas/lehmann hyena whoop traces/RSWL_TW_140827_1916_SC_WP_06_T.wav,6,pyin,250.0,2171.229768616229,217.27948025426147,0.0,0.738276220923537,0.280437756497948,205
spotted_hyenas,spotted_hyenas/lehmann hyena whoop traces/RSWL_TW_141022_1912_SC_WP_01_A.wav,0,comb,300.78,18.865501826085268,18.125533104910918,1.0,0.7815926632403101,1.0,411
spotted_hyenas,spotted_hyenas/lehmann hyena whoop traces/RSWL_TW_141022_1912_SC_WP_01_A.wav,0,comb_noexempt,300.78,15.068524548505692,14.433294704256475,1.0,0.7299323205938538,0.9878345498783455,406
spotted_hyenas,spotted_hyenas/lehmann hyena whoop traces/RSWL_TW_141022_1912_SC_WP_01_A.wav,0,pyin,300.78,7.992332872459694,7.992332872459694,1.0,0.9972688896612699,1.0,411
spotted_hyenas,spotted_hyenas/lehmann hyena whoop traces/RSWL_TW_141022_1912_SC_WP_01_A.wav,2,comb,300.78,17.18274288060651,17.000565887282267,1.0,0.8523154250479242,1.0,411
spotted_hyenas,spotted_hyenas/lehmann hyena whoop traces/RSWL_TW_141022_1912_SC_WP_01_A.wav,2,comb_noexempt,300.78,1199.6937925165214,9.48181316589425,0.0,0.6161636592975515,0.9781021897810219,402
spotted_hyenas,spotted_hyenas/lehmann hyena whoop traces/RSWL_TW_141022_1912_SC_WP_01_A.wav,2,pyin,300.78,534.494110791528,77.12583791545485,1.0,-0.5420663503356347,0.11435523114355231,47
spotted_hyenas,spotted_hyenas/lehmann hyena whoop traces/RSWL_TW_141022_1912_SC_WP_01_A.wav,4,comb,300.78,1199.6937925165214,11.43562390031999,0.0,0.6449529476931509,1.0,411
spotted_hyenas,spotted_hyenas/lehmann hyena whoop traces/RSWL_TW_141022_1912_SC_WP_01_A.wav,4,comb_noexempt,300.78,1199.6937925165214,10.358951520710713,0.0,0.6086767745853627,0.9927007299270073,408
spotted_hyenas,spotted_hyenas/lehmann hyena whoop traces/RSWL_TW_141022_1912_SC_WP_01_A.wav,4,pyin,300.78,76.19933804301078,76.19933804301078,1.0,0.9126147077720075,0.0535279805352798,22
spotted_hyenas,spotted_hyenas/lehmann hyena whoop traces/RSWL_TW_141022_1912_SC_WP_01_A.wav,6,comb,300.78,22.527240775309075,20.56521096780501,1.0,0.7476348337991149,1.0,411
spotted_hyenas,spotted_hyenas/lehmann hyena whoop traces/RSWL_TW_141022_1912_SC_WP_01_A.wav,6,comb_noexempt,300.78,1900.2897317498714,12.283651225437142,0.0,0.12304423650225167,1.0,411
spotted_hyenas,spotted_hyenas/lehmann hyena whoop traces/RSWL_TW_141022_1933_SC_WP_01_K.wav,0,comb,367.19,22.259440703427867,22.259440703427867,1.0,0.8005036819823685,1.0,310
spotted_hyenas,spotted_hyenas/lehmann hyena whoop traces/RSWL_TW_141022_1933_SC_WP_01_K.wav,0,comb_noexempt,367.19,24.709161864427834,24.709161864427834,1.0,0.7826965482026437,0.9967741935483871,309
spotted_hyenas,spotted_hyenas/lehmann hyena whoop traces/RSWL_TW_141022_1933_SC_WP_01_K.wav,0,pyin,367.19,22.186880798591115,11.154352763241727,1.0,0.8624176143574696,0.9387096774193548,291
spotted_hyenas,spotted_hyenas/lehmann hyena whoop traces/RSWL_TW_141022_1933_SC_WP_01_K.wav,2,comb,367.19,357.28588810817166,280.2411924302954,1.0,-0.17047730105953005,1.0,310
spotted_hyenas,spotted_hyenas/lehmann hyena whoop traces/RSWL_TW_141022_1933_SC_WP_01_K.wav,2,comb_noexempt,367.19,1555.8164562430445,123.37232352104233,0.0,-0.5864845286550098,0.9903225806451613,307
spotted_hyenas,spotted_hyenas/lehmann hyena whoop traces/RSWL_TW_141022_1933_SC_WP_01_K.wav,2,pyin,367.19,1208.1743078455356,59.81068727125853,0.0,0.6780559151123904,0.8129032258064516,252
spotted_hyenas,spotted_hyenas/lehmann hyena whoop traces/RSWL_TW_141022_1933_SC_WP_01_K.wav,4,comb,367.19,374.62759837117204,272.74112802093344,1.0,-0.8004955616425697,1.0,310
spotted_hyenas,spotted_hyenas/lehmann hyena whoop traces/RSWL_TW_141022_1933_SC_WP_01_K.wav,4,comb_noexempt,367.19,1509.9795049811405,126.39841299962629,0.0,-0.6685513568447495,0.964516129032258,299
spotted_hyenas,spotted_hyenas/lehmann hyena whoop traces/RSWL_TW_141022_1933_SC_WP_01_K.wav,6,comb,367.19,345.1596717245677,259.92617437472074,1.0,-0.5677526075181769,1.0,310
spotted_hyenas,spotted_hyenas/lehmann hyena whoop traces/RSWL_TW_141022_1933_SC_WP_01_K.wav,6,comb_noexempt,367.19,1558.8219205260182,100.14130326356516,0.0,0.3959404909056005,0.9935483870967742,308
spotted_hyenas,spotted_hyenas/lehmann hyena whoop traces/RSWL_TW_141022_1933_SC_WP_07_A.wav,0,comb,269.53,1199.7135794554126,9.179433686372034,0.0,0.8114680141477973,0.9844155844155844,379
spotted_hyenas,spotted_hyenas/lehmann hyena whoop traces/RSWL_TW_141022_1933_SC_WP_07_A.wav,0,comb_noexempt,269.53,1198.492987004042,8.841407093201035,0.0,0.9481113541221942,0.9714285714285714,374
spotted_hyenas,spotted_hyenas/lehmann hyena whoop traces/RSWL_TW_141022_1933_SC_WP_07_A.wav,0,pyin,269.53,1192.4931187904972,9.552380971413319,0.0,0.9651259259166978,0.8857142857142857,341
spotted_hyenas,spotted_hyenas/lehmann hyena whoop traces/RSWL_TW_141022_1933_SC_WP_07_A.wav,2,comb,269.53,1201.6672614763077,9.686755089195232,0.0,0.822933881222616,1.0,385
spotted_hyenas,spotted_hyenas/lehmann hyena whoop traces/RSWL_TW_141022_1933_SC_WP_07_A.wav,2,comb_noexempt,269.53,1200.1810167357587,8.943029650578131,0.0,0.9013950076441645,0.9792207792207792,377
spotted_hyenas,spotted_hyenas/lehmann hyena whoop traces/RSWL_TW_141022_1933_SC_WP_07_A.wav,2,pyin,269.53,1931.072556325637,37.988120920780915,0.0,-0.32955847676565725,0.9506493506493506,366
spotted_hyenas,spotted_hyenas/lehmann hyena whoop traces/RSWL_TW_141022_1933_SC_WP_07_A.wav,4,comb,269.53,1200.2628324985415,8.869700035732784,0.0,0.7745707208450052,1.0,385
spotted_hyenas,spotted_hyenas/lehmann hyena whoop traces/RSWL_TW_141022_1933_SC_WP_07_A.wav,4,comb_noexempt,269.53,1199.353853149483,8.359089036106568,0.0,0.8952392135502225,0.9714285714285714,374
spotted_hyenas,spotted_hyenas/lehmann hyena whoop traces/RSWL_TW_141022_1933_SC_WP_07_A.wav,4,pyin,269.53,1196.5835741493952,6.873582116357484,0.0,0.9824965383718091,0.5662337662337662,218
spotted_hyenas,spotted_hyenas/lehmann hyena whoop traces/RSWL_TW_141022_1933_SC_WP_07_A.wav,6,comb,269.53,1197.903162249464,9.481108424011214,0.0,0.8662818121712194,1.0,385
spotted_hyenas,spotted_hyenas/lehmann hyena whoop traces/RSWL_TW_141022_1933_SC_WP_07_A.wav,6,comb_noexempt,269.53,2170.146439213611,225.13863660850404,0.0,-0.05993025385167392,1.0,385
spotted_hyenas,spotted_hyenas/lehmann hyena whoop traces/RSWL_TW_141022_1933_SC_WP_07_A.wav,6,pyin,269.53,1196.5835741493952,6.583574149394948,0.0,0.93592505840023,0.24675324675324675,95
spotted_hyenas,spotted_hyenas/lehmann hyena whoop traces/SGL-_HZ_160407_0649_SC_WP_04_A.wav,0,comb,253.91,1201.1051444681616,9.293230317905763,0.0,0.5045809623755811,1.0,446
spotted_hyenas,spotted_hyenas/lehmann hyena whoop traces/SGL-_HZ_160407_0649_SC_WP_04_A.wav,0,comb_noexempt,253.91,1199.9783633125217,8.428141430543757,0.0,0.9072611026324708,1.0,446
spotted_hyenas,spotted_hyenas/lehmann hyena whoop traces/SGL-_HZ_160407_0649_SC_WP_04_A.wav,0,pyin,253.91,1194.6842808868387,7.9173967118929065,0.0,0.8731925143810153,0.9977578475336323,445
spotted_hyenas,spotted_hyenas/lehmann hyena whoop traces/SGL-_HZ_160407_0649_SC_WP_04_A.wav,2,comb,253.91,1201.0674486677244,9.346333601843137,0.0,0.47153798551476245,1.0,446
spotted_hyenas,spotted_hyenas/lehmann hyena whoop traces/SGL-_HZ_160407_0649_SC_WP_04_A.wav,2,comb_noexempt,253.91,1201.8675948109544,8.821765290278053,0.0,0.5643586343323511,0.9753363228699552,435
spotted_hyenas,spotted_hyenas/lehmann hyena whoop traces/SGL-_HZ_160407_0649_SC_WP_04_A.wav,2,pyin,253.91,1198.2950699027183,5.862347248215041,0.0,-0.7693074648433992,0.8228699551569507,367
spotted_hyenas,spotted_hyenas/lehmann hyena whoop traces/SGL-_HZ_160407_0649_SC_WP_04_A.wav,4,comb,253.91,1201.3772592031657,8.444997354875245,0.0,0.5569927905911654,0.9775784753363229,436
spotted_hyenas,spotted_hyenas/lehmann hyena whoop traces/SGL-_HZ_160407_0649_SC_WP_04_A.wav,4,comb_noexempt,253.91,1200.8210308452271,8.188378239462251,0.0,0.4518660507388478,0.9170403587443946,409
spotted_hyenas,spotted_hyenas/lehmann hyena whoop traces/SGL-_HZ_160407_0649_SC_WP_04_A.wav,4,pyin,253.91,1198.2950699027183,5.862347248215041,0.0,-0.7745213273814329,0.8139013452914798,363
spotted_hyenas,spotted_hyenas/lehmann hyena whoop traces/SGL-_HZ_160407_0649_SC_WP_04_A.wav,6,comb,253.91,1201.3382247202815,9.127512695079151,0.0,0.26146555281944855,1.0,446
spotted_hyenas,spotted_hyenas/lehmann hyena whoop traces/SGL-_HZ_160407_0649_SC_WP_04_A.wav,6,comb_noexempt,253.91,1901.0220523724797,7.76887511952231,0.0,0.7587748836492194,1.0,446
spotted_hyenas,spotted_hyenas/lehmann hyena whoop traces/SGL-_HZ_160407_0649_SC_WP_04_A.wav,6,pyin,253.91,1198.2950699027183,5.317764883886335,0.0,-0.6248054021596449,0.7802690582959642,348
spotted_hyenas,spotted_hyenas/lehmann hyena whoop traces/SGL-_HZ_160407_0712_SC_WP_05_A.wav,0,comb,234.38,1203.3615654748933,9.644572606888715,0.0,0.5901108594621772,1.0,386
spotted_hyenas,spotted_hyenas/lehmann hyena whoop traces/SGL-_HZ_160407_0712_SC_WP_05_A.wav,0,comb_noexempt,234.38,1202.2336994574475,9.529846641529744,0.0,0.7780183949139653,0.9896373056994818,382
spotted_hyenas,spotted_hyenas/lehmann hyena whoop traces/SGL-_HZ_160407_0712_SC_WP_05_A.wav,0,pyin,234.38,1189.7337727915242,9.633067027772016,0.0,0.8946107219638071,0.9974093264248705,385
spotted_hyenas,spotted_hyenas/lehmann hyena whoop traces/SGL-_HZ_160407_0712_SC_WP_05_A.wav,2,comb,234.38,1202.3943080676154,9.998395612176475,0.0,0.4941566753632679,1.0,386
spotted_hyenas,spotted_hyenas/lehmann hyena whoop traces/SGL-_HZ_160407_0712_SC_WP_05_A.wav,2,comb_noexempt,234.38,1895.473971173065,10.154576658047645,0.0,0.5595584370929718,0.9896373056994818,382
spotted_hyenas,spotted_hyenas/lehmann hyena whoop traces/SGL-_HZ_160407_0712_SC_WP_05_A.wav,2,pyin,234.38,1199.7337727915246,7.0721334478104065,0.0,-0.5610797854936312,0.7590673575129534,293
spotted_hyenas,spotted_hyenas/lehmann hyena whoop traces/SGL-_HZ_160407_0712_SC_WP_05_A.wav,4,comb,234.38,1204.1469619019254,9.930688277856799,0.0,0.5199422878380462,1.0,386
spotted_hyenas,spotted_hyenas/lehmann hyena whoop traces/SGL-_HZ_160407_0712_SC_WP_05_A.wav,4,comb_noexempt,234.38,2601.3206918442393,205.03130441980204,0.0,0.3179854430607966,1.0,386
spotted_hyenas,spotted_hyenas/lehmann hyena whoop traces/SGL-_HZ_160407_0712_SC_WP_05_A.wav,4,pyin,234.38,1199.352769236406,10.266227208475758,0.0,0.600219617660083,0.6398963730569949,247
spotted_hyenas,spotted_hyenas/lehmann hyena whoop traces/SGL-_HZ_160407_0712_SC_WP_05_A.wav,6,comb,234.38,1200.4435162085933,9.998395612176475,0.0,0.6066725979726629,1.0,386
spotted_hyenas,spotted_hyenas/lehmann hyena whoop traces/SGL-_HZ_160407_0712_SC_WP_05_A.wav,6,comb_noexempt,234.38,1895.48602531979,10.120175961234434,0.0,0.6782388984323501,0.9352331606217616,361
spotted_hyenas,spotted_hyenas/lehmann hyena whoop traces/SNAP_HZ_100316_0630_EC_WP_05_A.wav,0,comb,367.19,13.312849357617008,13.312849357617008,1.0,0.8204102693852205,1.0,212
spotted_hyenas,spotted_hyenas/lehmann hyena whoop traces/SNAP_HZ_100316_0630_EC_WP_05_A.wav,0,comb_noexempt,367.19,13.312849357617008,13.312849357617008,1.0,0.8844286221834393,1.0,212
spotted_hyenas,spotted_hyenas/lehmann hyena whoop traces/SNAP_HZ_100316_0630_EC_WP_05_A.wav,0,pyin,367.19,10.94562667206068,10.94562667206068,1.0,0.9839006750582301,0.9528301886792453,202
spotted_hyenas,spotted_hyenas/lehmann hyena whoop traces/SNAP_HZ_100316_0630_EC_WP_05_A.wav,2,comb,367.19,14.177661549481561,14.177661549481561,1.0,0.8172185125357799,1.0,212
spotted_hyenas,spotted_hyenas/lehmann hyena whoop traces/SNAP_HZ_100316_0630_EC_WP_05_A.wav,2,comb_noexempt,367.19,11.403745419780286,11.403745419780286,1.0,0.8806272519263821,0.9575471698113207,203
spotted_hyenas,spotted_hyenas/lehmann hyena whoop traces/SNAP_HZ_100316_0630_EC_WP_05_A.wav,2,pyin,367.19,12.007006383680945,12.007006383680945,1.0,0.9981020133284692,0.8160377358490566,173
spotted_hyenas,spotted_hyenas/lehmann hyena whoop traces/SNAP_HZ_100316_0630_EC_WP_05_A.wav,4,comb,367.19,17.39560924906243,17.39560924906243,1.0,0.7794771145807375,1.0,212
spotted_hyenas,spotted_hyenas/lehmann hyena whoop traces/SNAP_HZ_100316_0630_EC_WP_05_A.wav,4,comb_noexempt,367.19,11.603024043615935,11.603024043615935,1.0,0.8571230898164837,0.8820754716981132,187
spotted_hyenas,spotted_hyenas/lehmann hyena whoop traces/SNAP_HZ_100316_0630_EC_WP_05_A.wav,4,pyin,367.19,677.5427236117816,154.16369597555732,1.0,0.09271347070037435,0.5188679245283019,110
spotted_hyenas,spotted_hyenas/lehmann hyena whoop traces/SNAP_HZ_100316_0630_EC_WP_05_A.wav,6,comb,367.19,19.752148119463918,19.752148119463918,1.0,0.7979505880387997,1.0,212
spotted_hyenas,spotted_hyenas/lehmann hyena whoop traces/SNAP_HZ_100316_0630_EC_WP_05_A.wav,6,comb_noexempt,367.19,14.584030017352845,14.584030017352845,1.0,0.8928104290493887,0.9292452830188679,197
spotted_hyenas,spotted_hyenas/lehmann hyena whoop traces/SST-_SN_100514_1800_EC_WP_00_P.wav,0,comb,371.09,30.174321623275308,20.981659829039017,1.0,0.6382211772112767,0.9704142011834319,164
spotted_hyenas,spotted_hyenas/lehmann hyena whoop traces/SST-_SN_100514_1800_EC_WP_00_P.wav,0,comb_noexempt,371.09,11.802321961541306,11.802321961541306,1.0,0.9984694993334826,0.9230769230769231,156
spotted_hyenas,spotted_hyenas/lehmann hyena whoop traces/SST-_SN_100514_1800_EC_WP_00_P.wav,0,pyin,371.09,15.55376255804844,15.55376255804844,1.0,0.9987772734135364,0.8106508875739645,137
spotted_hyenas,spotted_hyenas/lehmann hyena whoop traces/SST-_SN_100514_1800_EC_WP_00_P.wav,2,comb,371.09,273.17342903699284,120.58988459321952,1.0,0.5313825628669718,0.9704142011834319,164
spotted_hyenas,spotted_hyenas/lehmann hyena whoop traces/SST-_SN_100514_1800_EC_WP_00_P.wav,2,comb_noexempt,371.09,11.970540427534818,11.970540427534818,1.0,0.9964147155631536,0.8994082840236687,152
spotted_hyenas,spotted_hyenas/lehmann hyena whoop traces/SST-_SN_100514_1800_EC_WP_00_P.wav,2,pyin,371.09,447.5066938343433,54.968076582659904,1.0,0.5087574991913452,0.7337278106508875,124
spotted_hyenas,spotted_hyenas/lehmann hyena whoop traces/SST-_SN_100514_1800_EC_WP_00_P.wav,4,comb,371.09,315.6689117225046,173.0982505124582,1.0,0.6679982199680236,0.9704142011834319,164
spotted_hyenas,spotted_hyenas/lehmann hyena whoop traces/SST-_SN_100514_1800_EC_WP_00_P.wav,4,comb_noexempt,371.09,1199.168116258096,85.75161222194075,0.0,0.6108401799771229,0.9289940828402367,157
spotted_hyenas,spotted_hyenas/lehmann hyena whoop traces/SST-_SN_100514_1800_EC_WP_00_P.wav,4,pyin,371.09,844.3200968350238,355.67990316497617,0.0,0.7745393832984339,0.35502958579881655,60
spotted_hyenas,spotted_hyenas/lehmann hyena whoop traces/SST-_SN_100514_1800_EC_WP_00_P.wav,6,comb,371.09,377.00154752936936,166.33837838767093,1.0,0.28959937194509394,0.9704142011834319,164
spotted_hyenas,spotted_hyenas/lehmann hyena whoop traces/SST-_SN_100514_1800_EC_WP_00_P.wav,6,comb_noexempt,371.09,1891.2290025239,59.163738248341275,0.0,0.41080269771915984,0.9349112426035503,158
spotted_hyenas,spotted_hyenas/lehmann hyena whoop traces/TAJ-_SS_100504_1832_EC_WP_05_K.wav,0,comb,304.69,1204.4854559368496,15.933919342850158,0.0,0.5533671656033021,0.9763313609467456,330
spotted_hyenas,spotted_hyenas/lehmann hyena whoop traces/TAJ-_SS_100504_1832_EC_WP_05_K.wav,0,comb_noexempt,304.69,11.15206830293759,11.15206830293759,1.0,0.9964415924192606,0.985207100591716,333
spotted_hyenas,spotted_hyenas/lehmann hyena whoop traces/TAJ-_SS_100504_1832_EC_WP_05_K.wav,0,pyin,304.69,270.7457445823228,13.893666379740536,1.0,0.5667080493983279,0.9881656804733728,334
spotted_hyenas,spotted_hyenas/lehmann hyena whoop traces/TAJ-_SS_100504_1832_EC_WP_05_K.wav,2,comb,304.69,1184.7526420517697,15.752916495848503,0.0,0.3329308794233839,0.985207100591716,333
spotted_hyenas,spotted_hyenas/lehmann hyena whoop traces/TAJ-_SS_100504_1832_EC_WP_05_K.wav,2,comb_noexempt,304.69,1241.301953587383,35.537234870756414,0.0,0.8937007640932042,0.985207100591716,333
spotted_hyenas,spotted_hyenas/lehmann hyena whoop traces/TAJ-_SS_100504_1832_EC_WP_05_K.wav,2,pyin,304.69,1181.564779542228,11.360449141686798,0.0,-0.1793922514423831,0.8905325443786982,301
spotted_hyenas,spotted_hyenas/lehmann hyena whoop traces/TAJ-_SS_100504_1832_EC_WP_05_K.wav,4,comb,304.69,1208.6451293795972,147.17114779721464,0.0,0.43137198323536585,0.985207100591716,333
spotted_hyenas,spotted_hyenas/lehmann hyena whoop traces/TAJ-_SS_100504_1832_EC_WP_05_K.wav,4,comb_noexempt,304.69,1211.7225336899598,208.699929690943,0.0,0.8019491760015575,0.9556213017751479,323
spotted_hyenas,spotted_hyenas/lehmann hyena whoop traces/TAJ-_SS_100504_1832_EC_WP_05_K.wav,4,pyin,304.69,1214.0560146339496,104.55891987522112,0.0,-0.051725402977934425,0.6005917159763313,203
spotted_hyenas,spotted_hyenas/lehmann hyena whoop traces/TAJ-_SS_100504_1832_EC_WP_05_K.wav,6,comb,304.69,1212.400153328419,168.24766974183768,0.0,0.6691761879330617,0.985207100591716,333
spotted_hyenas,spotted_hyenas/lehmann hyena whoop traces/TAJ-_SS_100504_1832_EC_WP_05_K.wav,6,comb_noexempt,304.69,1228.1311790966718,28.27166880812235,0.0,0.8920377290953164,0.9615384615384616,325
spotted_hyenas,spotted_hyenas/lehmann hyena whoop traces/TEMP_HZ_141219_1839_SC_WP_04_K.wav,0,comb,386.72,51.48008853624773,51.48008853624773,1.0,0.6515046933749905,1.0,272
spotted_hyenas,spotted_hyenas/lehmann hyena whoop traces/TEMP_HZ_141219_1839_SC_WP_04_K.wav,0,comb_noexempt,386.72,49.20496665718389,49.20496665718389,1.0,0.4716227100499,1.0,272
spotted_hyenas,spotted_hyenas/lehmann hyena whoop traces/TEMP_HZ_141219_1839_SC_WP_04_K.wav,0,pyin,386.72,29.747534513710754,29.747534513710754,1.0,0.8186402480754088,0.7867647058823529,214
spotted_hyenas,spotted_hyenas/lehmann hyena whoop traces/TEMP_HZ_141219_1839_SC_WP_04_K.wav,2,comb,386.72,57.96941388118634,57.96941388118634,1.0,0.7427897487219313,1.0,272
spotted_hyenas,spotted_hyenas/lehmann hyena whoop traces/TEMP_HZ_141219_1839_SC_WP_04_K.wav,2,comb_noexempt,386.72,1200.4175424036493,59.053749165969535,0.0,0.7730162444222204,0.9889705882352942,269
spotted_hyenas,spotted_hyenas/lehmann hyena whoop traces/TEMP_HZ_141219_1839_SC_WP_04_K.wav,2,pyin,386.72,1658.0442127684873,243.91078809690023,0.0,-0.03319661953868439,0.125,34
spotted_hyenas,spotted_hyenas/lehmann hyena whoop traces/TEMP_HZ_141219_1839_SC_WP_04_K.wav,4,comb,386.72,84.5649599759591,84.5649599759591,1.0,0.7701073733496192,1.0,272
spotted_hyenas,spotted_hyenas/lehmann hyena whoop traces/TEMP_HZ_141219_1839_SC_WP_04_K.wav,4,comb_noexempt,386.72,1202.8442406987283,55.058386099705444,0.0,0.7155607567081269,1.0,272
spotted_hyenas,spotted_hyenas/lehmann hyena whoop traces/TEMP_HZ_141219_1839_SC_WP_04_K.wav,6,comb,386.72,92.00981640679171,92.00981640679171,1.0,-0.14624459306657597,1.0,272
spotted_hyenas,spotted_hyenas/lehmann hyena whoop traces/TEMP_HZ_141219_1839_SC_WP_04_K.wav,6,comb_noexempt,386.72,1578.8396397297126,288.0322908352254,0.0,0.6969417594834546,0.9889705882352942,269
spotted_hyenas,spotted_hyenas/lehmann hyena whoop traces/TNKS_TW_140808_1849_SC_WP_03_A.wav,0,comb,363.28,29.210233871333454,25.646690148662593,1.0,0.7604027960719358,0.9637681159420289,133
spotted_hyenas,spotted_hyenas/lehmann hyena whoop traces/TNKS_TW_140808_1849_SC_WP_03_A.wav,0,comb_noexempt,363.28,20.190973527110014,20.190973527110014,1.0,0.8850566442307206,0.9130434782608695,126
spotted_hyenas,spotted_hyenas/lehmann hyena whoop traces/TNKS_TW_140808_1849_SC_WP_03_A.wav,0,pyin,363.28,2034.1376527517846,132.18265188639728,0.0,,0.15217391304347827,21
spotted_hyenas,spotted_hyenas/lehmann hyena whoop traces/TNKS_TW_140808_1849_SC_WP_03_A.wav,2,comb,363.28,39.96002534941446,39.96002534941446,1.0,0.8259789924259324,0.9637681159420289,133
spotted_hyenas,spotted_hyenas/lehmann hyena whoop traces/TNKS_TW_140808_1849_SC_WP_03_A.wav,2,comb_noexempt,363.28,39.96002534941446,39.96002534941446,1.0,0.8344677932844515,0.9492753623188406,131
spotted_hyenas,spotted_hyenas/lehmann hyena whoop traces/TNKS_TW_140808_1849_SC_WP_03_A.wav,2,pyin,363.28,19.19392526826354,19.19392526826354,1.0,0.9887752787303664,0.5434782608695652,75
spotted_hyenas,spotted_hyenas/lehmann hyena whoop traces/TNKS_TW_140808_1849_SC_WP_03_A.wav,4,comb,363.28,339.2217237242252,203.3032444206715,1.0,0.7720540143610453,0.9637681159420289,133
spotted_hyenas,spotted_hyenas/lehmann hyena whoop traces/TNKS_TW_140808_1849_SC_WP_03_A.wav,4,comb_noexempt,363.28,1204.429421905229,50.55158919391902,0.0,0.5582672999587929,0.9637681159420289,133
spotted_hyenas,spotted_hyenas/lehmann hyena whoop traces/TNKS_TW_140808_1849_SC_WP_03_A.wav,4,pyin,363.28,1463.4145491627546,308.90153542606834,0.0,0.5124797736855952,0.42028985507246375,58
spotted_hyenas,spotted_hyenas/lehmann hyena whoop traces/TNKS_TW_140808_1849_SC_WP_03_A.wav,6,comb,363.28,385.6250839245899,210.36178995675908,1.0,0.7812634880523975,0.9637681159420289,133
spotted_hyenas,spotted_hyenas/lehmann hyena whoop traces/TNKS_TW_140808_1849_SC_WP_03_A.wav,6,comb_noexempt,363.28,1206.6130710276793,114.47887076895344,0.0,0.7225275877445669,0.9420289855072463,130
spotted_hyenas,spotted_hyenas/lehmann hyena whoop traces/TNKS_TW_140808_1849_SC_WP_09_A.wav,0,comb,316.41,17.67525210992016,17.51736995940687,1.0,0.814440589717017,0.9775784753363229,218
spotted_hyenas,spotted_hyenas/lehmann hyena whoop traces/TNKS_TW_140808_1849_SC_WP_09_A.wav,0,comb_noexempt,316.41,12.033579069518822,10.760295482685274,1.0,0.7797421149281805,0.9641255605381166,215
spotted_hyenas,spotted_hyenas/lehmann hyena whoop traces/TNKS_TW_140808_1849_SC_WP_09_A.wav,0,pyin,316.41,27.133007758158556,27.133007758158556,1.0,0.9841433056958362,0.8251121076233184,184
spotted_hyenas,spotted_hyenas/lehmann hyena whoop traces/TNKS_TW_140808_1849_SC_WP_09_A.wav,2,comb,316.41,20.40465998477275,18.371870350580018,1.0,0.7920818846352937,0.9775784753363229,218
spotted_hyenas,spotted_hyenas/lehmann hyena whoop traces/TNKS_TW_140808_1849_SC_WP_09_A.wav,2,comb_noexempt,316.41,13.110053126400544,11.781239249718908,1.0,0.7827705449773125,0.9596412556053812,214
spotted_hyenas,spotted_hyenas/lehmann hyena whoop traces/TNKS_TW_140808_1849_SC_WP_09_A.wav,2,pyin,316.41,14.309267714816313,13.966785558026997,1.0,0.05413475876110749,0.8340807174887892,186
spotted_hyenas,spotted_hyenas/lehmann hyena whoop traces/TNKS_TW_140808_1849_SC_WP_09_A.wav,4,comb,316.41,22.994383244112143,22.257215874787644,1.0,0.7152793806570893,0.9775784753363229,218
spotted_hyenas,spotted_hyenas/lehmann hyena whoop traces/TNKS_TW_140808_1849_SC_WP_09_A.wav,4,comb_noexempt,316.41,1199.543892315906,8.954644292642332,0.0,0.7795471354003359,0.9506726457399103,212
spotted_hyenas,spotted_hyenas/lehmann hyena whoop traces/TNKS_TW_140808_1849_SC_WP_09_A.wav,4,pyin,316.41,125.50692718953404,88.3300981326313,1.0,-0.21310826678652817,0.7937219730941704,177
spotted_hyenas,spotted_hyenas/lehmann hyena whoop traces/TNKS_TW_140808_1849_SC_WP_09_A.wav,6,comb,316.41,18.243582268012112,18.06414011714262,1.0,0.8261376177162624,0.9775784753363229,218
spotted_hyenas,spotted_hyenas/lehmann hyena whoop traces/TNKS_TW_140808_1849_SC_WP_09_A.wav,6,comb_noexempt,316.41,1915.0866883069343,17.67151277768871,0.0,-0.15417586029702565,0.9775784753363229,218
spotted_hyenas,spotted_hyenas/lehmann hyena whoop traces/TNKS_TW_140808_1849_SC_WP_09_A.wav,6,pyin,316.41,2581.8592158333813,243.9891215124773,0.0,-0.6000448493132776,0.2914798206278027,65
spotted_hyenas,spotted_hyenas/lehmann hyena whoop traces/TSU-_SN_100503_1824_EC_WP_00_A.wav,0,comb,375.0,14.648819044257106,14.648819044257106,1.0,0.7680384517282244,0.9830508474576272,174
spotted_hyenas,spotted_hyenas/lehmann hyena whoop traces/TSU-_SN_100503_1824_EC_WP_00_A.wav,0,comb_noexempt,375.0,14.158133571412119,14.158133571412119,1.0,0.723773091310551,0.9830508474576272,174
spotted_hyenas,spotted_hyenas/lehmann hyena whoop traces/TSU-_SN_100503_1824_EC_WP_00_A.wav,0,pyin,375.0,14.762639204708856,14.762639204708856,1.0,0.9795984091364027,1.0,177
spotted_hyenas,spotted_hyenas/lehmann hyena whoop traces/TSU-_SN_100503_1824_EC_WP_00_A.wav,2,comb,375.0,15.65577517839908,15.65577517839908,1.0,0.7500185130417434,0.9830508474576272,174
spotted_hyenas,spotted_hyenas/lehmann hyena whoop traces/TSU-_SN_100503_1824_EC_WP_00_A.wav,2,comb_noexempt,375.0,13.854085869567914,13.854085869567914,1.0,0.7525230480412386,0.9830508474576272,174
spotted_hyenas,spotted_hyenas/lehmann hyena whoop traces/TSU-_SN_100503_1824_EC_WP_00_A.wav,2,pyin,375.0,109.4102104746199,14.762639204708856,1.0,0.8901950755377135,0.7005649717514124,124
spotted_hyenas,spotted_hyenas/lehmann hyena whoop traces/TSU-_SN_100503_1824_EC_WP_00_A.wav,4,comb,375.0,16.229426036471807,16.229426036471807,1.0,0.7460652958819934,0.9830508474576272,174
spotted_hyenas,spotted_hyenas/lehmann hyena whoop traces/TSU-_SN_100503_1824_EC_WP_00_A.wav,4,comb_noexempt,375.0,1197.5279938073318,16.71547617695033,0.0,0.6966056958452369,0.9322033898305084,165
spotted_hyenas,spotted_hyenas/lehmann hyena whoop traces/TSU-_SN_100503_1824_EC_WP_00_A.wav,6,comb,375.0,23.125477702691523,19.708526313182333,1.0,0.6629276996666612,0.9774011299435028,173
spotted_hyenas,spotted_hyenas/lehmann hyena whoop traces/TSU-_SN_100503_1824_EC_WP_00_A.wav,6,comb_noexempt,375.0,1888.0795947476734,20.652779576058848,0.0,0.5030429029289585,0.9378531073446328,166
spotted_hyenas,spotted_hyenas/lehmann hyena whoop traces/TSU-_SN_100503_1824_EC_WP_06_T.wav,0,comb,316.41,7.752608942227464,7.752608942227464,1.0,0.92822767646696,0.9916666666666667,357
spotted_hyenas,spotted_hyenas/lehmann hyena whoop traces/TSU-_SN_100503_1824_EC_WP_06_T.wav,0,comb_noexempt,316.41,8.257774849993792,8.257774849993792,1.0,0.5632254573203377,0.9916666666666667,357
spotted_hyenas,spotted_hyenas/lehmann hyena whoop traces/TSU-_SN_100503_1824_EC_WP_06_T.wav,0,pyin,316.41,9.5229811194551,9.5229811194551,1.0,0.9873999479504328,1.0,360
spotted_hyenas,spotted_hyenas/lehmann hyena whoop traces/TSU-_SN_100503_1824_EC_WP_06_T.wav,2,comb,316.41,8.04761379040722,8.04761379040722,1.0,0.9619292739855826,0.9916666666666667,357
spotted_hyenas,spotted_hyenas/lehmann hyena whoop traces/TSU-_SN_100503_1824_EC_WP_06_T.wav,2,comb_noexempt,316.41,7.774292376544909,7.774292376544909,1.0,0.5884678124352957,0.9916666666666667,357
spotted_hyenas,spotted_hyenas/lehmann hyena whoop traces/TSU-_SN_100503_1824_EC_WP_06_T.wav,2,pyin,316.41,1915.0733846067565,16.266438663295126,0.0,0.9541973198331741,1.0,360
spotted_hyenas,spotted_hyenas/lehmann hyena whoop traces/TSU-_SN_100503_1824_EC_WP_06_T.wav,4,comb,316.41,8.257774849993792,8.257774849993792,1.0,0.9614271972415042,0.9916666666666667,357
spotted_hyenas,spotted_hyenas/lehmann hyena whoop traces/TSU-_SN_100503_1824_EC_WP_06_T.wav,4,comb_noexempt,316.41,8.04761379040722,8.04761379040722,1.0,0.4989510620168159,0.9916666666666667,357
spotted_hyenas,spotted_hyenas/lehmann hyena whoop traces/TSU-_SN_100503_1824_EC_WP_06_T.wav,4,pyin,316.41,9.686252154146441,9.686252154146441,1.0,0.6753358472071708,0.9305555555555556,335
spotted_hyenas,spotted_hyenas/lehmann hyena whoop traces/TSU-_SN_100503_1824_EC_WP_06_T.wav,6,comb,316.41,8.289594279074143,8.289594279074143,1.0,0.7618325194413782,0.9916666666666667,357
spotted_hyenas,spotted_hyenas/lehmann hyena whoop traces/TSU-_SN_100503_1824_EC_WP_06_T.wav,6,comb_noexempt,316.41,8.112259341270162,8.112259341270162,1.0,0.9796781633556576,0.9916666666666667,357
spotted_hyenas,spotted_hyenas/lehmann hyena whoop traces/TSU-_SN_100503_1824_EC_WP_06_T.wav,6,pyin,316.41,8.510048932048745,8.510048932048745,1.0,0.46914823862083593,0.48055555555555557,173
spotted_hyenas,spotted_hyenas/lehmann hyena whoop traces/TWST_TW_141102_0604_SC_WP_06_A.wav,0,comb,292.97,12.374653139643542,12.374653139643542,1.0,0.8849935674355265,1.0,266
spotted_hyenas,spotted_hyenas/lehmann hyena whoop traces/TWST_TW_141102_0604_SC_WP_06_A.wav,0,comb_noexempt,292.97,10.813203036987227,10.813203036987227,1.0,0.9342092945393917,1.0,266
spotted_hyenas,spotted_hyenas/lehmann hyena whoop traces/TWST_TW_141102_0604_SC_WP_06_A.wav,0,pyin,292.97,30.731352868367345,21.029701024941115,1.0,-0.5863423590463627,0.9135338345864662,243
spotted_hyenas,spotted_hyenas/lehmann hyena whoop traces/TWST_TW_141102_0604_SC_WP_06_A.wav,2,comb,292.97,10.730376972396488,10.730376972396488,1.0,0.8857386480698676,1.0,266
spotted_hyenas,spotted_hyenas/lehmann hyena whoop traces/TWST_TW_141102_0604_SC_WP_06_A.wav,2,comb_noexempt,292.97,11.50561580330045,11.50561580330045,1.0,0.8740032869383465,0.9924812030075187,264
spotted_hyenas,spotted_hyenas/lehmann hyena whoop traces/TWST_TW_141102_0604_SC_WP_06_A.wav,2,pyin,292.97,16.886446090538676,11.101260474536282,1.0,-0.7387937456966224,0.6766917293233082,180
spotted_hyenas,spotted_hyenas/lehmann hyena whoop traces/TWST_TW_141102_0604_SC_WP_06_A.wav,4,comb,292.97,11.799722873267172,11.799722873267172,1.0,0.8204383171287122,1.0,266
spotted_hyenas,spotted_hyenas/lehmann hyena whoop traces/TWST_TW_141102_0604_SC_WP_06_A.wav,4,comb_noexempt,292.97,1200.2504248187206,11.458924242027045,0.0,0.8552706599588659,1.0,266
spotted_hyenas,spotted_hyenas/lehmann hyena whoop traces/TWST_TW_141102_0604_SC_WP_06_A.wav,4,pyin,292.97,10.882783025378442,10.882783025378442,1.0,0.8582385372215853,0.575187969924812,153
spotted_hyenas,spotted_hyenas/lehmann hyena whoop traces/TWST_TW_141102_0604_SC_WP_06_A.wav,6,comb,292.97,12.374653139643542,12.374653139643542,1.0,0.8607673907906783,1.0,266
spotted_hyenas,spotted_hyenas/lehmann hyena whoop traces/TWST_TW_141102_0604_SC_WP_06_A.wav,6,comb_noexempt,292.97,1907.6791618011716,13.740898619712107,0.0,0.7273268467705821,1.0,266
spotted_hyenas,spotted_hyenas/lehmann hyena whoop traces/TWST_TW_141102_0604_SC_WP_06_A.wav,6,pyin,292.97,1808.799440995174,130.50515380442462,0.0,-0.7091586800854629,0.2669172932330827,71
spotted_hyenas,spotted_hyenas/lehmann hyena whoop traces/TWST_TW_150123_0721_SC_WP_05_S.wav,0,comb,324.22,10.506341869617692,10.506341869617692,1.0,0.9000449900490618,1.0,471
spotted_hyenas,spotted_hyenas/lehmann hyena whoop traces/TWST_TW_150123_0721_SC_WP_05_S.wav,0,comb_noexempt,324.22,10.336443336067434,10.336443336067434,1.0,0.9787143754114848,1.0,471
spotted_hyenas,spotted_hyenas/lehmann hyena whoop traces/TWST_TW_150123_0721_SC_WP_05_S.wav,0,pyin,324.22,47.817348113602286,47.817348113602286,1.0,0.924046324359536,0.8407643312101911,396
spotted_hyenas,spotted_hyenas/lehmann hyena whoop traces/TWST_TW_150123_0721_SC_WP_05_S.wav,2,comb,324.22,13.55511428398815,13.55511428398815,1.0,0.8917855495380876,1.0,471
spotted_hyenas,spotted_hyenas/lehmann hyena whoop traces/TWST_TW_150123_0721_SC_WP_05_S.wav,2,comb_noexempt,324.22,13.358255971340412,13.358255971340412,1.0,0.9276518178090483,1.0,471
spotted_hyenas,spotted_hyenas/lehmann hyena whoop traces/TWST_TW_150123_0721_SC_WP_05_S.wav,2,pyin,324.22,1754.5240859021692,126.98716640738806,0.0,-0.059586795456791006,0.8874734607218684,418
spotted_hyenas,spotted_hyenas/lehmann hyena whoop traces/TWST_TW_150123_0721_SC_WP_05_S.wav,4,comb,324.22,12.907332780556596,12.907332780556596,1.0,0.8513687282938284,1.0,471
spotted_hyenas,spotted_hyenas/lehmann hyena whoop traces/TWST_TW_150123_0721_SC_WP_05_S.wav,4,comb_noexempt,324.22,1205.6336719563408,11.974369341872194,0.0,0.9000274711986067,0.9617834394904459,453
spotted_hyenas,spotted_hyenas/lehmann hyena whoop traces/TWST_TW_150123_0721_SC_WP_05_S.wav,4,pyin,324.22,1542.4957898728098,309.27665712190526,0.0,0.03543961347061901,0.05307855626326964,25
spotted_hyenas,spotted_hyenas/lehmann hyena whoop traces/TWST_TW_150123_0721_SC_WP_05_S.wav,6,comb,324.22,15.041532431773334,15.041532431773334,1.0,0.88542700276946,1.0,471
spotted_hyenas,spotted_hyenas/lehmann hyena whoop traces/TWST_TW_150123_0721_SC_WP_05_S.wav,6,comb_noexempt,324.22,1904.1608671414801,14.3753094721977,0.0,0.8642227465928661,0.9936305732484076,468
spotted_hyenas,spotted_hyenas/lehmann hyena whoop traces/TWST_TW_150123_0721_SC_WP_05_S.wav,6,pyin,324.22,1517.8613586144334,307.14365279649047,0.0,0.8434474750056836,0.05307855626326964,25
spotted_hyenas,spotted_hyenas/lehmann hyena whoop traces/TWST_TW_150123_0721_SC_WP_10_K.wav,0,comb,335.94,13.510218349456714,13.510218349456714,1.0,0.8553312489516011,1.0,453
spotted_hyenas,spotted_hyenas/lehmann hyena whoop traces/TWST_TW_150123_0721_SC_WP_10_K.wav,0,comb_noexempt,335.94,12.38350132656119,12.38350132656119,1.0,0.9182764893363319,1.0,453
spotted_hyenas,spotted_hyenas/lehmann hyena whoop traces/TWST_TW_150123_0721_SC_WP_10_K.wav,0,pyin,335.94,22.66966253007641,17.253932173041655,1.0,0.03437991914877325,0.9624724061810155,436
spotted_hyenas,spotted_hyenas/lehmann hyena whoop traces/TWST_TW_150123_0721_SC_WP_10_K.wav,2,comb,335.94,15.898182904498936,15.898182904498936,1.0,0.8217627071765184,1.0,453
spotted_hyenas,spotted_hyenas/lehmann hyena whoop traces/TWST_TW_150123_0721_SC_WP_10_K.wav,2,comb_noexempt,335.94,15.268291310514142,15.268291310514142,1.0,0.8654457496351883,0.9690949227373068,439
spotted_hyenas,spotted_hyenas/lehmann hyena whoop traces/TWST_TW_150123_0721_SC_WP_10_K.wav,2,pyin,335.94,1925.8811387819828,75.08628447560632,0.0,0.5934877686424131,0.9403973509933775,426
spotted_hyenas,spotted_hyenas/lehmann hyena whoop traces/TWST_TW_150123_0721_SC_WP_10_K.wav,4,comb,335.94,13.510218349456714,13.510218349456714,1.0,0.8341761806163629,1.0,453
spotted_hyenas,spotted_hyenas/lehmann hyena whoop traces/TWST_TW_150123_0721_SC_WP_10_K.wav,4,comb_noexempt,335.94,1287.6826658261668,58.913281079906895,0.0,0.6704207017687323,0.9845474613686535,446
spotted_hyenas,spotted_hyenas/lehmann hyena whoop traces/TWST_TW_150123_0721_SC_WP_10_K.wav,4,pyin,335.94,1708.128976631739,157.527977933481,0.0,-0.8161404964449387,0.32671081677704195,148
spotted_hyenas,spotted_hyenas/lehmann hyena whoop traces/TWST_TW_150123_0721_SC_WP_10_K.wav,6,comb,335.94,13.491294538700178,13.491294538700178,1.0,0.908431897175474,1.0,453
spotted_hyenas,spotted_hyenas/lehmann hyena whoop traces/TWST_TW_150123_0721_SC_WP_10_K.wav,6,comb_noexempt,335.94,1903.03549484438,16.01644170810281,0.0,0.8037485655938222,1.0,453
spotted_hyenas,spotted_hyenas/lehmann hyena whoop traces/TWST_TW_150123_0721_SC_WP_10_K.wav,6,pyin,335.94,1850.6830637807823,76.80945950895945,0.0,-0.9673253424800571,0.1456953642384106,66
spotted_hyenas,spotted_hyenas/lehmann hyena whoop traces/WRTH_TW bout1 call4 2017-01-06 04-37-28 K.wav,0,comb,351.56,27.300400423669576,27.300400423669576,1.0,0.6576880844782999,1.0,315
spotted_hyenas,spotted_hyenas/lehmann hyena whoop traces/WRTH_TW bout1 call4 2017-01-06 04-37-28 K.wav,0,comb_noexempt,351.56,18.90079405616499,18.90079405616499,1.0,0.8719485171801594,0.9777777777777777,308
spotted_hyenas,spotted_hyenas/lehmann hyena whoop traces/WRTH_TW bout1 call4 2017-01-06 04-37-28 K.wav,0,pyin,351.56,1168.5425676978098,17.253932173041463,0.0,0.9344755005127148,0.9428571428571428,297
spotted_hyenas,spotted_hyenas/lehmann hyena whoop traces/WRTH_TW bout1 call4 2017-01-06 04-37-28 K.wav,2,comb,351.56,42.71270317231343,42.71270317231343,1.0,0.48751809705375315,1.0,315
spotted_hyenas,spotted_hyenas/lehmann hyena whoop traces/WRTH_TW bout1 call4 2017-01-06 04-37-28 K.wav,2,comb_noexempt,351.56,1889.9001444664482,22.548996818955672,0.0,0.4425211287628746,0.9841269841269841,310
spotted_hyenas,spotted_hyenas/lehmann hyena whoop traces/WRTH_TW bout1 call4 2017-01-06 04-37-28 K.wav,2,pyin,351.56,1820.2734407023456,96.3116564679761,0.0,-0.7369115375482901,0.7587301587301587,239
spotted_hyenas,spotted_hyenas/lehmann hyena whoop traces/WRTH_TW bout1 call4 2017-01-06 04-37-28 K.wav,4,comb,351.56,690.8453508028499,300.23408863602367,0.0,0.40995561601383185,1.0,315
spotted_hyenas,spotted_hyenas/lehmann hyena whoop traces/WRTH_TW bout1 call4 2017-01-06 04-37-28 K.wav,4,comb_noexempt,351.56,1189.0395364091708,18.174838607216735,0.0,-0.6274206007460976,0.9650793650793651,304
spotted_hyenas,spotted_hyenas/lehmann hyena whoop traces/WRTH_TW bout1 call4 2017-01-06 04-37-28 K.wav,4,pyin,351.56,27.791269643991193,27.791269643991193,1.0,0.7865739412710925,0.12698412698412698,40
spotted_hyenas,spotted_hyenas/lehmann hyena whoop traces/WRTH_TW bout1 call4 2017-01-06 04-37-28 K.wav,6,comb,351.56,682.7834775195518,303.1354680339972,0.0,0.4136828006796888,1.0,315
spotted_hyenas,spotted_hyenas/lehmann hyena whoop traces/WRTH_TW bout1 call4 2017-01-06 04-37-28 K.wav,6,comb_noexempt,351.56,1177.2016359923714,29.435596429655366,0.0,-0.6459132790163938,1.0,315
spotted_hyenas,spotted_hyenas/lehmann hyena whoop traces/WRTH_TW bout3 call3 2017-01-06 19-05-38 A.wav,0,comb,312.5,1195.8965938416254,21.15506076588249,0.0,0.04317007318722702,1.0,196
spotted_hyenas,spotted_hyenas/lehmann hyena whoop traces/WRTH_TW bout3 call3 2017-01-06 19-05-38 A.wav,0,comb_noexempt,312.5,704.7065871920255,466.95470124127576,0.0,0.917348612017843,1.0,196
spotted_hyenas,spotted_hyenas/lehmann hyena whoop traces/WRTH_TW bout3 call3 2017-01-06 19-05-38 A.wav,0,pyin,312.5,48.189989820319546,18.435220457771905,1.0,0.8405482613312985,0.9336734693877551,183
spotted_hyenas,spotted_hyenas/lehmann hyena whoop traces/WRTH_TW bout3 call3 2017-01-06 19-05-38 A.wav,2,comb,312.5,1199.6530772748688,24.701358588800208,0.0,0.9332066103623698,0.9795918367346939,192
spotted_hyenas,spotted_hyenas/lehmann hyena whoop traces/WRTH_TW bout3 call3 2017-01-06 19-05-38 A.wav,2,comb_noexempt,312.5,1903.8629499739134,62.07666950123088,0.0,-0.7009617837624118,1.0,196
spotted_hyenas,spotted_hyenas/lehmann hyena whoop traces/WRTH_TW bout3 call3 2017-01-06 19-05-38 A.wav,2,pyin,312.5,2084.66424427445,138.97562133689667,0.0,0.4944422991761962,0.46938775510204084,92
spotted_hyenas,spotted_hyenas/lehmann hyena whoop traces/WRTH_TW bout3 call3 2017-01-06 19-05-38 A.wav,4,comb,312.5,1196.5424971932725,59.2001714665861,0.0,0.8587863477617911,1.0,196
spotted_hyenas,spotted_hyenas/lehmann hyena whoop traces/WRTH_TW bout3 call3 2017-01-06 19-05-38 A.wav,4,comb_noexempt,312.5,1215.1232336664903,53.76577312980691,0.0,0.7754555141849743,0.9489795918367347,186
spotted_hyenas,spotted_hyenas/lehmann hyena whoop traces/WRTH_TW bout3 call3 2017-01-06 19-05-38 A.wav,6,comb,312.5,1194.1046229232327,52.82419497912161,0.0,0.8362379966123105,1.0,196
spotted_hyenas,spotted_hyenas/lehmann hyena whoop traces/WRTH_TW bout3 call3 2017-01-06 19-05-38 A.wav,6,comb_noexempt,312.5,1908.6625739849933,27.723098634145394,0.0,0.7061586058310114,0.9591836734693877,188
spotted_hyenas,spotted_hyenas/lehmann hyena whoop traces/WRTH_TW bout3 call3 2017-01-06 19-05-38 A.wav,6,pyin,312.5,2633.3342527810737,233.33425278107384,0.0,0.18290404821168502,0.07653061224489796,15
spotted_hyenas,spotted_hyenas/lehmann hyena whoop traces/WRTH_TW bout5 call1 2017-01-11 04-03-15 A.wav,0,comb,339.84,32.031272534722525,32.031272534722525,1.0,0.8486457533063752,1.0,232
spotted_hyenas,spotted_hyenas/lehmann hyena whoop traces/WRTH_TW bout5 call1 2017-01-11 04-03-15 A.wav,0,comb_noexempt,339.84,24.882146064235492,24.882146064235492,1.0,0.859348968941842,1.0,232
spotted_hyenas,spotted_hyenas/lehmann hyena whoop traces/WRTH_TW bout5 call1 2017-01-11 04-03-15 A.wav,0,pyin,339.84,1182.52272883058,18.524157879803386,0.0,0.9620172358158617,0.8836206896551724,205
spotted_hyenas,spotted_hyenas/lehmann hyena whoop traces/WRTH_TW bout5 call1 2017-01-11 04-03-15 A.wav,2,comb,339.84,32.73172473998329,32.73172473998329,1.0,0.8619413784747287,1.0,232
spotted_hyenas,spotted_hyenas/lehmann hyena whoop traces/WRTH_TW bout5 call1 2017-01-11 04-03-15 A.wav,2,comb_noexempt,339.84,695.4732299236313,481.36133593063573,0.0,0.8340703489948889,1.0,232
spotted_hyenas,spotted_hyenas/lehmann hyena whoop traces/WRTH_TW bout5 call1 2017-01-11 04-03-15 A.wav,2,pyin,339.84,1196.9465345606811,8.360401179441428,0.0,0.9920840901055834,0.40086206896551724,93
spotted_hyenas,spotted_hyenas/lehmann hyena whoop traces/WRTH_TW bout5 call1 2017-01-11 04-03-15 A.wav,4,comb,339.84,109.92949044926164,49.471413023985264,1.0,0.6007332263280751,1.0,232
spotted_hyenas,spotted_hyenas/lehmann hyena whoop traces/WRTH_TW bout5 call1 2017-01-11 04-03-15 A.wav,4,comb_noexempt,339.84,1587.5635390005016,304.05720656864105,0.0,0.775810203393396,1.0,232
spotted_hyenas,spotted_hyenas/lehmann hyena whoop traces/WRTH_TW bout5 call1 2017-01-11 04-03-15 A.wav,4,pyin,339.84,1192.6907312281671,11.34723646369238,0.0,0.9793009914705749,0.3620689655172414,84
spotted_hyenas,spotted_hyenas/lehmann hyena whoop traces/WRTH_TW bout5 call1 2017-01-11 04-03-15 A.wav,6,comb,339.84,1230.0703919106306,34.48007908954577,0.0,0.46146007609743234,1.0,232
spotted_hyenas,spotted_hyenas/lehmann hyena whoop traces/WRTH_TW bout5 call1 2017-01-11 04-03-15 A.wav,6,comb_noexempt,339.84,1590.0691574626358,303.7961342386189,0.0,0.8232442756772468,0.9741379310344828,226
spotted_hyenas,spotted_hyenas/lehmann hyena whoop traces/WRTH_TW bout5 call6 2017-01-11 04-03-32 A.wav,0,comb,339.84,1202.3801220912612,12.590276829706955,0.0,0.8879970183427799,1.0,246
spotted_hyenas,spotted_hyenas/lehmann hyena whoop traces/WRTH_TW bout5 call6 2017-01-11 04-03-32 A.wav,0,comb_noexempt,339.84,12.57820287134536,12.57820287134536,1.0,0.8755121165197669,1.0,246
spotted_hyenas,spotted_hyenas/lehmann hyena whoop traces/WRTH_TW bout5 call6 2017-01-11 04-03-32 A.wav,0,pyin,339.84,1189.5089211385239,11.418389701036379,0.0,0.9584697128151548,0.9349593495934959,230
spotted_hyenas,spotted_hyenas/lehmann hyena whoop traces/WRTH_TW bout5 call6 2017-01-11 04-03-32 A.wav,2,comb,339.84,1206.5961048338258,15.188150676356384,0.0,0.7101127245703884,1.0,246
spotted_hyenas,spotted_hyenas/lehmann hyena whoop traces/WRTH_TW bout5 call6 2017-01-11 04-03-32 A.wav,2,comb_noexempt,339.84,1903.9339414346675,18.0782372328376,0.0,-0.397842291001459,0.9796747967479674,241
spotted_hyenas,spotted_hyenas/lehmann hyena whoop traces/WRTH_TW bout5 call6 2017-01-11 04-03-32 A.wav,2,pyin,339.84,1202.6907312281671,44.21635672079817,0.0,-0.2424814162465886,0.8373983739837398,206
spotted_hyenas,spotted_hyenas/lehmann hyena whoop traces/WRTH_TW bout5 call6 2017-01-11 04-03-32 A.wav,4,comb,339.84,1215.3561321326115,17.166630957139443,0.0,0.7475375742188712,1.0,246
spotted_hyenas,spotted_hyenas/lehmann hyena whoop traces/WRTH_TW bout5 call6 2017-01-11 04-03-32 A.wav,4,comb_noexempt,339.84,1202.9777757248376,18.99377737971466,0.0,0.8720280604074906,1.0,246
spotted_hyenas,spotted_hyenas/lehmann hyena whoop traces/WRTH_TW bout5 call6 2017-01-11 04-03-32 A.wav,4,pyin,339.84,1202.7183995275627,7.673083493585172,0.0,0.9575669700994626,0.34959349593495936,86
spotted_hyenas,spotted_hyenas/lehmann hyena whoop traces/WRTH_TW bout5 call6 2017-01-11 04-03-32 A.wav,6,comb,339.84,1226.3595958571136,25.16364367963203,0.0,0.4735654023239943,1.0,246
spotted_hyenas,spotted_hyenas/lehmann hyena whoop traces/WRTH_TW bout5 call6 2017-01-11 04-03-32 A.wav,6,comb_noexempt,339.84,1911.9061225365876,105.18907945319893,0.0,0.08324971614240277,0.991869918699187,244
spotted_hyenas,spotted_hyenas/lehmann hyena whoop traces/WRTH_TW bout5 call6 2017-01-11 04-03-32 A.wav,6,pyin,339.84,1202.7460678269586,7.673083493585172,0.0,0.9627768214621834,0.34959349593495936,86
spotted_hyenas,spotted_hyenas/lehmann hyena whoop traces/WRTH_TW bout6 call5 2017-01-11 04-04-55 A.wav,0,comb,332.03,7.688904369573609,7.688904369573609,1.0,0.9837661392032995,1.0,350
spotted_hyenas,spotted_hyenas/lehmann hyena whoop traces/WRTH_TW bout6 call5 2017-01-11 04-04-55 A.wav,0,comb_noexempt,332.03,7.688904369573609,7.688904369573609,1.0,0.9878561010225081,1.0,350
spotted_hyenas,spotted_hyenas/lehmann hyena whoop traces/WRTH_TW bout6 call5 2017-01-11 04-04-55 A.wav,0,pyin,332.03,12.690731228167014,12.690731228167014,1.0,0.9809457892373646,0.9828571428571429,344
spotted_hyenas,spotted_hyenas/lehmann hyena whoop traces/WRTH_TW bout6 call5 2017-01-11 04-04-55 A.wav,2,comb,332.03,7.688904369573609,7.688904369573609,1.0,0.9819165719550543,1.0,350
spotted_hyenas,spotted_hyenas/lehmann hyena whoop traces/WRTH_TW bout6 call5 2017-01-11 04-04-55 A.wav,2,comb_noexempt,332.03,7.652821520538101,7.652821520538101,1.0,0.9879154744887366,0.9885714285714285,346
spotted_hyenas,spotted_hyenas/lehmann hyena whoop traces/WRTH_TW bout6 call5 2017-01-11 04-04-55 A.wav,2,pyin,332.03,57.96535848165991,8.295069902718268,1.0,0.46995779820905653,0.7714285714285715,270
spotted_hyenas,spotted_hyenas/lehmann hyena whoop traces/WRTH_TW bout6 call5 2017-01-11 04-04-55 A.wav,4,comb,332.03,7.613570641988274,7.613570641988274,1.0,0.9767316232160329,1.0,350
spotted_hyenas,spotted_hyenas/lehmann hyena whoop traces/WRTH_TW bout6 call5 2017-01-11 04-04-55 A.wav,4,comb_noexempt,332.03,7.0285104400528295,7.0285104400528295,1.0,0.9890515569459349,0.9885714285714285,346
spotted_hyenas,spotted_hyenas/lehmann hyena whoop traces/WRTH_TW bout6 call5 2017-01-11 04-04-55 A.wav,4,pyin,332.03,1132.6907312281671,7.817348113602908,0.0,-0.34268033608038273,0.8,280
spotted_hyenas,spotted_hyenas/lehmann hyena whoop traces/WRTH_TW bout6 call5 2017-01-11 04-04-55 A.wav,6,comb,332.03,7.356810197053763,7.356810197053763,1.0,0.9784044141401538,1.0,350
spotted_hyenas,spotted_hyenas/lehmann hyena whoop traces/WRTH_TW bout6 call5 2017-01-11 04-04-55 A.wav,6,comb_noexempt,332.03,7.0981198845603135,7.0981198845603135,1.0,0.9874161522325824,0.9742857142857143,341
spotted_hyenas,spotted_hyenas/lehmann hyena whoop traces/WRTH_TW bout6 call5 2017-01-11 04-04-55 A.wav,6,pyin,332.03,21.795095019520563,7.309268771832904,1.0,-0.18006173928362135,0.6057142857142858,212
monk_parakeets,monk_parakeets/pre-processed_calls/2011_02_15_BART_WRIG1026_15.WAV,0,comb,1872.195331199065,278.9228095055397,272.59811137367853,1.0,0.5987688703951363,1.0,100
monk_parakeets,monk_parakeets/pre-processed_calls/2011_02_15_BART_WRIG1026_15.WAV,0,comb_noexempt,1872.195331199065,308.1577466144007,278.68542266112706,1.0,0.5372249807676627,1.0,100
monk_parakeets,monk_parakeets/pre-processed_calls/2011_02_15_BART_WRIG1026_15.WAV,2,comb,1872.195331199065,1215.2869825265202,190.27020890820583,0.0,0.668453181477967,1.0,100
monk_parakeets,monk_parakeets/pre-processed_calls/2011_02_15_BART_WRIG1026_15.WAV,2,comb_noexempt,1872.195331199065,1860.3496528973715,144.95081364110817,0.0,0.12805444208168573,1.0,100
monk_parakeets,monk_parakeets/pre-processed_calls/2011_02_15_BART_WRIG1026_15.WAV,2,pyin,1872.195331199065,1809.958573498753,127.95700936333373,0.0,-0.1636700276352291,0.9,90
monk_parakeets,monk_parakeets/pre-processed_calls/2011_02_15_BART_WRIG1026_15.WAV,4,comb,1872.195331199065,1158.454435267592,212.93615314272404,0.0,-0.16811661943185113,1.0,100
monk_parakeets,monk_parakeets/pre-processed_calls/2011_02_15_BART_WRIG1026_15.WAV,4,comb_noexempt,1872.195331199065,1556.3235680921175,191.91159906511803,0.0,-0.008045504971206567,1.0,100
monk_parakeets,monk_parakeets/pre-processed_calls/2011_02_15_BART_WRIG1026_15.WAV,6,comb,1872.195331199065,1382.4132728733073,210.14826523345548,0.0,-0.5004805534177003,1.0,100
monk_parakeets,monk_parakeets/pre-processed_calls/2011_02_15_BART_WRIG1026_15.WAV,6,comb_noexempt,1872.195331199065,1873.9909453369764,130.39810015414244,0.0,-0.43025118765680526,1.0,100
spotted_hyenas,spotted_hyenas/lehmann hyena whoop traces/ZITI_TW_150125_1914_SC_WP_02_05_T.wav,0,comb,277.34,8.768500366876971,8.768500366876971,1.0,0.9960454270747977,1.0,532
spotted_hyenas,spotted_hyenas/lehmann hyena whoop traces/ZITI_TW_150125_1914_SC_WP_02_05_T.wav,0,comb_noexempt,277.34,8.768500366876971,8.768500366876971,1.0,0.9960454270747977,1.0,532
spotted_hyenas,spotted_hyenas/lehmann hyena whoop traces/ZITI_TW_150125_1914_SC_WP_02_05_T.wav,0,pyin,277.34,12.64087788595608,7.872260612725241,1.0,0.6251757012628177,0.9793233082706767,521
spotted_hyenas,spotted_hyenas/lehmann hyena whoop traces/ZITI_TW_150125_1914_SC_WP_02_05_T.wav,2,comb,277.34,7.986967899190792,7.986967899190792,1.0,0.9954336072966081,1.0,532
spotted_hyenas,spotted_hyenas/lehmann hyena whoop traces/ZITI_TW_150125_1914_SC_WP_02_05_T.wav,2,comb_noexempt,277.34,7.986967899190792,7.986967899190792,1.0,0.9963291139912704,0.9924812030075187,528
spotted_hyenas,spotted_hyenas/lehmann hyena whoop traces/ZITI_TW_150125_1914_SC_WP_02_05_T.wav,2,pyin,277.34,45.33935445047672,10.914101752217645,1.0,-0.6773614832767746,0.9548872180451128,508
spotted_hyenas,spotted_hyenas/lehmann hyena whoop traces/ZITI_TW_150125_1914_SC_WP_02_05_T.wav,4,comb,277.34,8.411272843082202,8.411272843082202,1.0,0.9798851328830132,1.0,532
spotted_hyenas,spotted_hyenas/lehmann hyena whoop traces/ZITI_TW_150125_1914_SC_WP_02_05_T.wav,4,comb_noexempt,277.34,7.9303851796557865,7.9303851796557865,1.0,0.9965066879802151,0.9774436090225563,520
spotted_hyenas,spotted_hyenas/lehmann hyena whoop traces/ZITI_TW_150125_1914_SC_WP_02_05_T.wav,4,pyin,277.34,2166.1282673190312,68.63240069839486,0.0,-0.9636425401649986,0.3533834586466165,188
spotted_hyenas,spotted_hyenas/lehmann hyena whoop traces/ZITI_TW_150125_1914_SC_WP_02_05_T.wav,6,comb,277.34,8.586533710376575,8.586533710376575,1.0,0.9809286267437328,1.0,532
spotted_hyenas,spotted_hyenas/lehmann hyena whoop traces/ZITI_TW_150125_1914_SC_WP_02_05_T.wav,6,comb_noexempt,277.34,8.262338909048875,8.262338909048875,1.0,0.9961923419925522,0.9718045112781954,517
spotted_hyenas,spotted_hyenas/lehmann hyena whoop traces/ZITI_TW_150125_1914_SC_WP_02_05_T.wav,6,pyin,277.34,2185.9396953431487,72.83964698220552,0.0,0.8128426052629182,0.3458646616541353,184
monk_parakeets,monk_parakeets/pre-processed_calls/2011_02_15_BART_WRIG1026_23.WAV,0,comb,1466.55502242544,371.06872518357943,278.8419572516152,1.0,-0.1755587430571355,1.0,100
monk_parakeets,monk_parakeets/pre-processed_calls/2011_02_15_BART_WRIG1026_23.WAV,0,comb_noexempt,1466.55502242544,352.89026936183325,277.7077835087333,1.0,-0.15825353936993697,1.0,100
monk_parakeets,monk_parakeets/pre-processed_calls/2011_02_15_BART_WRIG1026_23.WAV,2,comb,1466.55502242544,361.8260786194854,287.0048685913606,1.0,-0.1348177814153165,1.0,100
monk_parakeets,monk_parakeets/pre-processed_calls/2011_02_15_BART_WRIG1026_23.WAV,2,comb_noexempt,1466.55502242544,1652.9696947756815,163.42565782711688,0.0,-0.24868575288015135,1.0,100
monk_parakeets,monk_parakeets/pre-processed_calls/2011_02_15_BART_WRIG1026_23.WAV,4,comb,1466.55502242544,952.655862531774,259.74070864106113,0.0,0.356466381740822,1.0,100
monk_parakeets,monk_parakeets/pre-processed_calls/2011_02_15_BART_WRIG1026_23.WAV,4,comb_noexempt,1466.55502242544,1619.2015570415028,128.77662953887727,0.0,0.47923002228192435,1.0,100
monk_parakeets,monk_parakeets/pre-processed_calls/2011_02_15_BART_WRIG1026_23.WAV,6,comb,1466.55502242544,424.39674375617824,316.5343338021462,1.0,0.3270885937433016,1.0,100
monk_parakeets,monk_parakeets/pre-processed_calls/2011_02_15_BART_WRIG1026_23.WAV,6,comb_noexempt,1466.55502242544,2055.108756776939,196.77369549484814,0.0,0.4586201907786613,1.0,100
monk_parakeets,monk_parakeets/pre-processed_calls/2011_02_15_ELEM_WRIG1013_10_site_scale.WAV,0,comb,1695.25,90.75374651969858,90.75374651969858,1.0,0.8569988634891266,1.0,100
monk_parakeets,monk_parakeets/pre-processed_calls/2011_02_15_ELEM_WRIG1013_10_site_scale.WAV,0,comb_noexempt,1695.25,81.20700328150605,81.20700328150605,1.0,0.8635626625455219,1.0,100
monk_parakeets,monk_parakeets/pre-processed_calls/2011_02_15_ELEM_WRIG1013_10_site_scale.WAV,0,pyin,1695.25,48.008785325999895,48.008785325999895,1.0,-0.03428653370934713,0.55,55
monk_parakeets,monk_parakeets/pre-processed_calls/2011_02_15_ELEM_WRIG1013_10_site_scale.WAV,2,comb,1695.25,265.9513582371581,265.9513582371581,1.0,0.5681024545598219,1.0,100
monk_parakeets,monk_parakeets/pre-processed_calls/2011_02_15_ELEM_WRIG1013_10_site_scale.WAV,2,comb_noexempt,1695.25,1575.2920155180927,116.4176922131318,0.0,-0.23496020276515642,1.0,100
monk_parakeets,monk_parakeets/pre-processed_calls/2011_02_15_ELEM_WRIG1013_10_site_scale.WAV,4,comb,1695.25,322.10174606859624,322.10174606859624,1.0,0.44210217847035893,1.0,100
monk_parakeets,monk_parakeets/pre-processed_calls/2011_02_15_ELEM_WRIG1013_10_site_scale.WAV,4,comb_noexempt,1695.25,1569.6236878228592,101.20178148467029,0.0,-0.1772560720627589,1.0,100
monk_parakeets,monk_parakeets/pre-processed_calls/2011_02_15_ELEM_WRIG1013_10_site_scale.WAV,6,comb,1695.25,334.6892311908638,334.6892311908638,1.0,0.30525819050717284,1.0,100
monk_parakeets,monk_parakeets/pre-processed_calls/2011_02_15_ELEM_WRIG1013_10_site_scale.WAV,6,comb_noexempt,1695.25,1902.0167091112762,139.01084536193196,0.0,-0.3163505421111099,1.0,100
monk_parakeets,monk_parakeets/pre-processed_calls/2011_02_15_ELEM_WRIG1013_2.WAV,0,comb,1881.519713934945,95.181107203562,95.181107203562,1.0,0.839656880763815,1.0,100
monk_parakeets,monk_parakeets/pre-processed_calls/2011_02_15_ELEM_WRIG1013_2.WAV,0,comb_noexempt,1881.519713934945,107.21095938879641,107.21095938879641,1.0,0.8652608943693736,1.0,100
monk_parakeets,monk_parakeets/pre-processed_calls/2011_02_15_ELEM_WRIG1013_2.WAV,2,comb,1881.519713934945,178.69827700377084,178.69827700377084,1.0,0.7262959832952232,1.0,100
monk_parakeets,monk_parakeets/pre-processed_calls/2011_02_15_ELEM_WRIG1013_2.WAV,2,comb_noexempt,1881.519713934945,1580.7795193910247,206.31057097882234,0.0,0.13513912641820597,1.0,100
monk_parakeets,monk_parakeets/pre-processed_calls/2011_02_15_ELEM_WRIG1013_2.WAV,2,pyin,1881.519713934945,1851.9458903499371,60.660742839283685,0.0,0.5638233391070189,0.24,24
monk_parakeets,monk_parakeets/pre-processed_calls/2011_02_15_ELEM_WRIG1013_2.WAV,4,comb,1881.519713934945,802.469246129058,290.34605825141546,0.0,0.7580372276398821,1.0,100
monk_parakeets,monk_parakeets/pre-processed_calls/2011_02_15_ELEM_WRIG1013_2.WAV,4,comb_noexempt,1881.519713934945,1560.333575008966,97.80404240545823,0.0,-0.20309388020331323,1.0,100
monk_parakeets,monk_parakeets/pre-processed_calls/2011_02_15_ELEM_WRIG1013_2.WAV,4,pyin,1881.519713934945,1602.9764004808972,182.17012315352088,0.0,0.606189689876633,1.0,100
monk_parakeets,monk_parakeets/pre-processed_calls/2011_02_15_ELEM_WRIG1013_2.WAV,6,comb,1881.519713934945,1345.0323333994681,225.9069671727162,0.0,0.6027892464321655,1.0,100
monk_parakeets,monk_parakeets/pre-processed_calls/2011_02_15_ELEM_WRIG1013_2.WAV,6,comb_noexempt,1881.519713934945,2021.481671477093,133.56771685819223,0.0,0.39131249149018,1.0,100
monk_parakeets,monk_parakeets/pre-processed_calls/2011_02_15_ELEM_WRIG1013_4.WAV,0,comb,1837.25,208.9520472307035,208.9520472307035,1.0,0.867061038870857,1.0,100
monk_parakeets,monk_parakeets/pre-processed_calls/2011_02_15_ELEM_WRIG1013_4.WAV,0,comb_noexempt,1837.25,202.86228860409136,202.86228860409136,1.0,0.8682010812841174,1.0,100
monk_parakeets,monk_parakeets/pre-processed_calls/2011_02_15_ELEM_WRIG1013_4.WAV,2,comb,1837.25,1259.454005436666,110.21565801621128,0.0,0.0168470733662111,1.0,100
monk_parakeets,monk_parakeets/pre-processed_calls/2011_02_15_ELEM_WRIG1013_4.WAV,2,comb_noexempt,1837.25,1551.5387377768197,211.3254432493301,0.0,-0.054626866041613445,1.0,100
monk_parakeets,monk_parakeets/pre-processed_calls/2011_02_15_ELEM_WRIG1013_4.WAV,4,comb,1837.25,1254.9547257600861,177.01525220020025,0.0,0.8255582345096091,1.0,100
monk_parakeets,monk_parakeets/pre-processed_calls/2011_02_15_ELEM_WRIG1013_4.WAV,4,comb_noexempt,1837.25,1555.317622906974,214.66173798619616,0.0,-0.6447972733841715,1.0,100
monk_parakeets,monk_parakeets/pre-processed_calls/2011_02_15_ELEM_WRIG1013_4.WAV,4,pyin,1837.25,1563.2988434467213,226.20218840904607,0.0,-0.6030342526565348,1.0,100
monk_parakeets,monk_parakeets/pre-processed_calls/2011_02_15_ELEM_WRIG1013_4.WAV,6,comb,1837.25,1441.9082567673959,174.65325855057776,0.0,-0.1751483535795904,1.0,100
monk_parakeets,monk_parakeets/pre-processed_calls/2011_02_15_ELEM_WRIG1013_4.WAV,6,comb_noexempt,1837.25,2024.183633288082,164.30451260161607,0.0,0.3991073183691987,1.0,100
monk_parakeets,monk_parakeets/pre-processed_calls/2011_02_15_INTR_WRIG1032_13.WAV,0,comb,1324.859761909995,105.11592083093392,105.11592083093392,1.0,0.7729516413906279,1.0,100
monk_parakeets,monk_parakeets/pre-processed_calls/2011_02_15_INTR_WRIG1032_13.WAV,0,comb_noexempt,1324.859761909995,99.51625377250369,99.51625377250369,1.0,0.7828414929923556,1.0,100
monk_parakeets,monk_parakeets/pre-processed_calls/2011_02_15_INTR_WRIG1032_13.WAV,2,comb,1324.859761909995,431.531329420539,254.85355511215855,1.0,0.3926082669062582,1.0,100
monk_parakeets,monk_parakeets/pre-processed_calls/2011_02_15_INTR_WRIG1032_13.WAV,2,comb_noexempt,1324.859761909995,1846.2960790275993,65.14267676443717,0.0,0.7067138351736115,1.0,100
monk_parakeets,monk_parakeets/pre-processed_calls/2011_02_15_INTR_WRIG1032_13.WAV,4,comb,1324.859761909995,557.8621247396482,147.0556724263867,1.0,-0.3936965966952414,1.0,100
monk_parakeets,monk_parakeets/pre-processed_calls/2011_02_15_INTR_WRIG1032_13.WAV,4,comb_noexempt,1324.859761909995,2584.5362883488283,187.5672802425301,0.0,0.7166570716964294,1.0,100
monk_parakeets,monk_parakeets/pre-processed_calls/2011_02_15_INTR_WRIG1032_13.WAV,6,comb,1324.859761909995,349.6208109351911,228.4022888113511,1.0,-0.09487142714597153,1.0,100
monk_parakeets,monk_parakeets/pre-processed_calls/2011_02_15_INTR_WRIG1032_13.WAV,6,comb_noexempt,1324.859761909995,2244.407723270313,180.38155407529,0.0,0.46851647946769054,1.0,100
monk_parakeets,monk_parakeets/pre-processed_calls/2011_02_15_INTR_WRIG1032_13.WAV,6,pyin,1324.859761909995,2251.05951127549,191.13340873954436,0.0,-0.5750098730854103,1.0,100
monk_parakeets,monk_parakeets/pre-processed_calls/2011_02_15_INTR_WRIG1032_7.WAV,0,comb,1395.7073921677174,95.10366865882466,95.10366865882466,1.0,0.7443792829828592,1.0,100
monk_parakeets,monk_parakeets/pre-processed_calls/2011_02_15_INTR_WRIG1032_7.WAV,0,comb_noexempt,1395.7073921677174,93.37316901963965,83.75740669420324,1.0,0.6381158082431806,1.0,100
monk_parakeets,monk_parakeets/pre-processed_calls/2011_02_15_INTR_WRIG1032_7.WAV,2,comb,1395.7073921677174,492.8943448542383,329.5281920109543,1.0,0.6000091633448601,1.0,100
monk_parakeets,monk_parakeets/pre-processed_calls/2011_02_15_INTR_WRIG1032_7.WAV,2,comb_noexempt,1395.7073921677174,1646.0784652993152,65.92776738536438,0.0,0.6852924751454769,1.0,100
monk_parakeets,monk_parakeets/pre-processed_calls/2011_02_15_INTR_WRIG1032_7.WAV,2,pyin,1395.7073921677174,1449.7564763745154,249.7564763745155,0.0,,0.02,2
monk_parakeets,monk_parakeets/pre-processed_calls/2011_02_15_INTR_WRIG1032_7.WAV,4,comb,1395.7073921677174,819.3390676541549,180.43724003809342,0.0,-0.7708954014318803,1.0,100
monk_parakeets,monk_parakeets/pre-processed_calls/2011_02_15_INTR_WRIG1032_7.WAV,4,comb_noexempt,1395.7073921677174,1662.6558101948842,60.90043792038115,0.0,0.7172627416804501,1.0,100
monk_parakeets,monk_parakeets/pre-processed_calls/2011_02_15_INTR_WRIG1032_7.WAV,6,comb,1395.7073921677174,609.6660666757225,238.85478033710484,1.0,-0.7371331911624793,1.0,100
monk_parakeets,monk_parakeets/pre-processed_calls/2011_02_15_INTR_WRIG1032_7.WAV,6,comb_noexempt,1395.7073921677174,2160.2371268666384,232.90933193317937,0.0,-0.6944668087700702,1.0,100
monk_parakeets,monk_parakeets/pre-processed_calls/2011_02_15_INTR_WRIG1032_7.WAV,6,pyin,1395.7073921677174,2204.5789712773494,268.2690581697236,0.0,-0.6729163036454053,0.97,97
monk_parakeets,monk_parakeets/pre-processed_calls/2011_02_15_INTR_WRIG1033_12.WAV,0,comb,1689.21900323542,349.8371611697754,227.54358187081618,1.0,0.08943810690797778,1.0,100
monk_parakeets,monk_parakeets/pre-processed_calls/2011_02_15_INTR_WRIG1033_12.WAV,0,comb_noexempt,1689.21900323542,1567.5751632144,116.48740002598603,0.0,0.4613268322244839,1.0,100
monk_parakeets,monk_parakeets/pre-processed_calls/2011_02_15_INTR_WRIG1033_12.WAV,2,comb,1689.21900323542,800.0935310661254,229.46383146279777,0.0,-0.31007141386359127,1.0,100
monk_parakeets,monk_parakeets/pre-processed_calls/2011_02_15_INTR_WRIG1033_12.WAV,2,comb_noexempt,1689.21900323542,1592.3209618943633,116.95728778242423,0.0,-0.11694400051031677,1.0,100
monk_parakeets,monk_parakeets/pre-processed_calls/2011_02_15_INTR_WRIG1033_12.WAV,4,comb,1689.21900323542,1111.1777155396262,263.58018557085086,0.0,0.5551479131709594,1.0,100
monk_parakeets,monk_parakeets/pre-processed_calls/2011_02_15_INTR_WRIG1033_12.WAV,4,comb_noexempt,1689.21900323542,1538.3319122274802,124.12340386061248,0.0,0.554803057893854,1.0,100
monk_parakeets,monk_parakeets/pre-processed_calls/2011_02_15_INTR_WRIG1033_12.WAV,6,comb,1689.21900323542,1372.9894596475378,175.28644927735036,0.0,-0.3734830163211566,1.0,100
monk_parakeets,monk_parakeets/pre-processed_calls/2011_02_15_INTR_WRIG1033_12.WAV,6,comb_noexempt,1689.21900323542,2169.0532648145663,164.65433222330154,0.0,0.3158669571431276,1.0,100
monk_parakeets,monk_parakeets/pre-processed_calls/2011_02_15_MART_WRIG1008_16.WAV,0,comb,1734.763908401095,584.9300250287304,267.0552691200485,1.0,0.5308551357322594,1.0,100
monk_parakeets,monk_parakeets/pre-processed_calls/2011_02_15_MART_WRIG1008_16.WAV,0,comb_noexempt,1734.763908401095,162.32935654592296,157.4093140910706,1.0,0.7200741412069966,1.0,100
monk_parakeets,monk_parakeets/pre-processed_calls/2011_02_15_MART_WRIG1008_16.WAV,0,pyin,1734.763908401095,2418.0087853259997,18.00878532599988,0.0,,0.02,2
monk_parakeets,monk_parakeets/pre-processed_calls/2011_02_15_MART_WRIG1008_16.WAV,2,comb,1734.763908401095,736.1602654549292,189.26840532475273,0.0,-0.41360309676561835,1.0,100
monk_parakeets,monk_parakeets/pre-processed_calls/2011_02_15_MART_WRIG1008_16.WAV,2,comb_noexempt,1734.763908401095,533.8032447886444,148.1857053934744,1.0,-0.1911146716409031,1.0,100
monk_parakeets,monk_parakeets/pre-processed_calls/2011_02_15_MART_WRIG1008_16.WAV,4,comb,1734.763908401095,558.4870332306875,310.9377542663682,1.0,0.8623176470827201,1.0,100
monk_parakeets,monk_parakeets/pre-processed_calls/2011_02_15_MART_WRIG1008_16.WAV,4,comb_noexempt,1734.763908401095,1692.1244098227571,129.85938060341843,0.0,-0.3733198437849683,1.0,100
monk_parakeets,monk_parakeets/pre-processed_calls/2011_02_15_MART_WRIG1008_16.WAV,6,comb,1734.763908401095,586.4800271870645,277.26535693710105,1.0,0.5087782517201502,1.0,100
monk_parakeets,monk_parakeets/pre-processed_calls/2011_02_15_MART_WRIG1008_16.WAV,6,comb_noexempt,1734.763908401095,2026.7864785949619,170.77979320952565,0.0,0.10956746993355113,1.0,100
monk_parakeets,monk_parakeets/pre-processed_calls/2011_02_15_MART_WRIG1008_42.WAV,0,comb,1779.6544067833875,369.6344701160734,209.7288545989847,1.0,0.8674874630718246,1.0,100
monk_parakeets,monk_parakeets/pre-processed_calls/2011_02_15_MART_WRIG1008_42.WAV,0,comb_noexempt,1779.6544067833875,359.49391925640725,212.60130768640522,1.0,0.8750629743833046,1.0,100
monk_parakeets,monk_parakeets/pre-processed_calls/2011_02_15_MART_WRIG1008_42.WAV,0,pyin,1779.6544067833875,2442.242499505849,429.12461331795424,0.0,,0.14,14
monk_parakeets,monk_parakeets/pre-processed_calls/2011_02_15_MART_WRIG1008_42.WAV,2,comb,1779.6544067833875,1268.1320584803632,223.7888801931647,0.0,0.7973824120536457,1.0,100
monk_parakeets,monk_parakeets/pre-processed_calls/2011_02_15_MART_WRIG1008_42.WAV,2,comb_noexempt,1779.6544067833875,1732.9691969194319,161.39843518642766,0.0,-0.3687794091639483,1.0,100
monk_parakeets,monk_parakeets/pre-processed_calls/2011_02_15_MART_WRIG1008_42.WAV,4,comb,1779.6544067833875,1741.700055092242,166.46005431574653,0.0,-0.3286115613388614,1.0,100
monk_parakeets,monk_parakeets/pre-processed_calls/2011_02_15_MART_WRIG1008_42.WAV,4,comb_noexempt,1779.6544067833875,1600.3401172720935,79.26372609655283,0.0,0.883758541658022,1.0,100
monk_parakeets,monk_parakeets/pre-processed_calls/2011_02_15_MART_WRIG1008_42.WAV,6,comb,1779.6544067833875,1175.1216402122277,247.56670140211614,0.0,-0.7504115705875393,1.0,100
monk_parakeets,monk_parakeets/pre-processed_calls/2011_02_15_MART_WRIG1008_42.WAV,6,comb_noexempt,1779.6544067833875,2023.246955002155,217.95071568744564,0.0,-0.2817252222710678,1.0,100
monk_parakeets,monk_parakeets/pre-processed_calls/2011_02_15_PLEA_WRIG1012_1.WAV,0,comb,1726.3516816913425,362.76848825067646,212.73032444938133,1.0,0.7434596322488602,1.0,100
monk_parakeets,monk_parakeets/pre-processed_calls/2011_02_15_PLEA_WRIG1012_1.WAV,0,comb_noexempt,1726.3516816913425,84.20301174838002,81.99599346678357,1.0,0.7532896257181569,1.0,100
monk_parakeets,monk_parakeets/pre-processed_calls/2011_02_15_PLEA_WRIG1012_1.WAV,0,pyin,1726.3516816913425,2976.7381673547206,576.7381673547206,0.0,,0.01,1
monk_parakeets,monk_parakeets/pre-processed_calls/2011_02_15_PLEA_WRIG1012_1.WAV,2,comb,1726.3516816913425,334.15421775693517,150.38680518274066,1.0,0.5962225861664805,1.0,100
monk_parakeets,monk_parakeets/pre-processed_calls/2011_02_15_PLEA_WRIG1012_1.WAV,2,comb_noexempt,1726.3516816913425,1876.6602056783815,153.40895529143205,0.0,0.0480064775424019,1.0,100
monk_parakeets,monk_parakeets/pre-processed_calls/2011_02_15_PLEA_WRIG1012_1.WAV,4,comb,1726.3516816913425,352.06238110528676,180.7050948132342,1.0,0.6140740480863989,1.0,100
monk_parakeets,monk_parakeets/pre-processed_calls/2011_02_15_PLEA_WRIG1012_1.WAV,4,comb_noexempt,1726.3516816913425,1616.8529576735164,110.13939261837548,0.0,0.6029036727432976,1.0,100
monk_parakeets,monk_parakeets/pre-processed_calls/2011_02_15_PLEA_WRIG1012_1.WAV,6,comb,1726.3516816913425,337.1942543442643,163.58526574377532,1.0,0.5861076573546844,1.0,100
monk_parakeets,monk_parakeets/pre-processed_calls/2011_02_15_PLEA_WRIG1012_1.WAV,6,comb_noexempt,1726.3516816913425,2117.205027873336,215.75731186594396,0.0,0.6831194952693489,1.0,100
monk_parakeets,monk_parakeets/pre-processed_calls/2011_02_15_PLEA_WRIG1012_3.WAV,0,comb,1775.248268548365,739.0449704789797,229.99231353218818,0.0,0.6134438648538215,1.0,100
monk_parakeets,monk_parakeets/pre-processed_calls/2011_02_15_PLEA_WRIG1012_3.WAV,0,comb_noexempt,1775.248268548365,150.07995502391987,138.80966735495815,1.0,0.8436932500048927,1.0,100
monk_parakeets,monk_parakeets/pre-processed_calls/2011_02_15_PLEA_WRIG1012_3.WAV,2,comb,1775.248268548365,475.8432150549195,136.18603488385958,1.0,0.6170516345001132,1.0,100
monk_parakeets,monk_parakeets/pre-processed_calls/2011_02_15_PLEA_WRIG1012_3.WAV,2,comb_noexempt,1775.248268548365,1614.8139695545963,173.43287290823736,0.0,0.05232919423754141,1.0,100
monk_parakeets,monk_parakeets/pre-processed_calls/2011_02_15_PLEA_WRIG1012_3.WAV,4,comb,1775.248268548365,719.2985075423594,233.8215726993643,0.0,0.7186930311311744,1.0,100
monk_parakeets,monk_parakeets/pre-processed_calls/2011_02_15_PLEA_WRIG1012_3.WAV,4,comb_noexempt,1775.248268548365,1608.3578762555821,163.48338396997084,0.0,0.47821422482342724,1.0,100
monk_parakeets,monk_parakeets/pre-processed_calls/2011_02_15_PLEA_WRIG1012_3.WAV,4,pyin,1775.248268548365,1666.1253692260855,116.05017701824242,0.0,-0.8886637697816415,0.68,68
monk_parakeets,monk_parakeets/pre-processed_calls/2011_02_15_PLEA_WRIG1012_3.WAV,6,comb,1775.248268548365,713.5599548854625,215.72859024134124,0.0,0.776726964349888,1.0,100
monk_parakeets,monk_parakeets/pre-processed_calls/2011_02_15_PLEA_WRIG1012_3.WAV,6,comb_noexempt,1775.248268548365,2090.896621320111,288.8413953752412,0.0,-0.5163018901108549,1.0,100
monk_parakeets,monk_parakeets/pre-processed_calls/2011_02_15_SOFT_WRIG1017_1.WAV,0,comb,1841.5782219122475,181.12986463267464,181.12986463267464,1.0,0.8415160556359387,1.0,100
monk_parakeets,monk_parakeets/pre-processed_calls/2011_02_15_SOFT_WRIG1017_1.WAV,0,comb_noexempt,1841.5782219122475,159.31523927308803,159.31523927308803,1.0,0.8360893432092887,1.0,100
monk_parakeets,monk_parakeets/pre-processed_calls/2011_02_15_SOFT_WRIG1017_1.WAV,2,comb,1841.5782219122475,263.7258762894534,222.35834133321217,1.0,0.786660913579701,1.0,100
monk_parakeets,monk_parakeets/pre-processed_calls/2011_02_15_SOFT_WRIG1017_1.WAV,2,comb_noexempt,1841.5782219122475,1738.732889656786,171.57451562883114,0.0,-0.23654253304370454,1.0,100
monk_parakeets,monk_parakeets/pre-processed_calls/2011_02_15_SOFT_WRIG1017_1.WAV,4,comb,1841.5782219122475,267.92337621259935,217.74684413003627,1.0,0.790585284699527,1.0,100
monk_parakeets,monk_parakeets/pre-processed_calls/2011_02_15_SOFT_WRIG1017_1.WAV,4,comb_noexempt,1841.5782219122475,1526.763198009706,169.50726527300293,0.0,0.6968640821001806,1.0,100
monk_parakeets,monk_parakeets/pre-processed_calls/2011_02_15_SOFT_WRIG1017_1.WAV,6,comb,1841.5782219122475,297.8764752858556,246.50814207743383,1.0,0.6377681087506714,1.0,100
monk_parakeets,monk_parakeets/pre-processed_calls/2011_02_15_SOFT_WRIG1017_1.WAV,6,comb_noexempt,1841.5782219122475,1859.9533040064039,209.93410572220904,0.0,0.2734618754224717,1.0,100
monk_parakeets,monk_parakeets/pre-processed_calls/2011_02_15_SOFT_WRIG1018_19.WAV,0,comb,1822.5,288.2038814393028,288.2038814393028,1.0,0.8799797293483778,1.0,100
monk_parakeets,monk_parakeets/pre-processed_calls/2011_02_15_SOFT_WRIG1018_19.WAV,0,comb_noexempt,1822.5,91.51201397028842,91.51201397028842,1.0,0.9251757501301795,1.0,100
monk_parakeets,monk_parakeets/pre-processed_calls/2011_02_15_SOFT_WRIG1018_19.WAV,2,comb,1822.5,199.23005506690987,199.23005506690987,1.0,0.9127846553630099,1.0,100
monk_parakeets,monk_parakeets/pre-processed_calls/2011_02_15_SOFT_WRIG1018_19.WAV,2,comb_noexempt,1822.5,1550.6450935150478,146.646811480829,0.0,0.16671910902808512,1.0,100
monk_parakeets,monk_parakeets/pre-processed_calls/2011_02_15_SOFT_WRIG1018_19.WAV,4,comb,1822.5,283.21399649047305,283.21399649047305,1.0,0.868371358740838,1.0,100
monk_parakeets,monk_parakeets/pre-processed_calls/2011_02_15_SOFT_WRIG1018_19.WAV,4,comb_noexempt,1822.5,1587.457942822894,137.23061179262555,0.0,0.3689577054099468,1.0,100
monk_parakeets,monk_parakeets/pre-processed_calls/2011_02_15_SOFT_WRIG1018_19.WAV,6,comb,1822.5,413.49461786919187,367.2602029821451,1.0,0.8240338499769578,1.0,100
monk_parakeets,monk_parakeets/pre-processed_calls/2011_02_15_SOFT_WRIG1018_19.WAV,6,comb_noexempt,1822.5,1962.4561886306697,230.47041702104855,0.0,-0.1772137068347547,1.0,100
monk_parakeets,monk_parakeets/pre-processed_calls/2011_02_18_LAKE_WRIG1035_2.WAV,0,comb,1942.24625415585,389.7766720489621,325.9988775715848,1.0,0.6290370721367577,1.0,100
monk_parakeets,monk_parakeets/pre-processed_calls/2011_02_18_LAKE_WRIG1035_2.WAV,0,comb_noexempt,1942.24625415585,315.0675224539284,180.59342337400864,1.0,-0.4346644866741827,1.0,100
monk_parakeets,monk_parakeets/pre-processed_calls/2011_02_18_LAKE_WRIG1035_2.WAV,2,comb,1942.24625415585,406.9891566935286,327.08454100756916,1.0,0.5446843321473305,1.0,100
monk_parakeets,monk_parakeets/pre-processed_calls/2011_02_18_LAKE_WRIG1035_2.WAV,2,comb_noexempt,1942.24625415585,1662.2555518701301,146.32387486856902,0.0,0.4499518115150733,1.0,100
monk_parakeets,monk_parakeets/pre-processed_calls/2011_02_18_LAKE_WRIG1035_2.WAV,4,comb,1942.24625415585,1300.9887196412424,184.35359349051686,0.0,0.5699199874217187,1.0,100
monk_parakeets,monk_parakeets/pre-processed_calls/2011_02_18_LAKE_WRIG1035_2.WAV,4,comb_noexempt,1942.24625415585,1656.724839568536,166.9690281503961,0.0,0.8303057608894048,1.0,100
monk_parakeets,monk_parakeets/pre-processed_calls/2011_02_18_LAKE_WRIG1035_2.WAV,4,pyin,1942.24625415585,1571.3096673732493,161.64980524902694,0.0,-0.19713562540064095,0.94,94
monk_parakeets,monk_parakeets/pre-processed_calls/2011_02_18_LAKE_WRIG1035_2.WAV,6,comb,1942.24625415585,1994.1454776560981,149.1017450752983,0.0,-0.6741373674952753,1.0,100
monk_parakeets,monk_parakeets/pre-processed_calls/2011_02_18_LAKE_WRIG1035_2.WAV,6,comb_noexempt,1942.24625415585,1899.9599247889428,198.4213431015046,0.0,-0.23570415268462538,1.0,100
monk_parakeets,monk_parakeets/pre-processed_calls/2011_02_18_LAKE_WRIG1039_10.WAV,0,comb,2276.7864000000004,231.68887754364357,231.68887754364357,1.0,0.5492386236653989,1.0,100
monk_parakeets,monk_parakeets/pre-processed_calls/2011_02_18_LAKE_WRIG1039_10.WAV,0,comb_noexempt,2276.7864000000004,895.9906894194428,304.00931058055716,0.0,0.6415811049459755,1.0,100
monk_parakeets,monk_parakeets/pre-processed_calls/2011_02_18_LAKE_WRIG1039_10.WAV,0,pyin,2276.7864000000004,2776.2953350465586,376.29533504655876,0.0,,0.29,29
monk_parakeets,monk_parakeets/pre-processed_calls/2011_02_18_LAKE_WRIG1039_10.WAV,2,comb,2276.7864000000004,1788.9649469822082,143.0226636219531,0.0,0.08955031780330368,1.0,100
monk_parakeets,monk_parakeets/pre-processed_calls/2011_02_18_LAKE_WRIG1039_10.WAV,2,comb_noexempt,2276.7864000000004,404.8786660207641,80.41240062417796,1.0,-0.6639283838329948,1.0,100
monk_parakeets,monk_parakeets/pre-processed_calls/2011_02_18_LAKE_WRIG1039_10.WAV,4,comb,2276.7864000000004,2115.9845440149065,154.4581937538394,0.0,0.09732853678567352,1.0,100
monk_parakeets,monk_parakeets/pre-processed_calls/2011_02_18_LAKE_WRIG1039_10.WAV,4,comb_noexempt,2276.7864000000004,1451.3712405676981,79.58006905855373,0.0,0.621173920869166,1.0,100
monk_parakeets,monk_parakeets/pre-processed_calls/2011_02_18_LAKE_WRIG1039_10.WAV,4,pyin,2276.7864000000004,1495.941396564523,144.97257515246247,0.0,-0.18606173722872665,1.0,100
monk_parakeets,monk_parakeets/pre-processed_calls/2011_02_18_LAKE_WRIG1039_10.WAV,6,comb,2276.7864000000004,2209.790454280811,148.8651004079283,0.0,-0.5544239142243346,1.0,100
monk_parakeets,monk_parakeets/pre-processed_calls/2011_02_18_LAKE_WRIG1039_10.WAV,6,comb_noexempt,2276.7864000000004,1448.1130394439124,69.74888137544937,0.0,0.6376527461622516,1.0,100
monk_parakeets,monk_parakeets/pre-processed_calls/2011_02_18_ROBE_WRIG1045_28.WAV,0,comb,1932.125164119035,776.4614049431165,126.019804821463,0.0,0.7702618578696357,1.0,100
monk_parakeets,monk_parakeets/pre-processed_calls/2011_02_18_ROBE_WRIG1045_28.WAV,0,comb_noexempt,1932.125164119035,855.1926205628131,158.76432124935934,0.0,0.6682985839080077,1.0,100
monk_parakeets,monk_parakeets/pre-processed_calls/2011_02_18_ROBE_WRIG1045_28.WAV,2,comb,1932.125164119035,1114.5437280913254,234.8005056046404,0.0,-0.37065547095681306,1.0,100
monk_parakeets,monk_parakeets/pre-processed_calls/2011_02_18_ROBE_WRIG1045_28.WAV,2,comb_noexempt,1932.125164119035,402.3200874510251,112.60415176287009,1.0,0.7245939209343224,1.0,100
monk_parakeets,monk_parakeets/pre-processed_calls/2011_02_18_ROBE_WRIG1045_28.WAV,4,comb,1932.125164119035,1808.2302879902763,146.59056827854437,0.0,-0.6106457738073591,1.0,100
monk_parakeets,monk_parakeets/pre-processed_calls/2011_02_18_ROBE_WRIG1045_28.WAV,4,comb_noexempt,1932.125164119035,1488.5611504638368,100.83833092192745,0.0,0.43476256328959006,1.0,100
monk_parakeets,monk_parakeets/pre-processed_calls/2011_02_18_ROBE_WRIG1045_28.WAV,6,comb,1932.125164119035,1872.1721283933862,129.07601025305144,0.0,-0.7271463204810584,1.0,100
monk_parakeets,monk_parakeets/pre-processed_calls/2011_02_18_ROBE_WRIG1045_28.WAV,6,comb_noexempt,1932.125164119035,1993.7145660363617,243.59563997122248,0.0,-0.1924135502107074,1.0,100
monk_parakeets,monk_parakeets/pre-processed_calls/2011_02_18_ROBE_WRIG1047_12.WAV,0,comb,2002.972794376755,864.2951458406183,260.16923232005826,0.0,0.5820783241422621,1.0,100
monk_parakeets,monk_parakeets/pre-processed_calls/2011_02_18_ROBE_WRIG1047_12.WAV,0,comb_noexempt,2002.972794376755,1193.0777058784643,232.87290944383363,0.0,0.39723861975570635,1.0,100
monk_parakeets,monk_parakeets/pre-processed_calls/2011_02_18_ROBE_WRIG1047_12.WAV,0,pyin,2002.972794376755,1482.9793202249302,240.27968158227563,0.0,,0.1,10
monk_parakeets,monk_parakeets/pre-processed_calls/2011_02_18_ROBE_WRIG1047_12.WAV,2,comb,2002.972794376755,1211.4452303473574,250.6236604014104,0.0,0.4717298944506973,1.0,100
monk_parakeets,monk_parakeets/pre-processed_calls/2011_02_18_ROBE_WRIG1047_12.WAV,2,comb_noexempt,2002.972794376755,1879.5145904127587,190.6185026052089,0.0,-0.07939401715375559,1.0,100
monk_parakeets,monk_parakeets/pre-processed_calls/2011_02_18_ROBE_WRIG1047_12.WAV,4,comb,2002.972794376755,1817.6912274802603,187.33807398304813,0.0,-0.6477455706808837,1.0,100
monk_parakeets,monk_parakeets/pre-processed_calls/2011_02_18_ROBE_WRIG1047_12.WAV,4,comb_noexempt,2002.972794376755,1536.951556383524,101.1959834475966,0.0,0.5238194658348237,1.0,100
monk_parakeets,monk_parakeets/pre-processed_calls/2011_02_18_ROBE_WRIG1047_12.WAV,4,pyin,2002.972794376755,1606.9663263331126,140.07519331411845,0.0,0.2632224641458596,0.72,72
monk_parakeets,monk_parakeets/pre-processed_calls/2011_02_18_ROBE_WRIG1047_12.WAV,6,comb,2002.972794376755,2223.508597752718,120.23216498664185,0.0,0.020945041962570837,1.0,100
monk_parakeets,monk_parakeets/pre-processed_calls/2011_02_18_ROBE_WRIG1047_12.WAV,6,comb_noexempt,2002.972794376755,1575.5263075842493,152.4657394388631,0.0,0.24244170570579318,1.0,100
monk_parakeets,monk_parakeets/pre-processed_calls/2011_02_18_ROBE_WRIG1048_1.WAV,0,comb,2033.3360644872048,396.0806971154568,367.7412153628384,1.0,0.7484473279233363,1.0,100
monk_parakeets,monk_parakeets/pre-processed_calls/2011_02_18_ROBE_WRIG1048_1.WAV,0,comb_noexempt,2033.3360644872048,1408.8851658216727,203.07966149250768,0.0,0.06841896893431448,1.0,100
monk_parakeets,monk_parakeets/pre-processed_calls/2011_02_18_ROBE_WRIG1048_1.WAV,2,comb,2033.3360644872048,397.9135356257285,343.9646561665561,1.0,0.6677510459304143,1.0,100
monk_parakeets,monk_parakeets/pre-processed_calls/2011_02_18_ROBE_WRIG1048_1.WAV,2,comb_noexempt,2033.3360644872048,1505.446124013742,136.8050174004191,0.0,0.050970042872224,1.0,100
monk_parakeets,monk_parakeets/pre-processed_calls/2011_02_18_ROBE_WRIG1048_1.WAV,4,comb,2033.3360644872048,1950.668810950739,193.0297532135462,0.0,-0.3859672603573292,1.0,100
monk_parakeets,monk_parakeets/pre-processed_calls/2011_02_18_ROBE_WRIG1048_1.WAV,4,comb_noexempt,2033.3360644872048,1489.098145375639,176.40163192824338,0.0,0.7330115889399684,1.0,100
monk_parakeets,monk_parakeets/pre-processed_calls/2011_02_18_ROBE_WRIG1048_1.WAV,4,pyin,2033.3360644872048,1514.795893972383,143.87260086217577,0.0,-0.4193169712871477,0.99,99
monk_parakeets,monk_parakeets/pre-processed_calls/2011_02_18_ROBE_WRIG1048_1.WAV,6,comb,2033.3360644872048,2136.7618062211704,122.06929591624477,0.0,0.6911581782769797,1.0,100
monk_parakeets,monk_parakeets/pre-processed_calls/2011_02_18_ROBE_WRIG1048_1.WAV,6,comb_noexempt,2033.3360644872048,1446.5511560915884,171.3647521847808,0.0,0.1953601758634627,1.0,100
monk_parakeets,monk_parakeets/pre-processed_calls/2011_02_18_ROBE_WRIG1048_3.WAV,0,comb,2035.81234575,362.0413575758321,272.5318513462503,1.0,0.43858090938121946,1.0,100
monk_parakeets,monk_parakeets/pre-processed_calls/2011_02_18_ROBE_WRIG1048_3.WAV,0,comb_noexempt,2035.81234575,1376.8737330323274,205.34173855376758,0.0,0.31031361609213026,1.0,100
monk_parakeets,monk_parakeets/pre-processed_calls/2011_02_18_ROBE_WRIG1048_3.WAV,0,pyin,2035.81234575,1359.9624509103521,82.04942516905666,0.0,0.9621874175579582,0.2,20
monk_parakeets,monk_parakeets/pre-processed_calls/2011_02_18_ROBE_WRIG1048_3.WAV,2,comb,2035.81234575,631.5496209664218,350.8855364688809,1.0,0.426694218576561,1.0,100
monk_parakeets,monk_parakeets/pre-processed_calls/2011_02_18_ROBE_WRIG1048_3.WAV,2,comb_noexempt,2035.81234575,1715.7764072088396,159.53308850635258,0.0,-0.25282788271049234,1.0,100
monk_parakeets,monk_parakeets/pre-processed_calls/2011_02_18_ROBE_WRIG1048_3.WAV,4,comb,2035.81234575,1599.81492191912,176.8746343894898,0.0,0.15961908995501153,1.0,100
monk_parakeets,monk_parakeets/pre-processed_calls/2011_02_18_ROBE_WRIG1048_3.WAV,4,comb_noexempt,2035.81234575,1451.3279929190103,191.36906412710906,0.0,-0.223274483868486,1.0,100
monk_parakeets,monk_parakeets/pre-processed_calls/2011_02_18_ROBE_WRIG1048_3.WAV,4,pyin,2035.81234575,1520.3297157192956,129.79387559109878,0.0,-0.3749232517248077,0.98,98
monk_parakeets,monk_parakeets/pre-processed_calls/2011_02_18_ROBE_WRIG1048_3.WAV,6,comb,2035.81234575,1738.8348410329113,193.6897929534744,0.0,-0.7165051867924714,1.0,100
monk_parakeets,monk_parakeets/pre-processed_calls/2011_02_18_ROBE_WRIG1048_3.WAV,6,comb_noexempt,2035.81234575,1400.2441425712987,221.48912262987767,0.0,0.07108802680195912,1.0,100
monk_parakeets,monk_parakeets/pre-processed_calls/2017_05_21_PLVE_1005_2.WAV,0,comb,1989.9863971883774,333.30214153284976,256.53378943050996,1.0,0.1790969339165109,1.0,100
monk_parakeets,monk_parakeets/pre-processed_calls/2017_05_21_PLVE_1005_2.WAV,0,comb_noexempt,1989.9863971883774,377.5189222128348,234.12585329768748,1.0,0.39322149166005077,1.0,100
monk_parakeets,monk_parakeets/pre-processed_calls/2017_05_21_PLVE_1005_2.WAV,2,comb,1989.9863971883774,1603.9140927005906,150.4670406393148,0.0,0.1349478347906684,1.0,100
monk_parakeets,monk_parakeets/pre-processed_calls/2017_05_21_PLVE_1005_2.WAV,2,comb_noexempt,1989.9863971883774,1833.041553880871,180.4416250286488,0.0,-0.33239437142308226,1.0,100
monk_parakeets,monk_parakeets/pre-processed_calls/2017_05_21_PLVE_1005_2.WAV,4,comb,1989.9863971883774,1901.2281745731295,143.83501832286277,0.0,-0.017141151982630127,1.0,100
monk_parakeets,monk_parakeets/pre-processed_calls/2017_05_21_PLVE_1005_2.WAV,4,comb_noexempt,1989.9863971883774,1426.324261635259,156.36149298746636,0.0,0.2929856353928624,1.0,100
monk_parakeets,monk_parakeets/pre-processed_calls/2017_05_21_PLVE_1005_2.WAV,4,pyin,1989.9863971883774,1430.233781788845,181.25513506314024,0.0,-0.031635200797657144,0.72,72
monk_parakeets,monk_parakeets/pre-processed_calls/2017_05_21_PLVE_1005_2.WAV,6,comb,1989.9863971883774,1849.0990676685683,158.04245102226744,0.0,-0.11205630052482274,1.0,100
monk_parakeets,monk_parakeets/pre-processed_calls/2017_05_21_PLVE_1005_2.WAV,6,comb_noexempt,1989.9863971883774,1454.7465606767742,146.66569126007366,0.0,-0.10056180358999212,1.0,100
monk_parakeets,monk_parakeets/pre-processed_calls/2017_05_21_PLVE_1005_6.WAV,0,comb,2039.4180322436023,713.4093433642288,253.77475670029074,0.0,0.2864989824039814,1.0,100
monk_parakeets,monk_parakeets/pre-processed_calls/2017_05_21_PLVE_1005_6.WAV,0,comb_noexempt,2039.4180322436023,243.90778051509656,146.71445898179883,1.0,0.3678962337937427,1.0,100
monk_parakeets,monk_parakeets/pre-processed_calls/2017_05_21_PLVE_1005_6.WAV,2,comb,2039.4180322436023,890.0984799259174,263.7602730165474,0.0,-0.381875936541264,1.0,100
monk_parakeets,monk_parakeets/pre-processed_calls/2017_05_21_PLVE_1005_6.WAV,2,comb_noexempt,2039.4180322436023,1466.6750127260345,178.31987726697508,0.0,-0.4129015896083036,1.0,100
monk_parakeets,monk_parakeets/pre-processed_calls/2017_05_21_PLVE_1005_6.WAV,4,comb,2039.4180322436023,755.352020903297,218.2570073411656,0.0,0.13057148336143173,1.0,100
monk_parakeets,monk_parakeets/pre-processed_calls/2017_05_21_PLVE_1005_6.WAV,4,comb_noexempt,2039.4180322436023,1453.3037183065694,177.65287450459886,0.0,0.5083023526726991,1.0,100
monk_parakeets,monk_parakeets/pre-processed_calls/2017_05_21_PLVE_1005_6.WAV,6,comb,2039.4180322436023,1797.7191665277264,154.25533392529042,0.0,0.43191729164815773,1.0,100
monk_parakeets,monk_parakeets/pre-processed_calls/2017_05_21_PLVE_1005_6.WAV,6,comb_noexempt,2039.4180322436023,1421.438304546473,184.73920762718998,0.0,0.3525853239483112,1.0,100
monk_parakeets,monk_parakeets/pre-processed_calls/2017_07_11_INES-04_MZ000149_1.WAV,0,comb,1540.83861225,496.38998431104653,129.57349899691974,1.0,0.11086321285469165,1.0,100
monk_parakeets,monk_parakeets/pre-processed_calls/2017_07_11_INES-04_MZ000149_1.WAV,0,comb_noexempt,1540.83861225,146.52029015782512,102.73299892638082,1.0,0.204940590567031,1.0,100
monk_parakeets,monk_parakeets/pre-processed_calls/2017_07_11_INES-04_MZ000149_1.WAV,2,comb,1540.83861225,483.5495508155895,149.26138287495274,1.0,0.18237126251652416,1.0,100
monk_parakeets,monk_parakeets/pre-processed_calls/2017_07_11_INES-04_MZ000149_1.WAV,2,comb_noexempt,1540.83861225,1819.7141644122903,147.91827208259406,0.0,0.3813082893731073,1.0,100
monk_parakeets,monk_parakeets/pre-processed_calls/2017_07_11_INES-04_MZ000149_1.WAV,2,pyin,1540.83861225,1780.0086180746575,140.24713545857637,0.0,0.12560342749385076,0.93,93
monk_parakeets,monk_parakeets/pre-processed_calls/2017_07_11_INES-04_MZ000149_1.WAV,4,comb,1540.83861225,1276.2364805182917,150.8721676686236,0.0,-0.5305288645124756,1.0,100
monk_parakeets,monk_parakeets/pre-processed_calls/2017_07_11_INES-04_MZ000149_1.WAV,4,comb_noexempt,1540.83861225,1765.839998290638,160.86664674956722,0.0,0.37499779908356184,1.0,100
monk_parakeets,monk_parakeets/pre-processed_calls/2017_07_11_INES-04_MZ000149_1.WAV,6,comb,1540.83861225,1240.2638880711374,123.58651931048303,0.0,-0.055606255962478576,1.0,100
monk_parakeets,monk_parakeets/pre-processed_calls/2017_07_11_INES-04_MZ000149_1.WAV,6,comb_noexempt,1540.83861225,2086.7346863323082,179.00969846729356,0.0,0.18758231727700486,1.0,100
monk_parakeets,monk_parakeets/pre-processed_calls/2017_07_11_INES-04_MZ000149_1.WAV,6,pyin,1540.83861225,2128.514201012805,196.53165885030853,0.0,0.5185778799083608,0.95,95
monk_parakeets,monk_parakeets/pre-processed_calls/2017_07_11_INES-04_MZ000152_1.WAV,0,comb,1601.4769615,747.4554364773401,308.2130011682767,0.0,0.5388976709010773,1.0,100
monk_parakeets,monk_parakeets/pre-processed_calls/2017_07_11_INES-04_MZ000152_1.WAV,0,comb_noexempt,1601.4769615,1247.4678403766688,211.1621784290004,0.0,0.6470322459521753,1.0,100
monk_parakeets,monk_parakeets/pre-processed_calls/2017_07_11_INES-04_MZ000152_1.WAV,2,comb,1601.4769615,426.13977240184255,324.3104916270164,1.0,-0.2126158747840247,1.0,100
monk_parakeets,monk_parakeets/pre-processed_calls/2017_07_11_INES-04_MZ000152_1.WAV,2,comb_noexempt,1601.4769615,1620.0288276251915,118.09585037407481,0.0,0.592556126114384,1.0,100
monk_parakeets,monk_parakeets/pre-processed_calls/2017_07_11_INES-04_MZ000152_1.WAV,4,comb,1601.4769615,1092.5050878263828,250.13301824263803,0.0,0.6176633587926723,1.0,100
monk_parakeets,monk_parakeets/pre-processed_calls/2017_07_11_INES-04_MZ000152_1.WAV,4,comb_noexempt,1601.4769615,1585.2540669253704,148.43080745061542,0.0,0.664129516348806,1.0,100
monk_parakeets,monk_parakeets/pre-processed_calls/2017_07_11_INES-04_MZ000152_1.WAV,6,comb,1601.4769615,731.6662326817316,282.21228420652153,0.0,0.4935446652345091,1.0,100
monk_parakeets,monk_parakeets/pre-processed_calls/2017_07_11_INES-04_MZ000152_1.WAV,6,comb_noexempt,1601.4769615,2007.3645534661377,206.1377363401728,0.0,0.3775724673897724,1.0,100
monk_parakeets,monk_parakeets/pre-processed_calls/2017_07_11_INES-04_MZ000152_1.WAV,6,pyin,1601.4769615,1927.4810682811767,199.90469493885598,0.0,0.40321527784025135,0.57,57
monk_parakeets,monk_parakeets/pre-processed_calls/2017_07_13_INES-08_1101_3.WAV,0,comb,1286.8389335,403.4918278894528,342.03522769242,1.0,0.4674348309160586,1.0,100
monk_parakeets,monk_parakeets/pre-processed_calls/2017_07_13_INES-08_1101_3.WAV,0,comb_noexempt,1286.8389335,1870.878813414384,122.41248477883141,0.0,-0.3716921227441134,1.0,100
monk_parakeets,monk_parakeets/pre-processed_calls/2017_07_13_INES-08_1101_3.WAV,2,comb,1286.8389335,431.96971160649673,350.3084803785775,1.0,0.5324655638431107,1.0,100
monk_parakeets,monk_parakeets/pre-processed_calls/2017_07_13_INES-08_1101_3.WAV,2,comb_noexempt,1286.8389335,1851.0207632382849,101.16557969424235,0.0,-0.5613058073529036,1.0,100
monk_parakeets,monk_parakeets/pre-processed_calls/2017_07_13_INES-08_1101_3.WAV,4,comb,1286.8389335,432.52144228919457,325.9556915046084,1.0,0.4368592060224564,1.0,100
monk_parakeets,monk_parakeets/pre-processed_calls/2017_07_13_INES-08_1101_3.WAV,4,comb_noexempt,1286.8389335,2627.7820833374944,234.80931179022548,0.0,-0.3918765095120237,1.0,100
monk_parakeets,monk_parakeets/pre-processed_calls/2017_07_13_INES-08_1101_3.WAV,6,comb,1286.8389335,1338.3963102320458,152.05412502544857,0.0,-0.5917122820100225,1.0,100
monk_parakeets,monk_parakeets/pre-processed_calls/2017_07_13_INES-08_1101_3.WAV,6,comb_noexempt,1286.8389335,2157.860411057017,215.4990812081573,0.0,-0.615313197214913,1.0,100
monk_parakeets,monk_parakeets/pre-processed_calls/2017_07_13_INES-08_1101_3.WAV,6,pyin,1286.8389335,2208.3207211834756,191.67927881652426,0.0,-0.04897104803104282,1.0,100
monk_parakeets,monk_parakeets/pre-processed_calls/2017_07_17_EMBR_INDIV-RAW_MZ000199_1.WAV,0,comb,1755.7614175,414.55751327944756,343.88470654317064,1.0,0.7775268294892593,1.0,100
monk_parakeets,monk_parakeets/pre-processed_calls/2017_07_17_EMBR_INDIV-RAW_MZ000199_1.WAV,0,comb_noexempt,1755.7614175,348.2247541942031,240.1058574876153,1.0,0.7320874710321582,1.0,100
monk_parakeets,monk_parakeets/pre-processed_calls/2017_07_17_EMBR_INDIV-RAW_MZ000199_1.WAV,2,comb,1755.7614175,477.04174608840844,349.33077100755736,1.0,0.293556165809412,1.0,100
monk_parakeets,monk_parakeets/pre-processed_calls/2017_07_17_EMBR_INDIV-RAW_MZ000199_1.WAV,2,comb_noexempt,1755.7614175,1603.897480438507,147.1772984875846,0.0,0.1338921205107329,1.0,100
monk_parakeets,monk_parakeets/pre-processed_calls/2017_07_17_EMBR_INDIV-RAW_MZ000199_1.WAV,2,pyin,1755.7614175,2697.7359504622677,297.7359504622676,0.0,-0.6597239717252432,0.06,6
monk_parakeets,monk_parakeets/pre-processed_calls/2017_07_17_EMBR_INDIV-RAW_MZ000199_1.WAV,4,comb,1755.7614175,1109.3467602015564,250.3932771362338,0.0,0.670664645044195,1.0,100
monk_parakeets,monk_parakeets/pre-processed_calls/2017_07_17_EMBR_INDIV-RAW_MZ000199_1.WAV,4,comb_noexempt,1755.7614175,1619.5104764810646,134.45608898643036,0.0,0.5710819325764334,1.0,100
monk_parakeets,monk_parakeets/pre-processed_calls/2017_07_17_EMBR_INDIV-RAW_MZ000199_1.WAV,6,comb,1755.7614175,1732.407296064947,188.1737292706563,0.0,-0.42092621213053916,1.0,100
monk_parakeets,monk_parakeets/pre-processed_calls/2017_07_17_EMBR_INDIV-RAW_MZ000199_1.WAV,6,comb_noexempt,1755.7614175,2067.0989441972943,203.81701548166734,0.0,-0.5633908466587497,1.0,100
monk_parakeets,monk_parakeets/pre-processed_calls/2017_07_17_EMBR_INDIV-RAW_MZ000202_1.WAV,0,comb,1853.2676768938375,587.7121282893697,310.17806549257546,1.0,0.33954924358424765,1.0,100
monk_parakeets,monk_parakeets/pre-processed_calls/2017_07_17_EMBR_INDIV-RAW_MZ000202_1.WAV,0,comb_noexempt,1853.2676768938375,291.51871327325443,204.7799766274356,1.0,0.2634026277986749,1.0,100
monk_parakeets,monk_parakeets/pre-processed_calls/2017_07_17_EMBR_INDIV-RAW_MZ000202_1.WAV,2,comb,1853.2676768938375,590.2237353952988,316.222660605427,1.0,0.3429467853187121,1.0,100
monk_parakeets,monk_parakeets/pre-processed_calls/2017_07_17_EMBR_INDIV-RAW_MZ000202_1.WAV,2,comb_noexempt,1853.2676768938375,1483.6475745360187,162.0562886332385,0.0,0.08252702140467363,1.0,100
monk_parakeets,monk_parakeets/pre-processed_calls/2017_07_17_EMBR_INDIV-RAW_MZ000202_1.WAV,4,comb,1853.2676768938375,823.2987701915276,228.22057496229732,0.0,-0.5490157821378152,1.0,100
monk_parakeets,monk_parakeets/pre-processed_calls/2017_07_17_EMBR_INDIV-RAW_MZ000202_1.WAV,4,comb_noexempt,1853.2676768938375,1445.2692021456792,182.58393592090852,0.0,-0.061308128832282975,1.0,100
monk_parakeets,monk_parakeets/pre-processed_calls/2017_07_17_EMBR_INDIV-RAW_MZ000202_1.WAV,4,pyin,1853.2676768938375,1914.365138053487,119.87496623418772,0.0,0.3181138870050437,0.42,42
monk_parakeets,monk_parakeets/pre-processed_calls/2017_07_17_EMBR_INDIV-RAW_MZ000202_1.WAV,6,comb,1853.2676768938375,1974.2759603592692,178.21795981040646,0.0,-0.5612933371469643,1.0,100
monk_parakeets,monk_parakeets/pre-processed_calls/2017_07_17_EMBR_INDIV-RAW_MZ000202_1.WAV,6,comb_noexempt,1853.2676768938375,2059.1091289609885,186.52441592317558,0.0,-0.09826960778538299,1.0,100
monk_parakeets,monk_parakeets/pre-processed_calls/2017_07_21_EMBR_INDIV-ZW8_MZ000261_1.WAV,0,comb,1618.99235975,513.9827944252277,265.75235870271746,1.0,-0.5655335618687974,1.0,100
monk_parakeets,monk_parakeets/pre-processed_calls/2017_07_21_EMBR_INDIV-ZW8_MZ000261_1.WAV,0,comb_noexempt,1618.99235975,542.0736652220451,216.95861603384407,1.0,0.3289190964208216,1.0,100
monk_parakeets,monk_parakeets/pre-processed_calls/2017_07_21_EMBR_INDIV-ZW8_MZ000261_1.WAV,2,comb,1618.99235975,483.485321963335,273.33079141431256,1.0,-0.047156139674465,1.0,100
monk_parakeets,monk_parakeets/pre-processed_calls/2017_07_21_EMBR_INDIV-ZW8_MZ000261_1.WAV,2,comb_noexempt,1618.99235975,1714.5705843064943,125.53089092267092,0.0,-0.0675920184911892,1.0,100
monk_parakeets,monk_parakeets/pre-processed_calls/2017_07_21_EMBR_INDIV-ZW8_MZ000261_1.WAV,4,comb,1618.99235975,548.4866585048371,225.52024459473307,1.0,0.570655987434949,1.0,100
monk_parakeets,monk_parakeets/pre-processed_calls/2017_07_21_EMBR_INDIV-ZW8_MZ000261_1.WAV,4,comb_noexempt,1618.99235975,1504.0554736115562,178.56026361107126,0.0,0.5882998042253407,1.0,100
monk_parakeets,monk_parakeets/pre-processed_calls/2017_07_21_EMBR_INDIV-ZW8_MZ000261_1.WAV,6,comb,1618.99235975,538.5039381256594,254.3506736598032,1.0,-0.28711727055660535,1.0,100
monk_parakeets,monk_parakeets/pre-processed_calls/2017_07_21_EMBR_INDIV-ZW8_MZ000261_1.WAV,6,comb_noexempt,1618.99235975,2003.655296763396,201.1430142154038,0.0,-0.203931013551855,1.0,100
monk_parakeets,monk_parakeets/pre-processed_calls/2017_07_21_EMBR_INDIV-ZW8_MZ000261_1.WAV,6,pyin,1618.99235975,2129.0019992903335,181.57870204816754,0.0,0.0034068303962571443,1.0,100
monk_parakeets,monk_parakeets/pre-processed_calls/2017_07_21_EMBR_INDIV-ZW8_MZ000263_1.WAV,0,comb,1755.76141775,810.1857591767881,237.20838014922504,0.0,-0.6393594427712634,1.0,100
monk_parakeets,monk_parakeets/pre-processed_calls/2017_07_21_EMBR_INDIV-ZW8_MZ000263_1.WAV,0,comb_noexempt,1755.76141775,353.9667559293596,169.31677963515943,1.0,0.6820693045139166,1.0,100
monk_parakeets,monk_parakeets/pre-processed_calls/2017_07_21_EMBR_INDIV-ZW8_MZ000263_1.WAV,2,comb,1755.76141775,786.6848453900923,194.23680771690954,0.0,0.45113002919324563,1.0,100
monk_parakeets,monk_parakeets/pre-processed_calls/2017_07_21_EMBR_INDIV-ZW8_MZ000263_1.WAV,2,comb_noexempt,1755.76141775,1588.103389185159,176.2988858584833,0.0,-0.39312389336073406,1.0,100
monk_parakeets,monk_parakeets/pre-processed_calls/2017_07_21_EMBR_INDIV-ZW8_MZ000263_1.WAV,4,comb,1755.76141775,853.818141408723,274.1912324679344,0.0,0.6065763971242145,1.0,100
monk_parakeets,monk_parakeets/pre-processed_calls/2017_07_21_EMBR_INDIV-ZW8_MZ000263_1.WAV,4,comb_noexempt,1755.76141775,1496.5183537088142,205.15038764177098,0.0,0.5058659349349597,1.0,100
monk_parakeets,monk_parakeets/pre-processed_calls/2017_07_21_EMBR_INDIV-ZW8_MZ000263_1.WAV,6,comb,1755.76141775,1521.0813575210366,151.02590786333906,0.0,-0.35227441146790106,1.0,100
monk_parakeets,monk_parakeets/pre-processed_calls/2017_07_21_EMBR_INDIV-ZW8_MZ000263_1.WAV,6,comb_noexempt,1755.76141775,2059.412303301385,238.23866811550926,0.0,-0.4913336387487029,1.0,100
monk_parakeets,monk_parakeets/pre-processed_calls/2017_07_24_1145-01_INDIV-UNMARKED-BIRD2_MZ000284_10.WAV,0,comb,1824.983207,549.0031781321305,257.1330316783312,1.0,0.30091719963067415,1.0,100
monk_parakeets,monk_parakeets/pre-processed_calls/2017_07_24_1145-01_INDIV-UNMARKED-BIRD2_MZ000284_10.WAV,0,comb_noexempt,1824.983207,1330.2204918566094,130.22049185660936,0.0,0.3243452552447751,1.0,100
monk_parakeets,monk_parakeets/pre-processed_calls/2017_07_24_1145-01_INDIV-UNMARKED-BIRD2_MZ000284_10.WAV,2,comb,1824.983207,542.6002547026717,261.14769866361485,1.0,0.3354315915386378,1.0,100
monk_parakeets,monk_parakeets/pre-processed_calls/2017_07_24_1145-01_INDIV-UNMARKED-BIRD2_MZ000284_10.WAV,2,comb_noexempt,1824.983207,1567.5294729332363,100.1870029318425,0.0,-0.17137515357118657,1.0,100
monk_parakeets,monk_parakeets/pre-processed_calls/2017_07_24_1145-01_INDIV-UNMARKED-BIRD2_MZ000284_10.WAV,4,comb,1824.983207,668.0639533151424,226.45643891350204,0.0,-0.02557008879587898,1.0,100
monk_parakeets,monk_parakeets/pre-processed_calls/2017_07_24_1145-01_INDIV-UNMARKED-BIRD2_MZ000284_10.WAV,4,comb_noexempt,1824.983207,1448.5143356297144,111.3724130956357,0.0,-0.24245637951785304,1.0,100
monk_parakeets,monk_parakeets/pre-processed_calls/2017_07_24_1145-01_INDIV-UNMARKED-BIRD2_MZ000284_10.WAV,4,pyin,1824.983207,1886.0945749310238,68.75365648752206,0.0,0.5426093842319505,0.35,35
monk_parakeets,monk_parakeets/pre-processed_calls/2017_07_24_1145-01_INDIV-UNMARKED-BIRD2_MZ000284_10.WAV,6,comb,1824.983207,565.0734208696003,203.06729161488386,1.0,0.192688269871246,1.0,100
monk_parakeets,monk_parakeets/pre-processed_calls/2017_07_24_1145-01_INDIV-UNMARKED-BIRD2_MZ000284_10.WAV,6,comb_noexempt,1824.983207,2052.3554745538977,200.36462674680575,0.0,0.45617681251675746,1.0,100
monk_parakeets,monk_parakeets/pre-processed_calls/2017_07_24_1145-01_INDIV-UNMARKED-BIRD2_MZ000284_16.WAV,0,comb,1805.6115386588176,528.082514973562,205.3925125416576,1.0,0.6393652546589098,1.0,100
monk_parakeets,monk_parakeets/pre-processed_calls/2017_07_24_1145-01_INDIV-UNMARKED-BIRD2_MZ000284_16.WAV,0,comb_noexempt,1805.6115386588176,404.24211400542697,194.19395196769403,1.0,0.3721684740288238,1.0,100
monk_parakeets,monk_parakeets/pre-processed_calls/2017_07_24_1145-01_INDIV-UNMARKED-BIRD2_MZ000284_16.WAV,2,comb,1805.6115386588176,471.3500039577616,240.51030514179905,1.0,0.4986967886383682,1.0,100
monk_parakeets,monk_parakeets/pre-processed_calls/2017_07_24_1145-01_INDIV-UNMARKED-BIRD2_MZ000284_16.WAV,2,comb_noexempt,1805.6115386588176,1599.9461885904957,148.60771905382654,0.0,-0.36573624338640676,1.0,100
monk_parakeets,monk_parakeets/pre-processed_calls/2017_07_24_1145-01_INDIV-UNMARKED-BIRD2_MZ000284_16.WAV,4,comb,1805.6115386588176,535.2657611222188,187.52134527609724,1.0,0.6417915203519282,1.0,100
monk_parakeets,monk_parakeets/pre-processed_calls/2017_07_24_1145-01_INDIV-UNMARKED-BIRD2_MZ000284_16.WAV,4,comb_noexempt,1805.6115386588176,1513.5979507366221,99.25245532637291,0.0,0.6382055790484205,1.0,100
monk_parakeets,monk_parakeets/pre-processed_calls/2017_07_24_1145-01_INDIV-UNMARKED-BIRD2_MZ000284_16.WAV,6,comb,1805.6115386588176,536.168657514476,196.5919681643457,1.0,0.6121172750361366,1.0,100
monk_parakeets,monk_parakeets/pre-processed_calls/2017_07_24_1145-01_INDIV-UNMARKED-BIRD2_MZ000284_16.WAV,6,comb_noexempt,1805.6115386588176,2061.536294609183,205.82225558211826,0.0,-0.3437723520803609,1.0,100
monk_parakeets,monk_parakeets/pre-processed_calls/2017_07_24_1145-01_INDIV-UNMARKED-BIRD3_MZ000289_3.WAV,0,comb,2017.9942171147425,283.8125267334909,197.1047553629718,1.0,0.045446716517624525,1.0,100
monk_parakeets,monk_parakeets/pre-processed_calls/2017_07_24_1145-01_INDIV-UNMARKED-BIRD3_MZ000289_3.WAV,0,comb_noexempt,2017.9942171147425,307.81758789610046,192.1784598446778,1.0,0.5553368982458619,1.0,100
monk_parakeets,monk_parakeets/pre-processed_calls/2017_07_24_1145-01_INDIV-UNMARKED-BIRD3_MZ000289_3.WAV,2,comb,2017.9942171147425,327.31161450378943,193.6553781518665,1.0,0.5212918862429026,1.0,100
monk_parakeets,monk_parakeets/pre-processed_calls/2017_07_24_1145-01_INDIV-UNMARKED-BIRD3_MZ000289_3.WAV,2,comb_noexempt,2017.9942171147425,1558.2487768849269,154.28963644774512,0.0,-0.4513819261706634,1.0,100
monk_parakeets,monk_parakeets/pre-processed_calls/2017_07_24_1145-01_INDIV-UNMARKED-BIRD3_MZ000289_3.WAV,4,comb,2017.9942171147425,1219.634722009279,266.2097658983243,0.0,-0.32005363226302547,1.0,100
monk_parakeets,monk_parakeets/pre-processed_calls/2017_07_24_1145-01_INDIV-UNMARKED-BIRD3_MZ000289_3.WAV,4,comb_noexempt,2017.9942171147425,1425.644224812827,101.49437690460357,0.0,0.38448920761793065,1.0,100
monk_parakeets,monk_parakeets/pre-processed_calls/2017_07_24_1145-01_INDIV-UNMARKED-BIRD3_MZ000289_3.WAV,4,pyin,2017.9942171147425,1598.789570580276,98.37459125365984,0.0,0.23437869676824177,0.97,97
monk_parakeets,monk_parakeets/pre-processed_calls/2017_07_24_1145-01_INDIV-UNMARKED-BIRD3_MZ000289_3.WAV,6,comb,2017.9942171147425,1872.8090523380115,181.93175989367083,0.0,0.11504288193138312,1.0,100
monk_parakeets,monk_parakeets/pre-processed_calls/2017_07_24_1145-01_INDIV-UNMARKED-BIRD3_MZ000289_3.WAV,6,comb_noexempt,2017.9942171147425,1389.7358515318924,136.61871903696016,0.0,-0.07121454852004223,1.0,100
monk_parakeets,monk_parakeets/pre-processed_calls/2017_07_24_1145-01_INDIV-UNMARKED-BIRD3_MZ000289_5.WAV,0,comb,2022.78672125,646.9336760602448,280.67771855665376,0.0,0.04920350418941515,1.0,100
monk_parakeets,monk_parakeets/pre-processed_calls/2017_07_24_1145-01_INDIV-UNMARKED-BIRD3_MZ000289_5.WAV,0,comb_noexempt,2022.78672125,298.0565942422233,291.7119242128,1.0,0.22062026100207335,1.0,100
monk_parakeets,monk_parakeets/pre-processed_calls/2017_07_24_1145-01_INDIV-UNMARKED-BIRD3_MZ000289_5.WAV,2,comb,2022.78672125,270.0005687758812,243.16737780908872,1.0,0.15717540950785222,1.0,100
monk_parakeets,monk_parakeets/pre-processed_calls/2017_07_24_1145-01_INDIV-UNMARKED-BIRD3_MZ000289_5.WAV,2,comb_noexempt,2022.78672125,1449.6800921391073,115.4905990740211,0.0,0.07974528053333939,1.0,100
monk_parakeets,monk_parakeets/pre-processed_calls/2017_07_24_1145-01_INDIV-UNMARKED-BIRD3_MZ000289_5.WAV,4,comb,2022.78672125,1901.4552467746657,130.10484038675492,0.0,0.10943183776427788,1.0,100
monk_parakeets,monk_parakeets/pre-processed_calls/2017_07_24_1145-01_INDIV-UNMARKED-BIRD3_MZ000289_5.WAV,4,comb_noexempt,2022.78672125,1441.9945164036453,143.5428421658419,0.0,-0.07817310055141873,1.0,100
monk_parakeets,monk_parakeets/pre-processed_calls/2017_07_24_1145-01_INDIV-UNMARKED-BIRD3_MZ000289_5.WAV,4,pyin,2022.78672125,1512.4054801146992,106.10958015386828,0.0,0.16694583667993884,1.0,100
monk_parakeets,monk_parakeets/pre-processed_calls/2017_07_24_1145-01_INDIV-UNMARKED-BIRD3_MZ000289_5.WAV,6,comb,2022.78672125,1803.5200235057202,139.79666517511941,0.0,-0.17715219515615688,1.0,100
monk_parakeets,monk_parakeets/pre-processed_calls/2017_07_24_1145-01_INDIV-UNMARKED-BIRD3_MZ000289_5.WAV,6,comb_noexempt,2022.78672125,1444.2489293215192,140.86494429187704,0.0,-0.17614223229949674,1.0,100
monk_parakeets,monk_parakeets/pre-processed_calls/2017_07_24_1145-01_INDIV-UNMARKED-BIRD3_MZ000289_5.WAV,6,pyin,2022.78672125,1704.9029873432382,135.71919101148134,0.0,0.15768183901332533,0.4,40
monk_parakeets,monk_parakeets/pre-processed_calls/2017_07_24_1145-01_INDIV-UNMARKED-BIRD3_MZ000289_7.WAV,0,comb,1896.7013489901724,341.32557142342694,130.44737048818067,1.0,-0.3463704414344096,1.0,100
monk_parakeets,monk_parakeets/pre-processed_calls/2017_07_24_1145-01_INDIV-UNMARKED-BIRD3_MZ000289_7.WAV,0,comb_noexempt,1896.7013489901724,1486.9852532865302,214.60020145952424,0.0,-0.44191477518654637,1.0,100
monk_parakeets,monk_parakeets/pre-processed_calls/2017_07_24_1145-01_INDIV-UNMARKED-BIRD3_MZ000289_7.WAV,2,comb,1896.7013489901724,343.9673788508327,195.9863205043573,1.0,-0.008254050343276446,1.0,100
monk_parakeets,monk_parakeets/pre-processed_calls/2017_07_24_1145-01_INDIV-UNMARKED-BIRD3_MZ000289_7.WAV,2,comb_noexempt,1896.7013489901724,1531.0178330044657,109.22946289270385,0.0,0.2845248733343528,1.0,100
monk_parakeets,monk_parakeets/pre-processed_calls/2017_07_24_1145-01_INDIV-UNMARKED-BIRD3_MZ000289_7.WAV,4,comb,1896.7013489901724,1408.9364954356151,172.9699790743528,0.0,-0.1595601776385203,1.0,100
monk_parakeets,monk_parakeets/pre-processed_calls/2017_07_24_1145-01_INDIV-UNMARKED-BIRD3_MZ000289_7.WAV,4,comb_noexempt,1896.7013489901724,1546.1333735250873,125.74705119799455,0.0,0.2678880188534829,1.0,100
monk_parakeets,monk_parakeets/pre-processed_calls/2017_07_24_1145-01_INDIV-UNMARKED-BIRD3_MZ000289_7.WAV,4,pyin,1896.7013489901724,1587.297950775844,143.73808280427582,0.0,0.7680420879873052,1.0,100
monk_parakeets,monk_parakeets/pre-processed_calls/2017_07_24_1145-01_INDIV-UNMARKED-BIRD3_MZ000289_7.WAV,6,comb,1896.7013489901724,1541.4691111030543,137.39053676335828,0.0,-0.5343618713439846,1.0,100
monk_parakeets,monk_parakeets/pre-processed_calls/2017_07_24_1145-01_INDIV-UNMARKED-BIRD3_MZ000289_7.WAV,6,comb_noexempt,1896.7013489901724,1893.3975339119233,225.7308293108182,0.0,-0.4408854922161894,1.0,100
monk_parakeets,monk_parakeets/pre-processed_calls/2017_07_26_1145-02_INDIV-UNMARKED-BIRD4_MZ000321_12.WAV,0,comb,1466.55502242544,497.0064424171922,175.27316605701375,1.0,0.5146125164019838,1.0,100
monk_parakeets,monk_parakeets/pre-processed_calls/2017_07_26_1145-02_INDIV-UNMARKED-BIRD4_MZ000321_12.WAV,0,comb_noexempt,1466.55502242544,474.9459091265548,197.12034212377478,1.0,0.37087172796485485,1.0,100
monk_parakeets,monk_parakeets/pre-processed_calls/2017_07_26_1145-02_INDIV-UNMARKED-BIRD4_MZ000321_12.WAV,2,comb,1466.55502242544,450.40498557954203,185.16826012561415,1.0,0.5961754967425817,1.0,100
monk_parakeets,monk_parakeets/pre-processed_calls/2017_07_26_1145-02_INDIV-UNMARKED-BIRD4_MZ000321_12.WAV,2,comb_noexempt,1466.55502242544,1757.2625678393224,117.31327888156056,0.0,0.13400430268458352,1.0,100
monk_parakeets,monk_parakeets/pre-processed_calls/2017_07_26_1145-02_INDIV-UNMARKED-BIRD4_MZ000321_12.WAV,2,pyin,1466.55502242544,1743.7951973244046,152.03354812916453,0.0,0.46001210381410707,0.33,33
monk_parakeets,monk_parakeets/pre-processed_calls/2017_07_26_1145-02_INDIV-UNMARKED-BIRD4_MZ000321_12.WAV,4,comb,1466.55502242544,594.8042566694307,244.25041880964858,1.0,0.2940246821032682,1.0,100
monk_parakeets,monk_parakeets/pre-processed_calls/2017_07_26_1145-02_INDIV-UNMARKED-BIRD4_MZ000321_12.WAV,4,comb_noexempt,1466.55502242544,1515.4015509447713,280.8270992706138,0.0,-0.12960394650084028,1.0,100
monk_parakeets,monk_parakeets/pre-processed_calls/2017_07_26_1145-02_INDIV-UNMARKED-BIRD4_MZ000321_12.WAV,6,comb,1466.55502242544,747.5637023756808,261.7717384720524,0.0,-0.6132225996097919,1.0,100
monk_parakeets,monk_parakeets/pre-processed_calls/2017_07_26_1145-02_INDIV-UNMARKED-BIRD4_MZ000321_12.WAV,6,comb_noexempt,1466.55502242544,2088.270480636713,199.65365237497804,0.0,-0.2922218684129831,1.0,100
monk_parakeets,monk_parakeets/pre-processed_calls/2017_07_26_1145-02_INDIV-UNMARKED-BIRD4_MZ000321_12.WAV,6,pyin,1466.55502242544,1642.7515801621275,176.22115323902062,0.0,0.11079473011295869,0.73,73
monk_parakeets,monk_parakeets/pre-processed_calls/2017_07_26_1145-02_INDIV-UNMARKED-BIRD4_MZ000321_6.WAV,0,comb,1882.3164212358824,895.4646753958807,275.7745616258289,0.0,0.4676936217127468,1.0,100
monk_parakeets,monk_parakeets/pre-processed_calls/2017_07_26_1145-02_INDIV-UNMARKED-BIRD4_MZ000321_6.WAV,0,comb_noexempt,1882.3164212358824,275.7211206875862,230.26724526921396,1.0,0.6048812156166709,1.0,100
monk_parakeets,monk_parakeets/pre-processed_calls/2017_07_26_1145-02_INDIV-UNMARKED-BIRD4_MZ000321_6.WAV,2,comb,1882.3164212358824,908.4924364477854,286.9540931903599,0.0,0.6573660399159214,1.0,100
monk_parakeets,monk_parakeets/pre-processed_calls/2017_07_26_1145-02_INDIV-UNMARKED-BIRD4_MZ000321_6.WAV,2,comb_noexempt,1882.3164212358824,1640.415808085117,167.48491020648578,0.0,-0.31279864364311594,1.0,100
monk_parakeets,monk_parakeets/pre-processed_calls/2017_07_26_1145-02_INDIV-UNMARKED-BIRD4_MZ000321_6.WAV,4,comb,1882.3164212358824,1875.094761726316,134.8293139208128,0.0,-0.4572538734356927,1.0,100
monk_parakeets,monk_parakeets/pre-processed_calls/2017_07_26_1145-02_INDIV-UNMARKED-BIRD4_MZ000321_6.WAV,4,comb_noexempt,1882.3164212358824,1496.8812504346101,172.6892464903935,0.0,0.6313635225282771,1.0,100
monk_parakeets,monk_parakeets/pre-processed_calls/2017_07_26_1145-02_INDIV-UNMARKED-BIRD4_MZ000321_6.WAV,4,pyin,1882.3164212358824,1541.0220323071899,137.0736427067564,0.0,0.0677545279511393,1.0,100
monk_parakeets,monk_parakeets/pre-processed_calls/2017_07_26_1145-02_INDIV-UNMARKED-BIRD4_MZ000321_6.WAV,6,comb,1882.3164212358824,1660.413691671425,166.45124086308613,0.0,-0.2334430002515926,1.0,100
monk_parakeets,monk_parakeets/pre-processed_calls/2017_07_26_1145-02_INDIV-UNMARKED-BIRD4_MZ000321_6.WAV,6,comb_noexempt,1882.3164212358824,2012.8554636439808,167.42101699317567,0.0,0.23199707949837767,1.0,100
monk_parakeets,monk_parakeets/pre-processed_calls/2017_07_28_1145-01_INDIV-UNMARKED-BIRD1_1192_6.WAV,0,comb,2201.38675253814,192.30662728797046,154.9032571484086,1.0,-0.2163236732986806,1.0,100
monk_parakeets,monk_parakeets/pre-processed_calls/2017_07_28_1145-01_INDIV-UNMARKED-BIRD1_1192_6.WAV,0,comb_noexempt,2201.38675253814,182.6193955661097,138.87721984515173,1.0,0.49413701355939343,1.0,100
monk_parakeets,monk_parakeets/pre-processed_calls/2017_07_28_1145-01_INDIV-UNMARKED-BIRD1_1192_6.WAV,0,pyin,2201.38675253814,100.38514181334715,100.38514181334715,1.0,0.36761848735902974,0.43,43
monk_parakeets,monk_parakeets/pre-processed_calls/2017_07_28_1145-01_INDIV-UNMARKED-BIRD1_1192_6.WAV,2,comb,2201.38675253814,905.6798109303037,221.04833164259546,0.0,0.7841401668432103,1.0,100
monk_parakeets,monk_parakeets/pre-processed_calls/2017_07_28_1145-01_INDIV-UNMARKED-BIRD1_1192_6.WAV,2,comb_noexempt,2201.38675253814,210.40928644260867,158.98828307687882,1.0,-0.4953383069537791,1.0,100
monk_parakeets,monk_parakeets/pre-processed_calls/2017_07_28_1145-01_INDIV-UNMARKED-BIRD1_1192_6.WAV,4,comb,2201.38675253814,1313.513239026381,201.63984855219041,0.0,-0.13470680030671317,1.0,100
monk_parakeets,monk_parakeets/pre-processed_calls/2017_07_28_1145-01_INDIV-UNMARKED-BIRD1_1192_6.WAV,4,comb_noexempt,2201.38675253814,1410.541351786656,120.09094050243812,0.0,-0.4294812191262634,1.0,100
monk_parakeets,monk_parakeets/pre-processed_calls/2017_07_28_1145-01_INDIV-UNMARKED-BIRD1_1192_6.WAV,4,pyin,2201.38675253814,1570.341853618249,199.4048103479293,0.0,0.009366340515759873,1.0,100
monk_parakeets,monk_parakeets/pre-processed_calls/2017_07_28_1145-01_INDIV-UNMARKED-BIRD1_1192_6.WAV,6,comb,2201.38675253814,2019.64235779869,170.6444418254116,0.0,0.3988874130179291,1.0,100
monk_parakeets,monk_parakeets/pre-processed_calls/2017_07_28_1145-01_INDIV-UNMARKED-BIRD1_1192_6.WAV,6,comb_noexempt,2201.38675253814,1335.4429043986372,106.82184662292048,0.0,0.06666598096312738,1.0,100
monk_parakeets,monk_parakeets/pre-processed_calls/2017_07_28_1145-01_INDIV-UNMARKED-BIRD1_1193_22.WAV,0,comb,2192.1198402500004,807.4805918370494,325.86803284990094,0.0,0.5489638413053097,1.0,100
monk_parakeets,monk_parakeets/pre-processed_calls/2017_07_28_1145-01_INDIV-UNMARKED-BIRD1_1193_22.WAV,0,comb_noexempt,2192.1198402500004,1269.7884281420525,169.5129585301044,0.0,0.6763209505850591,1.0,100
monk_parakeets,monk_parakeets/pre-processed_calls/2017_07_28_1145-01_INDIV-UNMARKED-BIRD1_1193_22.WAV,2,comb,2192.1198402500004,1185.9008098935633,275.2734835021859,0.0,0.5892973376685224,1.0,100
monk_parakeets,monk_parakeets/pre-processed_calls/2017_07_28_1145-01_INDIV-UNMARKED-BIRD1_1193_22.WAV,2,comb_noexempt,2192.1198402500004,1697.9382650825528,138.69317267865452,0.0,-0.3623575292443077,1.0,100
monk_parakeets,monk_parakeets/pre-processed_calls/2017_07_28_1145-01_INDIV-UNMARKED-BIRD1_1193_22.WAV,4,comb,2192.1198402500004,1354.458751592655,231.20509663696717,0.0,0.34874090611099107,1.0,100
monk_parakeets,monk_parakeets/pre-processed_calls/2017_07_28_1145-01_INDIV-UNMARKED-BIRD1_1193_22.WAV,4,comb_noexempt,2192.1198402500004,1711.0033239114891,176.43823377768751,0.0,0.28391056159268774,1.0,100
monk_parakeets,monk_parakeets/pre-processed_calls/2017_07_28_1145-01_INDIV-UNMARKED-BIRD1_1193_22.WAV,4,pyin,2192.1198402500004,1614.568457121918,162.38137865837538,0.0,-0.11080260302679269,1.0,100
monk_parakeets,monk_parakeets/pre-processed_calls/2017_07_28_1145-01_INDIV-UNMARKED-BIRD1_1193_22.WAV,6,comb,2192.1198402500004,2055.3814205335652,140.61381699934856,0.0,-0.061910718399634704,1.0,100
monk_parakeets,monk_parakeets/pre-processed_calls/2017_07_28_1145-01_INDIV-UNMARKED-BIRD1_1193_22.WAV,6,comb_noexempt,2192.1198402500004,1312.0588100430687,146.1535044978761,0.0,-0.046700615868100884,1.0,100
monk_parakeets,monk_parakeets/pre-processed_calls/2017_07_29_1145-02_INDIV-AAT_1224_4.WAV,0,comb,1422.9747861206752,266.8083575147175,230.84427319650504,1.0,0.6474831332991251,1.0,100
monk_parakeets,monk_parakeets/pre-processed_calls/2017_07_29_1145-02_INDIV-AAT_1224_4.WAV,0,comb_noexempt,1422.9747861206752,210.61020160959023,160.69673415477482,1.0,0.4844133339862588,1.0,100
monk_parakeets,monk_parakeets/pre-processed_calls/2017_07_29_1145-02_INDIV-AAT_1224_4.WAV,2,comb,1422.9747861206752,586.232929109915,241.0087676185976,1.0,0.6365023119440915,1.0,100
monk_parakeets,monk_parakeets/pre-processed_calls/2017_07_29_1145-02_INDIV-AAT_1224_4.WAV,2,comb_noexempt,1422.9747861206752,1847.6306796742874,82.99686096290942,0.0,0.24962409764249172,1.0,100
monk_parakeets,monk_parakeets/pre-processed_calls/2017_07_29_1145-02_INDIV-AAT_1224_4.WAV,2,pyin,1422.9747861206752,1899.0720648322865,99.77653709222669,0.0,-0.1377260973525935,1.0,100
monk_parakeets,monk_parakeets/pre-processed_calls/2017_07_29_1145-02_INDIV-AAT_1224_4.WAV,4,comb,1422.9747861206752,1034.943977061404,208.70340799910105,0.0,-0.4186782595206453,1.0,100
monk_parakeets,monk_parakeets/pre-processed_calls/2017_07_29_1145-02_INDIV-AAT_1224_4.WAV,4,comb_noexempt,1422.9747861206752,2533.275195211936,199.39110253539383,0.0,0.2246432959218202,1.0,100
monk_parakeets,monk_parakeets/pre-processed_calls/2017_07_29_1145-02_INDIV-AAT_1224_4.WAV,6,comb,1422.9747861206752,749.5262131241057,303.74164616857945,0.0,-0.08601902223398857,1.0,100
monk_parakeets,monk_parakeets/pre-processed_calls/2017_07_29_1145-02_INDIV-AAT_1224_4.WAV,6,comb_noexempt,1422.9747861206752,2032.7033531620739,136.91661031813294,0.0,-0.5019666903732175,1.0,100
monk_parakeets,monk_parakeets/pre-processed_calls/2017_07_29_1145-02_INDIV-AAT_1224_4.WAV,6,pyin,1422.9747861206752,2161.658543772071,185.52796787656644,0.0,0.3444105192259928,0.94,94
monk_parakeets,monk_parakeets/pre-processed_calls/2017_07_29_1145-02_INDIV-AAT_MZ000343_3.WAV,0,comb,1456.43393238862,379.92902519722156,250.75035391411018,1.0,0.6840859264986373,1.0,100
monk_parakeets,monk_parakeets/pre-processed_calls/2017_07_29_1145-02_INDIV-AAT_MZ000343_3.WAV,0,comb_noexempt,1456.43393238862,1824.7751603637357,82.0605754627313,0.0,0.4425503859743078,1.0,100
monk_parakeets,monk_parakeets/pre-processed_calls/2017_07_29_1145-02_INDIV-AAT_MZ000343_3.WAV,2,comb,1456.43393238862,607.5692607884032,270.35782349638487,0.0,0.6806964824505426,1.0,100
monk_parakeets,monk_parakeets/pre-processed_calls/2017_07_29_1145-02_INDIV-AAT_MZ000343_3.WAV,2,comb_noexempt,1456.43393238862,1852.090160001988,135.68691323902198,0.0,-0.5813306870425395,1.0,100
monk_parakeets,monk_parakeets/pre-processed_calls/2017_07_29_1145-02_INDIV-AAT_MZ000343_3.WAV,2,pyin,1456.43393238862,1916.300810551179,102.67531089350348,0.0,-0.20641080520983224,1.0,100
monk_parakeets,monk_parakeets/pre-processed_calls/2017_07_29_1145-02_INDIV-AAT_MZ000343_3.WAV,4,comb,1456.43393238862,724.3916414287148,302.5556049947557,0.0,0.6332302280637734,1.0,100
monk_parakeets,monk_parakeets/pre-processed_calls/2017_07_29_1145-02_INDIV-AAT_MZ000343_3.WAV,4,comb_noexempt,1456.43393238862,1840.9740786328412,104.93950744103915,0.0,0.4702293212669577,1.0,100
monk_parakeets,monk_parakeets/pre-processed_calls/2017_07_29_1145-02_INDIV-AAT_MZ000343_3.WAV,6,comb,1456.43393238862,740.0581469274846,282.6041730606412,0.0,-0.15732885557459453,1.0,100
monk_parakeets,monk_parakeets/pre-processed_calls/2017_07_29_1145-02_INDIV-AAT_MZ000343_3.WAV,6,comb_noexempt,1456.43393238862,1926.698864111886,135.110078124923,0.0,-0.3232935041460498,1.0,100
monk_parakeets,monk_parakeets/pre-processed_calls/2017_07_29_1145-02_INDIV-AAT_MZ000343_3.WAV,6,pyin,1456.43393238862,2100.552548124061,164.30718411900972,0.0,-0.003806159838782264,1.0,100
monk_parakeets,monk_parakeets/pre-processed_calls/2017_08_21_CHAC_INDIV-UNMARKED-BIRD5_1242_3.WAV,0,comb,1790.42990360359,659.8642661219749,199.2753304797456,0.0,-0.6854510590692235,1.0,100
monk_parakeets,monk_parakeets/pre-processed_calls/2017_08_21_CHAC_INDIV-UNMARKED-BIRD5_1242_3.WAV,0,comb_noexempt,1790.42990360359,376.318100777208,121.82283311312949,1.0,0.36085919164920066,1.0,100
monk_parakeets,monk_parakeets/pre-processed_calls/2017_08_21_CHAC_INDIV-UNMARKED-BIRD5_1242_3.WAV,2,comb,1790.42990360359,1046.1632158025152,282.0179291887763,0.0,-0.4618824029354479,1.0,100
monk_parakeets,monk_parakeets/pre-processed_calls/2017_08_21_CHAC_INDIV-UNMARKED-BIRD5_1242_3.WAV,2,comb_noexempt,1790.42990360359,1816.5639837171186,108.04548823769233,0.0,-0.1854826872025321,1.0,100
monk_parakeets,monk_parakeets/pre-processed_calls/2017_08_21_CHAC_INDIV-UNMARKED-BIRD5_1242_3.WAV,2,pyin,1790.42990360359,1738.1837443464344,67.65446561877562,0.0,-0.33705653701757565,0.96,96
monk_parakeets,monk_parakeets/pre-processed_calls/2017_08_21_CHAC_INDIV-UNMARKED-BIRD5_1242_3.WAV,4,comb,1790.42990360359,1330.7871556804052,166.85725050482523,0.0,-0.5285777660892697,1.0,100
monk_parakeets,monk_parakeets/pre-processed_calls/2017_08_21_CHAC_INDIV-UNMARKED-BIRD5_1242_3.WAV,4,comb_noexempt,1790.42990360359,1718.794258187514,99.19042308930585,0.0,0.641074289199196,1.0,100
monk_parakeets,monk_parakeets/pre-processed_calls/2017_08_21_CHAC_INDIV-UNMARKED-BIRD5_1242_3.WAV,4,pyin,1790.42990360359,1680.3812403160844,122.63546889773377,0.0,0.12789488242292082,1.0,100
monk_parakeets,monk_parakeets/pre-processed_calls/2017_08_21_CHAC_INDIV-UNMARKED-BIRD5_1242_3.WAV,6,comb,1790.42990360359,890.5665376923486,268.1516156070105,0.0,0.5866483012092706,1.0,100
monk_parakeets,monk_parakeets/pre-processed_calls/2017_08_21_CHAC_INDIV-UNMARKED-BIRD5_1242_3.WAV,6,comb_noexempt,1790.42990360359,2048.9658765204767,211.84592783954997,0.0,0.05882198723886653,1.0,100
monk_parakeets,monk_parakeets/pre-processed_calls/2017_08_21_CHAC_INDIV-UNMARKED-BIRD5_1242_6.WAV,0,comb,1861.2775338613096,399.29476699293883,228.780362310758,1.0,-0.145578081088351,1.0,100
monk_parakeets,monk_parakeets/pre-processed_calls/2017_08_21_CHAC_INDIV-UNMARKED-BIRD5_1242_6.WAV,0,comb_noexempt,1861.2775338613096,505.64299245396774,307.6006964600638,1.0,-0.05871291136412704,1.0,100
monk_parakeets,monk_parakeets/pre-processed_calls/2017_08_21_CHAC_INDIV-UNMARKED-BIRD5_1242_6.WAV,2,comb,1861.2775338613096,338.2584742136945,261.2591872883179,1.0,-0.0005582781295667559,1.0,100
monk_parakeets,monk_parakeets/pre-processed_calls/2017_08_21_CHAC_INDIV-UNMARKED-BIRD5_1242_6.WAV,2,comb_noexempt,1861.2775338613096,1709.8763927511575,181.8205889295208,0.0,-0.228051006393781,1.0,100
monk_parakeets,monk_parakeets/pre-processed_calls/2017_08_21_CHAC_INDIV-UNMARKED-BIRD5_1242_6.WAV,2,pyin,1861.2775338613096,1456.1097172667219,116.80833496634207,0.0,0.3841203491117546,0.7,70
monk_parakeets,monk_parakeets/pre-processed_calls/2017_08_21_CHAC_INDIV-UNMARKED-BIRD5_1242_6.WAV,4,comb,1861.2775338613096,489.9941489914412,176.58618740893468,1.0,0.2507320023052125,1.0,100
monk_parakeets,monk_parakeets/pre-processed_calls/2017_08_21_CHAC_INDIV-UNMARKED-BIRD5_1242_6.WAV,4,comb_noexempt,1861.2775338613096,1679.4043911069757,167.42970734770654,0.0,0.527921664106583,1.0,100
monk_parakeets,monk_parakeets/pre-processed_calls/2017_08_21_CHAC_INDIV-UNMARKED-BIRD5_1242_6.WAV,6,comb,1861.2775338613096,1520.9080607276392,155.27300006749778,0.0,-0.261751512550399,1.0,100
monk_parakeets,monk_parakeets/pre-processed_calls/2017_08_21_CHAC_INDIV-UNMARKED-BIRD5_1242_6.WAV,6,comb_noexempt,1861.2775338613096,2025.7191082145355,133.81051690632313,0.0,0.3213646529425241,1.0,100
monk_parakeets,monk_parakeets/pre-processed_calls/2017_09_03_INBR_1261_1.WAV,0,comb,1469.32861719431,565.6367969256352,217.60074063447408,1.0,0.157374198386498,1.0,100
monk_parakeets,monk_parakeets/pre-processed_calls/2017_09_03_INBR_1261_1.WAV,0,comb_noexempt,1469.32861719431,1735.8744402822726,166.42226017957182,0.0,-0.03507198729719828,1.0,100
monk_parakeets,monk_parakeets/pre-processed_calls/2017_09_03_INBR_1261_1.WAV,2,comb,1469.32861719431,587.9029154165916,214.33483341226633,1.0,0.1045918884653281,1.0,100
monk_parakeets,monk_parakeets/pre-processed_calls/2017_09_03_INBR_1261_1.WAV,2,comb_noexempt,1469.32861719431,1768.474131242715,172.77383300766803,0.0,-0.17468451938089344,1.0,100
monk_parakeets,monk_parakeets/pre-processed_calls/2017_09_03_INBR_1261_1.WAV,2,pyin,1469.32861719431,1925.697573465356,171.6788390880675,0.0,-0.043722469009267934,1.0,100
monk_parakeets,monk_parakeets/pre-processed_calls/2017_09_03_INBR_1261_1.WAV,4,comb,1469.32861719431,945.7473906021046,241.98182356629744,0.0,-0.5514520044553152,1.0,100
monk_parakeets,monk_parakeets/pre-processed_calls/2017_09_03_INBR_1261_1.WAV,4,comb_noexempt,1469.32861719431,1621.2612791339834,237.73703314506008,0.0,0.34368768506902325,1.0,100
monk_parakeets,monk_parakeets/pre-processed_calls/2017_09_03_INBR_1261_1.WAV,6,comb,1469.32861719431,969.8124980752627,227.1766789888885,0.0,-0.01896980888983211,1.0,100
monk_parakeets,monk_parakeets/pre-processed_calls/2017_09_03_INBR_1261_1.WAV,6,comb_noexempt,1469.32861719431,2164.3122857381286,187.03283786535246,0.0,0.6178132184820783,1.0,100
monk_parakeets,monk_parakeets/pre-processed_calls/2017_09_03_INBR_1261_1.WAV,6,pyin,1469.32861719431,1722.513781121589,207.20962223973495,0.0,0.42735837847879027,0.41,41
monk_parakeets,monk_parakeets/pre-processed_calls/2017_09_03_INBR_1269_6.WAV,0,comb,2063.699334597658,222.17115056099206,140.08559478268296,1.0,0.5253697866642547,1.0,100
monk_parakeets,monk_parakeets/pre-processed_calls/2017_09_03_INBR_1269_6.WAV,0,comb_noexempt,2063.699334597658,196.3045660065049,118.80352357078053,1.0,-0.19256162413671105,1.0,100
monk_parakeets,monk_parakeets/pre-processed_calls/2017_09_03_INBR_1269_6.WAV,2,comb,2063.699334597658,934.2303482730258,230.54728102619612,0.0,-0.460574966852772,1.0,100
monk_parakeets,monk_parakeets/pre-processed_calls/2017_09_03_INBR_1269_6.WAV,2,comb_noexempt,2063.699334597658,409.7196852095891,192.68714037175283,1.0,-0.5258692531499356,1.0,100
monk_parakeets,monk_parakeets/pre-processed_calls/2017_09_03_INBR_1269_6.WAV,4,comb,2063.699334597658,1653.6084326662385,138.15530347150084,0.0,0.43290453907648613,1.0,100
monk_parakeets,monk_parakeets/pre-processed_calls/2017_09_03_INBR_1269_6.WAV,4,comb_noexempt,2063.699334597658,1386.9772809779442,135.95485730038678,0.0,-0.1657986994478,1.0,100
monk_parakeets,monk_parakeets/pre-processed_calls/2017_09_03_INBR_1269_6.WAV,4,pyin,2063.699334597658,1623.6931368435323,154.43143813983434,0.0,-0.6741692562818248,0.75,75
monk_parakeets,monk_parakeets/pre-processed_calls/2017_09_03_INBR_1269_6.WAV,6,comb,2063.699334597658,1599.9349284818652,169.7097710696034,0.0,0.2752340808416241,1.0,100
monk_parakeets,monk_parakeets/pre-processed_calls/2017_09_03_INBR_1269_6.WAV,6,comb_noexempt,2063.699334597658,1381.3959452321624,148.03788675971555,0.0,-0.30235340468469474,1.0,100
monk_parakeets,monk_parakeets/pre-processed_calls/2017_09_05_FAGR_1297_3.WAV,0,comb,1916.9435290638075,250.5026398439145,134.03461994669607,1.0,0.6579739925768612,1.0,100
monk_parakeets,monk_parakeets/pre-processed_calls/2017_09_05_FAGR_1297_3.WAV,0,comb_noexempt,1916.9435290638075,321.8563766300989,132.59619714986948,1.0,0.44657641886254523,1.0,100
monk_parakeets,monk_parakeets/pre-processed_calls/2017_09_05_FAGR_1297_3.WAV,2,comb,1916.9435290638075,255.56342336314714,140.09901801899514,1.0,0.6420122925881173,1.0,100
monk_parakeets,monk_parakeets/pre-processed_calls/2017_09_05_FAGR_1297_3.WAV,2,comb_noexempt,1916.9435290638075,436.8373175500164,156.81445322083337,1.0,-0.6497146296080143,1.0,100
monk_parakeets,monk_parakeets/pre-processed_calls/2017_09_05_FAGR_1297_3.WAV,4,comb,1916.9435290638075,1824.7728351462624,158.78247426521284,0.0,0.4717029029869275,1.0,100
monk_parakeets,monk_parakeets/pre-processed_calls/2017_09_05_FAGR_1297_3.WAV,4,comb_noexempt,1916.9435290638075,1506.3744014446456,124.25063496935488,0.0,0.08984958025340527,1.0,100
monk_parakeets,monk_parakeets/pre-processed_calls/2017_09_05_FAGR_1297_3.WAV,4,pyin,1916.9435290638075,1558.1976600936791,139.16968715956193,0.0,0.049538025476090077,1.0,100
monk_parakeets,monk_parakeets/pre-processed_calls/2017_09_05_FAGR_1297_3.WAV,6,comb,1916.9435290638075,1979.6252716139668,144.30591259326155,0.0,-0.6185523371866112,1.0,100
monk_parakeets,monk_parakeets/pre-processed_calls/2017_09_05_FAGR_1297_3.WAV,6,comb_noexempt,1916.9435290638075,2008.7241310936097,222.76588852818443,0.0,-0.3068863486121241,1.0,100
monk_parakeets,monk_parakeets/pre-processed_calls/2017_09_05_FAGR_1301_3.WAV,0,comb,2191.63675253814,155.12713462077463,137.5401667738292,1.0,0.6730193264218557,1.0,100
monk_parakeets,monk_parakeets/pre-processed_calls/2017_09_05_FAGR_1301_3.WAV,0,comb_noexempt,2191.63675253814,119.38909451162318,119.38909451162318,1.0,0.7793184499583754,1.0,100
monk_parakeets,monk_parakeets/pre-processed_calls/2017_09_05_FAGR_1301_3.WAV,2,comb,2191.63675253814,918.4243806530696,188.83348870682696,0.0,-0.6184264360304733,1.0,100
monk_parakeets,monk_parakeets/pre-processed_calls/2017_09_05_FAGR_1301_3.WAV,2,comb_noexempt,2191.63675253814,1597.568542788098,125.14229211354774,0.0,-0.5104124080563008,1.0,100
monk_parakeets,monk_parakeets/pre-processed_calls/2017_09_05_FAGR_1301_3.WAV,4,comb,2191.63675253814,1740.0844992390212,141.24168973568254,0.0,-0.015453990388232135,1.0,100
monk_parakeets,monk_parakeets/pre-processed_calls/2017_09_05_FAGR_1301_3.WAV,4,comb_noexempt,2191.63675253814,1386.6201973662073,128.327255510792,0.0,0.09210819575260569,1.0,100
monk_parakeets,monk_parakeets/pre-processed_calls/2017_09_05_FAGR_1301_3.WAV,4,pyin,2191.63675253814,1169.3201744626658,45.138879787472135,0.0,0.6633033625338788,0.24,24
monk_parakeets,monk_parakeets/pre-processed_calls/2017_09_05_FAGR_1301_3.WAV,6,comb,2191.63675253814,1547.4504121818823,168.13795533353507,0.0,0.584937751575437,1.0,100
monk_parakeets,monk_parakeets/pre-processed_calls/2017_09_05_FAGR_1301_3.WAV,6,comb_noexempt,2191.63675253814,1387.8962686939544,156.72365825890074,0.0,-0.4984860886586131,1.0,100
monk_parakeets,monk_parakeets/pre-processed_calls/2017_09_13_ELTE_1399_6.WAV,0,comb,1825.8537187324525,373.99093577000383,199.09781970265806,1.0,0.7173740248309718,1.0,100
monk_parakeets,monk_parakeets/pre-processed_calls/2017_09_13_ELTE_1399_6.WAV,0,comb_noexempt,1825.8537187324525,376.6052949018698,209.416562099327,1.0,0.6929457361520637,1.0,100
monk_parakeets,monk_parakeets/pre-processed_calls/2017_09_13_ELTE_1399_6.WAV,2,comb,1825.8537187324525,1027.7996597873935,236.51530749889525,0.0,0.44754199545500656,1.0,100
monk_parakeets,monk_parakeets/pre-processed_calls/2017_09_13_ELTE_1399_6.WAV,2,comb_noexempt,1825.8537187324525,1764.4582597149833,121.33017552277451,0.0,0.7279893370103189,1.0,100
monk_parakeets,monk_parakeets/pre-processed_calls/2017_09_13_ELTE_1399_6.WAV,2,pyin,1825.8537187324525,1241.3957070566803,64.97649855122721,0.0,-0.11349810532832985,0.36,36
monk_parakeets,monk_parakeets/pre-processed_calls/2017_09_13_ELTE_1399_6.WAV,4,comb,1825.8537187324525,1350.8818335696392,177.68463205947975,0.0,-0.7778470276456182,1.0,100
monk_parakeets,monk_parakeets/pre-processed_calls/2017_09_13_ELTE_1399_6.WAV,4,comb_noexempt,1825.8537187324525,1512.4853466110105,301.0127103583999,0.0,-0.7818439366078765,1.0,100
monk_parakeets,monk_parakeets/pre-processed_calls/2017_09_13_ELTE_1399_6.WAV,6,comb,1825.8537187324525,1255.8526192053766,126.35921979558128,0.0,-0.45937957667941787,1.0,100
monk_parakeets,monk_parakeets/pre-processed_calls/2017_09_13_ELTE_1399_6.WAV,6,comb_noexempt,1825.8537187324525,1947.0030717795855,150.05554837777908,0.0,-0.4001230090161563,1.0,100
monk_parakeets,monk_parakeets/pre-processed_calls/2017_09_13_QUEB_1417_5.WAV,0,comb,1423.0351878706751,339.8173761145629,168.81756576499382,1.0,0.6732469070346315,1.0,100
monk_parakeets,monk_parakeets/pre-processed_calls/2017_09_13_QUEB_1417_5.WAV,0,comb_noexempt,1423.0351878706751,103.47840186601283,75.90665360236389,1.0,0.7559600879470758,1.0,100
monk_parakeets,monk_parakeets/pre-processed_calls/2017_09_13_QUEB_1417_5.WAV,2,comb,1423.0351878706751,366.6936709598677,174.56233350656646,1.0,0.6790136027137805,1.0,100
monk_parakeets,monk_parakeets/pre-processed_calls/2017_09_13_QUEB_1417_5.WAV,2,comb_noexempt,1423.0351878706751,1869.5017523642816,80.38196485820646,0.0,0.6916171392071453,1.0,100
monk_parakeets,monk_parakeets/pre-processed_calls/2017_09_13_QUEB_1417_5.WAV,2,pyin,1423.0351878706751,1886.7628935199352,127.52287408978776,0.0,0.5367656171607137,0.99,99
monk_parakeets,monk_parakeets/pre-processed_calls/2017_09_13_QUEB_1417_5.WAV,4,comb,1423.0351878706751,375.77898399630965,171.6278939284636,1.0,0.533389778805212,1.0,100
monk_parakeets,monk_parakeets/pre-processed_calls/2017_09_13_QUEB_1417_5.WAV,4,comb_noexempt,1423.0351878706751,1706.250380612168,121.728414461624,0.0,-0.2579870880388444,1.0,100
monk_parakeets,monk_parakeets/pre-processed_calls/2017_09_13_QUEB_1417_5.WAV,6,comb,1423.0351878706751,787.2698887713614,271.16284404582956,0.0,-0.24582277491902024,1.0,100
monk_parakeets,monk_parakeets/pre-processed_calls/2017_09_13_QUEB_1417_5.WAV,6,comb_noexempt,1423.0351878706751,2172.0496454659187,174.35127941787715,0.0,-0.4919772367742434,1.0,100
monk_parakeets,monk_parakeets/pre-processed_calls/2017_09_13_QUEB_1417_5.WAV,6,pyin,1423.0351878706751,2105.4976778925657,167.88551632308312,0.0,-0.47683479250097843,0.87,87
monk_parakeets,monk_parakeets/pre-processed_calls/2017_09_13_QUEB_1432_2.WAV,0,comb,1755.00608847473,157.3949595055991,133.6685105603621,1.0,0.7789318844222461,1.0,100
monk_parakeets,monk_parakeets/pre-processed_calls/2017_09_13_QUEB_1432_2.WAV,0,comb_noexempt,1755.00608847473,146.33760965822745,129.48748990834343,1.0,0.7804578914217833,1.0,100
monk_parakeets,monk_parakeets/pre-processed_calls/2017_09_13_QUEB_1432_2.WAV,2,comb,1755.00608847473,444.2188046688762,384.0310775937841,1.0,0.8189887532018753,1.0,100
monk_parakeets,monk_parakeets/pre-processed_calls/2017_09_13_QUEB_1432_2.WAV,2,comb_noexempt,1755.00608847473,1595.8761651061511,104.51595395617213,0.0,-0.015043764988268121,1.0,100
monk_parakeets,monk_parakeets/pre-processed_calls/2017_09_13_QUEB_1432_2.WAV,4,comb,1755.00608847473,445.5075739081793,375.21716480725024,1.0,0.7850466405139472,1.0,100
monk_parakeets,monk_parakeets/pre-processed_calls/2017_09_13_QUEB_1432_2.WAV,4,comb_noexempt,1755.00608847473,1566.4803538533802,125.10195495748394,0.0,0.24302844465642887,1.0,100
monk_parakeets,monk_parakeets/pre-processed_calls/2017_09_13_QUEB_1432_2.WAV,6,comb,1755.00608847473,476.105576698484,302.44352160611516,1.0,0.35404483746699017,1.0,100
monk_parakeets,monk_parakeets/pre-processed_calls/2017_09_13_QUEB_1432_2.WAV,6,comb_noexempt,1755.00608847473,2094.044438286656,170.42180509408433,0.0,0.31850900620046363,1.0,100
monk_parakeets,monk_parakeets/pre-processed_calls/2017_10_17_PAVO_1510_2.WAV,0,comb,1770.187723529955,683.3707022930184,261.4118215192822,0.0,0.35744782556800325,1.0,100
monk_parakeets,monk_parakeets/pre-processed_calls/2017_10_17_PAVO_1510_2.WAV,0,comb_noexempt,1770.187723529955,750.4538931885857,159.32336023461852,1.0,-0.6631071240543688,1.0,100
monk_parakeets,monk_parakeets/pre-processed_calls/2017_10_17_PAVO_1510_2.WAV,2,comb,1770.187723529955,725.0532527732269,269.5654730732097,0.0,0.5047920830802267,1.0,100
monk_parakeets,monk_parakeets/pre-processed_calls/2017_10_17_PAVO_1510_2.WAV,2,comb_noexempt,1770.187723529955,1866.0529560758507,148.83992483816854,0.0,0.5717423850834356,1.0,100
monk_parakeets,monk_parakeets/pre-processed_calls/2017_10_17_PAVO_1510_2.WAV,4,comb,1770.187723529955,726.640433000506,282.7618173298374,0.0,0.264033872736661,1.0,100
monk_parakeets,monk_parakeets/pre-processed_calls/2017_10_17_PAVO_1510_2.WAV,4,comb_noexempt,1770.187723529955,1741.4657097202366,196.64172905373988,0.0,0.6491553411958753,1.0,100
monk_parakeets,monk_parakeets/pre-processed_calls/2017_10_17_PAVO_1510_2.WAV,6,comb,1770.187723529955,1637.9378503337562,141.24524159468865,0.0,-0.6998121702576698,1.0,100
monk_parakeets,monk_parakeets/pre-processed_calls/2017_10_17_PAVO_1510_2.WAV,6,comb_noexempt,1770.187723529955,2121.127702361354,219.0894582474196,0.0,0.0764940646232097,1.0,100
monk_parakeets,monk_parakeets/pre-processed_calls/2017_10_17_PAVO_1522_2.WAV,0,comb,1981.4160918831499,1006.9122271390095,236.95905272473038,0.0,0.5430462929566531,1.0,100
monk_parakeets,monk_parakeets/pre-processed_calls/2017_10_17_PAVO_1522_2.WAV,0,comb_noexempt,1981.4160918831499,393.82577556238607,115.73788657488491,1.0,-0.3088467139729279,1.0,100
monk_parakeets,monk_parakeets/pre-processed_calls/2017_10_17_PAVO_1522_2.WAV,2,comb,1981.4160918831499,1161.2655095772466,192.85336895682838,0.0,0.5343153775051397,1.0,100
monk_parakeets,monk_parakeets/pre-processed_calls/2017_10_17_PAVO_1522_2.WAV,2,comb_noexempt,1981.4160918831499,1563.3780193052132,186.86057651540943,0.0,0.0674664073654683,1.0,100
monk_parakeets,monk_parakeets/pre-processed_calls/2017_10_17_PAVO_1522_2.WAV,4,comb,1981.4160918831499,1177.4103118283497,201.92961998467058,0.0,0.4602554767558689,1.0,100
monk_parakeets,monk_parakeets/pre-processed_calls/2017_10_17_PAVO_1522_2.WAV,4,comb_noexempt,1981.4160918831499,1636.7510200035708,179.59016526621184,0.0,0.6684099575814959,1.0,100
monk_parakeets,monk_parakeets/pre-processed_calls/2017_10_17_PAVO_1522_2.WAV,4,pyin,1981.4160918831499,1832.1477902696047,169.0467474217561,0.0,0.5031890327213752,0.7,70
monk_parakeets,monk_parakeets/pre-processed_calls/2017_10_17_PAVO_1522_2.WAV,6,comb,1981.4160918831499,1652.322392674329,120.38540625889989,0.0,-0.7776747380124186,1.0,100
monk_parakeets,monk_parakeets/pre-processed_calls/2017_10_17_PAVO_1522_2.WAV,6,comb_noexempt,1981.4160918831499,1677.4891766094916,193.90660197359588,0.0,-0.1748960211231889,1.0,100
monk_parakeets,monk_parakeets/pre-processed_calls/2017_10_25_PIED_1563_2.WAV,0,comb,1628.4924630145151,515.0993109269378,235.56716636990936,1.0,-0.11659179978644066,1.0,100
monk_parakeets,monk_parakeets/pre-processed_calls/2017_10_25_PIED_1563_2.WAV,0,comb_noexempt,1628.4924630145151,307.2845102212179,238.92263241608262,1.0,0.2447800331726601,1.0,100
monk_parakeets,monk_parakeets/pre-processed_calls/2017_10_25_PIED_1563_2.WAV,2,comb,1628.4924630145151,476.1317439360491,223.08105761298788,1.0,0.5907871947694331,1.0,100
monk_parakeets,monk_parakeets/pre-processed_calls/2017_10_25_PIED_1563_2.WAV,2,comb_noexempt,1628.4924630145151,1685.175411377225,122.19673526770262,0.0,0.05722947345152966,1.0,100
monk_parakeets,monk_parakeets/pre-processed_calls/2017_10_25_PIED_1563_2.WAV,2,pyin,1628.4924630145151,1958.0271937440532,162.9558766113707,0.0,-0.41111860170224607,0.38,38
monk_parakeets,monk_parakeets/pre-processed_calls/2017_10_25_PIED_1563_2.WAV,4,comb,1628.4924630145151,535.0721360973962,240.07747430874923,1.0,0.07672620411958699,1.0,100
monk_parakeets,monk_parakeets/pre-processed_calls/2017_10_25_PIED_1563_2.WAV,4,comb_noexempt,1628.4924630145151,1671.4400196862184,132.43647588223195,0.0,-0.07290394044334869,1.0,100
monk_parakeets,monk_parakeets/pre-processed_calls/2017_10_25_PIED_1563_2.WAV,6,comb,1628.4924630145151,1463.7892162264038,171.47261023028466,0.0,-0.5313998400835881,1.0,100
monk_parakeets,monk_parakeets/pre-processed_calls/2017_10_25_PIED_1563_2.WAV,6,comb_noexempt,1628.4924630145151,2108.3100887006867,209.11549668195224,0.0,0.5541434247089113,1.0,100
monk_parakeets,monk_parakeets/pre-processed_calls/2017_10_25_PIED_1563_2.WAV,6,pyin,1628.4924630145151,1979.236736512731,198.67585839718822,0.0,0.45231522801768587,0.91,91
monk_parakeets,monk_parakeets/pre-processed_calls/2017_11_20_GOLF_1636_4.WAV,0,comb,1638.5307965000002,676.5774968757074,173.56325379125883,0.0,-0.6340241217059687,1.0,100
monk_parakeets,monk_parakeets/pre-processed_calls/2017_11_20_GOLF_1636_4.WAV,0,comb_noexempt,1638.5307965000002,95.98762532440537,95.98762532440537,1.0,0.6983197958749255,1.0,100
monk_parakeets,monk_parakeets/pre-processed_calls/2017_11_20_GOLF_1636_4.WAV,2,comb,1638.5307965000002,745.2878926400658,154.3642878218825,0.0,-0.7725632283975579,1.0,100
monk_parakeets,monk_parakeets/pre-processed_calls/2017_11_20_GOLF_1636_4.WAV,2,comb_noexempt,1638.5307965000002,1683.6349858934075,80.40939064965445,0.0,0.7263453499218988,1.0,100
monk_parakeets,monk_parakeets/pre-processed_calls/2017_11_20_GOLF_1636_4.WAV,2,pyin,1638.5307965000002,1221.9961960670146,86.21273072945296,0.0,-0.10487379472907907,0.59,59
monk_parakeets,monk_parakeets/pre-processed_calls/2017_11_20_GOLF_1636_4.WAV,4,comb,1638.5307965000002,1759.1002822666642,142.75617714130834,0.0,0.620690740642686,1.0,100
monk_parakeets,monk_parakeets/pre-processed_calls/2017_11_20_GOLF_1636_4.WAV,4,comb_noexempt,1638.5307965000002,1698.3204767234693,133.22885042849475,0.0,0.5346984890355654,1.0,100
monk_parakeets,monk_parakeets/pre-processed_calls/2017_11_20_GOLF_1636_4.WAV,4,pyin,1638.5307965000002,1596.1063463383282,156.163924648042,0.0,0.46336604328756453,1.0,100
monk_parakeets,monk_parakeets/pre-processed_calls/2017_11_20_GOLF_1636_4.WAV,6,comb,1638.5307965000002,974.9864193647968,317.3069308932753,0.0,-0.1837753521684619,1.0,100
monk_parakeets,monk_parakeets/pre-processed_calls/2017_11_20_GOLF_1636_4.WAV,6,comb_noexempt,1638.5307965000002,1927.9553440036284,149.17638736011725,0.0,-0.5627949977451331,1.0,100
monk_parakeets,monk_parakeets/pre-processed_calls/2017_11_20_GOLF_1636_4.WAV,6,pyin,1638.5307965000002,2075.911426737795,174.34110458560986,0.0,-0.6357291363505787,0.77,77
monk_parakeets,monk_parakeets/pre-processed_calls/2017_11_20_GOLF_1641_2.WAV,0,comb,2321.7871305364974,244.06731950732257,202.79500523685806,1.0,0.6164013785946745,1.0,100
monk_parakeets,monk_parakeets/pre-processed_calls/2017_11_20_GOLF_1641_2.WAV,0,comb_noexempt,2321.7871305364974,236.73439152238063,207.41893337257494,1.0,0.7973915357821519,1.0,100
monk_parakeets,monk_parakeets/pre-processed_calls/2017_11_20_GOLF_1641_2.WAV,2,comb,2321.7871305364974,1298.9838490499908,235.59443932694262,0.0,0.7900609420697737,1.0,100
monk_parakeets,monk_parakeets/pre-processed_calls/2017_11_20_GOLF_1641_2.WAV,2,comb_noexempt,2321.7871305364974,491.49712499379496,157.8176785520859,1.0,-0.5631256671450735,1.0,100
monk_parakeets,monk_parakeets/pre-processed_calls/2017_11_20_GOLF_1641_2.WAV,4,comb,2321.7871305364974,1877.3627142890596,157.4529231413863,0.0,0.34335397532267065,1.0,100
monk_parakeets,monk_parakeets/pre-processed_calls/2017_11_20_GOLF_1641_2.WAV,4,comb_noexempt,2321.7871305364974,1445.2763450741554,184.5279642954814,0.0,-0.11682146501824656,1.0,100
monk_parakeets,monk_parakeets/pre-processed_calls/2017_11_20_GOLF_1641_2.WAV,4,pyin,2321.7871305364974,1464.8772998754796,166.66108621908813,0.0,-0.35745419724365607,0.99,99
monk_parakeets,monk_parakeets/pre-processed_calls/2017_11_20_GOLF_1641_2.WAV,6,comb,2321.7871305364974,2283.7740550079666,146.80516038597216,0.0,0.688055920458765,1.0,100
monk_parakeets,monk_parakeets/pre-processed_calls/2017_11_20_GOLF_1641_2.WAV,6,comb_noexempt,2321.7871305364974,1445.2337311045092,181.22681506206158,0.0,0.6593394221078321,1.0,100
monk_parakeets,monk_parakeets/pre-processed_calls/2019_03_10_ASCA_1001_4_17.WAV,0,comb,1402.28477725,103.31989431803703,101.57326781167689,1.0,0.709869662379667,1.0,100
monk_parakeets,monk_parakeets/pre-processed_calls/2019_03_10_ASCA_1001_4_17.WAV,0,comb_noexempt,1402.28477725,117.81797210350999,100.54835554567947,1.0,0.6571659990439593,1.0,100
monk_parakeets,monk_parakeets/pre-processed_calls/2019_03_10_ASCA_1001_4_17.WAV,2,comb,1402.28477725,130.2280224059339,116.86989610101634,1.0,0.7227701504286642,1.0,100
monk_parakeets,monk_parakeets/pre-processed_calls/2019_03_10_ASCA_1001_4_17.WAV,2,comb_noexempt,1402.28477725,1801.0063723025228,107.20763481953736,0.0,0.2067004299455836,1.0,100
monk_parakeets,monk_parakeets/pre-processed_calls/2019_03_10_ASCA_1001_4_17.WAV,2,pyin,1402.28477725,1879.213376142344,139.8808787690993,0.0,-0.012708954366794846,1.0,100
monk_parakeets,monk_parakeets/pre-processed_calls/2019_03_10_ASCA_1001_4_17.WAV,4,comb,1402.28477725,782.4280026630775,225.1882277365641,0.0,-0.6026112166795253,1.0,100
monk_parakeets,monk_parakeets/pre-processed_calls/2019_03_10_ASCA_1001_4_17.WAV,4,comb_noexempt,1402.28477725,1797.768737441033,116.4657760478479,0.0,0.5380270334275049,1.0,100
monk_parakeets,monk_parakeets/pre-processed_calls/2019_03_10_ASCA_1001_4_17.WAV,6,comb,1402.28477725,705.7023659690461,266.4642515846248,0.0,-0.7834044682934344,1.0,100
monk_parakeets,monk_parakeets/pre-processed_calls/2019_03_10_ASCA_1001_4_17.WAV,6,comb_noexempt,1402.28477725,2067.9611682287045,175.03334117260863,0.0,-0.0027064012818719435,1.0,100
monk_parakeets,monk_parakeets/pre-processed_calls/2019_03_10_ASCA_1001_4_17.WAV,6,pyin,1402.28477725,2112.6636224736776,207.97626928854777,0.0,-0.510604899423787,1.0,100
monk_parakeets,monk_parakeets/pre-processed_calls/2019_03_10_ASCA_1001_5_123.WAV,0,comb,1426.0706622781677,211.60120603570493,211.60120603570493,1.0,0.7009586501514026,1.0,100
monk_parakeets,monk_parakeets/pre-processed_calls/2019_03_10_ASCA_1001_5_123.WAV,0,comb_noexempt,1426.0706622781677,202.7692371188416,202.7692371188416,1.0,0.7003670680562826,1.0,100
monk_parakeets,monk_parakeets/pre-processed_calls/2019_03_10_ASCA_1001_5_123.WAV,2,comb,1426.0706622781677,223.89140214325482,223.89140214325482,1.0,0.6958374388283417,1.0,100
monk_parakeets,monk_parakeets/pre-processed_calls/2019_03_10_ASCA_1001_5_123.WAV,2,comb_noexempt,1426.0706622781677,1794.2117171944792,150.55660929744602,0.0,-0.6650698548016607,1.0,100
monk_parakeets,monk_parakeets/pre-processed_calls/2019_03_10_ASCA_1001_5_123.WAV,2,pyin,1426.0706622781677,1749.37894370621,152.57605715917734,0.0,-0.3899083605422257,0.85,85
monk_parakeets,monk_parakeets/pre-processed_calls/2019_03_10_ASCA_1001_5_123.WAV,4,comb,1426.0706622781677,348.94472137977164,275.2783149551254,1.0,0.7391853916554719,1.0,100
monk_parakeets,monk_parakeets/pre-processed_calls/2019_03_10_ASCA_1001_5_123.WAV,4,comb_noexempt,1426.0706622781677,1722.3033257349807,93.87020337298983,0.0,0.3538726409062804,1.0,100
monk_parakeets,monk_parakeets/pre-processed_calls/2019_03_10_ASCA_1001_5_123.WAV,4,pyin,1426.0706622781677,1870.0765336613424,84.80290865233867,0.0,0.5232650743962749,0.61,61
monk_parakeets,monk_parakeets/pre-processed_calls/2019_03_10_ASCA_1001_5_123.WAV,6,comb,1426.0706622781677,421.35711450364187,254.55078670579593,1.0,0.566131409636474,1.0,100
monk_parakeets,monk_parakeets/pre-processed_calls/2019_03_10_ASCA_1001_5_123.WAV,6,comb_noexempt,1426.0706622781677,2101.3443507574075,147.308014677403,0.0,0.5268056231643673,1.0,100
monk_parakeets,monk_parakeets/pre-processed_calls/2019_03_10_ASCA_1001_5_123.WAV,6,pyin,1426.0706622781677,2105.32658703889,182.1179085505256,0.0,-0.4214181127437518,1.0,100
monk_parakeets,monk_parakeets/pre-processed_calls/2019_08_06_ELEM_1035_7.WAV,0,comb,1365.3441220572652,420.98113681339885,202.67910226618665,1.0,0.4431498483360796,1.0,100
monk_parakeets,monk_parakeets/pre-processed_calls/2019_08_06_ELEM_1035_7.WAV,0,comb_noexempt,1365.3441220572652,781.6858139876401,147.92148665134786,0.0,0.07982357880883326,1.0,100
monk_parakeets,monk_parakeets/pre-processed_calls/2019_08_06_ELEM_1035_7.WAV,2,comb,1365.3441220572652,404.88092597786624,195.9821411322431,1.0,0.633188739762014,1.0,100
monk_parakeets,monk_parakeets/pre-processed_calls/2019_08_06_ELEM_1035_7.WAV,2,comb_noexempt,1365.3441220572652,1803.9004417026158,138.7749218593242,0.0,0.06647970156133229,1.0,100
monk_parakeets,monk_parakeets/pre-processed_calls/2019_08_06_ELEM_1035_7.WAV,2,pyin,1365.3441220572652,1987.8495339088172,145.22710030726856,0.0,0.10213712281765125,1.0,100
monk_parakeets,monk_parakeets/pre-processed_calls/2019_08_06_ELEM_1035_7.WAV,4,comb,1365.3441220572652,384.56036683971894,241.46169141770656,1.0,0.46716697619659747,1.0,100
monk_parakeets,monk_parakeets/pre-processed_calls/2019_08_06_ELEM_1035_7.WAV,4,comb_noexempt,1365.3441220572652,1568.2102845053282,248.8030928370465,0.0,-0.0963352530188003,1.0,100
monk_parakeets,monk_parakeets/pre-processed_calls/2019_08_06_ELEM_1035_7.WAV,6,comb,1365.3441220572652,509.5153034712553,234.06948989927622,1.0,-0.21395106384619855,1.0,100
monk_parakeets,monk_parakeets/pre-processed_calls/2019_08_06_ELEM_1035_7.WAV,6,comb_noexempt,1365.3441220572652,2139.971647840375,180.056942915209,0.0,0.0926434340382922,1.0,100
monk_parakeets,monk_parakeets/pre-processed_calls/2019_08_06_ELEM_1035_7.WAV,6,pyin,1365.3441220572652,2176.6472131343426,169.74851150741208,0.0,0.11250095796543369,1.0,100
monk_parakeets,monk_parakeets/pre-processed_calls/2019_08_06_ELEM_GSV1025_24.WAV,0,comb,1673.2922468308925,508.20593408547387,273.0505931397156,1.0,-0.43558313785670805,1.0,100
monk_parakeets,monk_parakeets/pre-processed_calls/2019_08_06_ELEM_GSV1025_24.WAV,0,comb_noexempt,1673.2922468308925,1447.7649299068985,182.636295558383,0.0,0.25341796594864857,1.0,100
monk_parakeets,monk_parakeets/pre-processed_calls/2019_08_06_ELEM_GSV1025_24.WAV,0,pyin,1673.2922468308925,1291.200108505506,91.20010850550608,0.0,,0.1,10
monk_parakeets,monk_parakeets/pre-processed_calls/2019_08_06_ELEM_GSV1025_24.WAV,2,comb,1673.2922468308925,324.7001804735464,285.6442583241274,1.0,0.7861109085331379,1.0,100
monk_parakeets,monk_parakeets/pre-processed_calls/2019_08_06_ELEM_GSV1025_24.WAV,2,comb_noexempt,1673.2922468308925,1638.1470702519396,113.08553249846506,0.0,0.7208746943706587,1.0,100
monk_parakeets,monk_parakeets/pre-processed_calls/2019_08_06_ELEM_GSV1025_24.WAV,4,comb,1673.2922468308925,508.74358919237443,262.9717717696609,1.0,-0.05399121069512024,1.0,100
monk_parakeets,monk_parakeets/pre-processed_calls/2019_08_06_ELEM_GSV1025_24.WAV,4,comb_noexempt,1673.2922468308925,1449.6543724719759,185.91114449728832,0.0,0.24951097063345262,1.0,100
monk_parakeets,monk_parakeets/pre-processed_calls/2019_08_06_ELEM_GSV1025_24.WAV,6,comb,1673.2922468308925,620.0078036830834,252.24826892325575,0.0,-0.6374089119106007,1.0,100
monk_parakeets,monk_parakeets/pre-processed_calls/2019_08_06_ELEM_GSV1025_24.WAV,6,comb_noexempt,1673.2922468308925,1979.5371018051335,186.1822048150251,0.0,-0.6437640478806449,1.0,100
monk_parakeets,monk_parakeets/pre-processed_calls/2019_08_06_ELEM_GSV1025_24.WAV,6,pyin,1673.2922468308925,1762.7569770127577,209.03362989243985,0.0,-0.1076843564545038,0.55,55
monk_parakeets,monk_parakeets/pre-processed_calls/2019_08_06_ELEM_GSV1030_10.WAV,0,comb,1608.87514147044,392.6704782133605,247.8871392699042,1.0,0.8040391245367239,1.0,100
monk_parakeets,monk_parakeets/pre-processed_calls/2019_08_06_ELEM_GSV1030_10.WAV,0,comb_noexempt,1608.87514147044,387.34451666209816,208.4844184171411,1.0,0.8230552564735476,1.0,100
monk_parakeets,monk_parakeets/pre-processed_calls/2019_08_06_ELEM_GSV1030_10.WAV,2,comb,1608.87514147044,422.4517652828448,196.37432682711534,1.0,-0.46778824841512107,1.0,100
monk_parakeets,monk_parakeets/pre-processed_calls/2019_08_06_ELEM_GSV1030_10.WAV,2,comb_noexempt,1608.87514147044,1603.7180372011344,174.83442929437882,0.0,-0.5117214253739255,1.0,100
monk_parakeets,monk_parakeets/pre-processed_calls/2019_08_06_ELEM_GSV1030_10.WAV,4,comb,1608.87514147044,818.2459902950401,275.8743679659858,0.0,0.7346209478157757,1.0,100
monk_parakeets,monk_parakeets/pre-processed_calls/2019_08_06_ELEM_GSV1030_10.WAV,4,comb_noexempt,1608.87514147044,1513.971094708838,168.0295806902863,0.0,-0.006136213624160746,1.0,100
monk_parakeets,monk_parakeets/pre-processed_calls/2019_08_06_ELEM_GSV1030_10.WAV,6,comb,1608.87514147044,344.0389617115776,297.0577031609983,1.0,0.6882892010123056,1.0,100
monk_parakeets,monk_parakeets/pre-processed_calls/2019_08_06_ELEM_GSV1030_10.WAV,6,comb_noexempt,1608.87514147044,1998.3948952314809,191.25265743771686,0.0,-0.0640223343504119,1.0,100
monk_parakeets,monk_parakeets/pre-processed_calls/2019_08_06_ELEM_GSV1030_10.WAV,6,pyin,1608.87514147044,2052.9944092700425,97.98401192628867,0.0,0.5597993008052519,0.1,10
monk_parakeets,monk_parakeets/pre-processed_calls/2019_08_06_ELEM_GSV1030_34.WAV,0,comb,1930.2520370411075,279.7819888385505,165.2628833012912,1.0,0.6968331078674501,1.0,100
monk_parakeets,monk_parakeets/pre-processed_calls/2019_08_06_ELEM_GSV1030_34.WAV,0,comb_noexempt,1930.2520370411075,1442.6557110109766,111.06417658875827,0.0,0.6627036549251891,1.0,100
monk_parakeets,monk_parakeets/pre-processed_calls/2019_08_06_ELEM_GSV1030_34.WAV,2,comb,1930.2520370411075,276.25439654824817,170.1373715838688,1.0,0.6734321173032631,1.0,100
monk_parakeets,monk_parakeets/pre-processed_calls/2019_08_06_ELEM_GSV1030_34.WAV,2,comb_noexempt,1930.2520370411075,1629.5351331692896,178.55572261096438,0.0,-0.2387928970821686,1.0,100
monk_parakeets,monk_parakeets/pre-processed_calls/2019_08_06_ELEM_GSV1030_34.WAV,4,comb,1930.2520370411075,1399.62071533758,239.00478220284447,0.0,-0.1845005003198617,1.0,100
monk_parakeets,monk_parakeets/pre-processed_calls/2019_08_06_ELEM_GSV1030_34.WAV,4,comb_noexempt,1930.2520370411075,1489.5059328686857,139.3447076198218,0.0,0.41873757567799524,1.0,100
monk_parakeets,monk_parakeets/pre-processed_calls/2019_08_06_ELEM_GSV1030_34.WAV,4,pyin,1930.2520370411075,1337.4961292525966,138.05718280420638,0.0,-0.5732712640898938,0.08,8
monk_parakeets,monk_parakeets/pre-processed_calls/2019_08_06_ELEM_GSV1030_34.WAV,6,comb,1930.2520370411075,1270.9057093700726,238.62092356379534,0.0,0.6388788096177533,1.0,100
monk_parakeets,monk_parakeets/pre-processed_calls/2019_08_06_ELEM_GSV1030_34.WAV,6,comb_noexempt,1930.2520370411075,1984.1697931970803,221.47028338336153,0.0,-0.15789405095592265,1.0,100
monk_parakeets,monk_parakeets/pre-processed_calls/2019_08_06_ELEM_GSV1033_10.WAV,0,comb,1704.4006382906423,461.11347971828286,257.5751388805152,1.0,0.25238609041203686,1.0,100
monk_parakeets,monk_parakeets/pre-processed_calls/2019_08_06_ELEM_GSV1033_10.WAV,0,comb_noexempt,1704.4006382906423,1638.969590918352,117.1659265780943,0.0,0.4660645167441483,1.0,100
monk_parakeets,monk_parakeets/pre-processed_calls/2019_08_06_ELEM_GSV1033_10.WAV,2,comb,1704.4006382906423,447.33241459848875,226.46886526944314,1.0,0.37183264143101563,1.0,100
monk_parakeets,monk_parakeets/pre-processed_calls/2019_08_06_ELEM_GSV1033_10.WAV,2,comb_noexempt,1704.4006382906423,1717.859983887964,107.11774700049831,0.0,-0.3933981003044876,1.0,100
monk_parakeets,monk_parakeets/pre-processed_calls/2019_08_06_ELEM_GSV1033_10.WAV,4,comb,1704.4006382906423,733.8368443880033,246.57138065962292,0.0,0.3663946473334847,1.0,100
monk_parakeets,monk_parakeets/pre-processed_calls/2019_08_06_ELEM_GSV1033_10.WAV,4,comb_noexempt,1704.4006382906423,1623.431956270786,112.19261178146793,0.0,0.1540304239471656,1.0,100
monk_parakeets,monk_parakeets/pre-processed_calls/2019_08_06_ELEM_GSV1033_10.WAV,6,comb,1704.4006382906423,1402.6311566667969,139.84120592697525,0.0,-0.4413367403454771,1.0,100
monk_parakeets,monk_parakeets/pre-processed_calls/2019_08_06_ELEM_GSV1033_10.WAV,6,comb_noexempt,1704.4006382906423,2077.8488883561704,189.66677410373575,0.0,-0.30218604994917797,1.0,100
monk_parakeets,monk_parakeets/pre-processed_calls/2019_08_06_ELEM_GSV1033_6.WAV,0,comb,2033.3360644872048,160.7568462811846,160.7568462811846,1.0,0.8678979799726795,1.0,100
monk_parakeets,monk_parakeets/pre-processed_calls/2019_08_06_ELEM_GSV1033_6.WAV,0,comb_noexempt,2033.3360644872048,158.93795645901363,158.93795645901363,1.0,0.8895377467931839,1.0,100
monk_parakeets,monk_parakeets/pre-processed_calls/2019_08_06_ELEM_GSV1033_6.WAV,2,comb,2033.3360644872048,160.7568462811846,160.7568462811846,1.0,0.824577454471163,1.0,100
monk_parakeets,monk_parakeets/pre-processed_calls/2019_08_06_ELEM_GSV1033_6.WAV,2,comb_noexempt,2033.3360644872048,1595.174504265889,191.56902613993475,0.0,-0.543730325867297,1.0,100
monk_parakeets,monk_parakeets/pre-processed_calls/2019_08_06_ELEM_GSV1033_6.WAV,4,comb,2033.3360644872048,194.6668885300024,194.6668885300024,1.0,0.834613526459017,1.0,100
monk_parakeets,monk_parakeets/pre-processed_calls/2019_08_06_ELEM_GSV1033_6.WAV,4,comb_noexempt,2033.3360644872048,1587.0761832712355,174.11036858479338,0.0,0.7016099786668515,1.0,100
monk_parakeets,monk_parakeets/pre-processed_calls/2019_08_06_ELEM_GSV1033_6.WAV,4,pyin,2033.3360644872048,2013.0173052641294,224.60094139079786,0.0,-0.2921132685620381,0.4,40
monk_parakeets,monk_parakeets/pre-processed_calls/2019_08_06_ELEM_GSV1033_6.WAV,6,comb,2033.3360644872048,1236.2899200924562,175.9131525788542,0.0,0.732036198412949,1.0,100
monk_parakeets,monk_parakeets/pre-processed_calls/2019_08_06_ELEM_GSV1033_6.WAV,6,comb_noexempt,2033.3360644872048,1369.9578775946661,186.3973981366376,0.0,-0.7691084291951061,1.0,100
monk_parakeets,monk_parakeets/pre-processed_calls/2019_08_06_ELEM_GSV1033_6.WAV,6,pyin,2033.3360644872048,2829.726339988308,429.72633998830787,0.0,-0.7883837340989837,0.2,20
monk_parakeets,monk_parakeets/pre-processed_calls/2019_08_06_ELEM_GSV1033_9.WAV,0,comb,2063.69933459766,254.1214535605023,236.11673180773823,1.0,0.8293107564342543,1.0,100
monk_parakeets,monk_parakeets/pre-processed_calls/2019_08_06_ELEM_GSV1033_9.WAV,0,comb_noexempt,2063.69933459766,169.77883911345953,169.77883911345953,1.0,0.813191431945705,1.0,100
monk_parakeets,monk_parakeets/pre-processed_calls/2019_08_06_ELEM_GSV1033_9.WAV,2,comb,2063.69933459766,211.24293559239686,177.42560567365206,1.0,0.6648939090514303,1.0,100
monk_parakeets,monk_parakeets/pre-processed_calls/2019_08_06_ELEM_GSV1033_9.WAV,2,comb_noexempt,2063.69933459766,1539.8477775664264,172.2102720286998,0.0,0.3819333952947299,1.0,100
monk_parakeets,monk_parakeets/pre-processed_calls/2019_08_06_ELEM_GSV1033_9.WAV,4,comb,2063.69933459766,522.694254738175,408.94750432208025,1.0,0.6521276629710342,1.0,100
monk_parakeets,monk_parakeets/pre-processed_calls/2019_08_06_ELEM_GSV1033_9.WAV,4,comb_noexempt,2063.69933459766,1463.963634209969,157.0602388414476,0.0,0.16242553973815144,1.0,100
monk_parakeets,monk_parakeets/pre-processed_calls/2019_08_06_ELEM_GSV1033_9.WAV,4,pyin,2063.69933459766,1229.4648740345854,122.72971072085588,0.0,-0.5398313418689548,0.15,15
monk_parakeets,monk_parakeets/pre-processed_calls/2019_08_06_ELEM_GSV1033_9.WAV,6,comb,2063.69933459766,1248.8943391055868,249.18747334239424,0.0,0.6490259301158937,1.0,100
monk_parakeets,monk_parakeets/pre-processed_calls/2019_08_06_ELEM_GSV1033_9.WAV,6,comb_noexempt,2063.69933459766,1471.9689199267964,180.28875888281206,0.0,0.14749382825402219,1.0,100
monk_parakeets,monk_parakeets/pre-processed_calls/2019_08_06_ELEM_GSV1033_9.WAV,6,pyin,2063.69933459766,1207.3893614551957,146.39536024206328,0.0,0.025613086394448197,0.29,29
monk_parakeets,monk_parakeets/pre-processed_calls/2019_08_07_AIRP_GSV1040_8_site_scale.WAV,0,comb,1736.22298075,619.0071532764007,260.9164805805473,0.0,-0.5770797219583725,1.0,100
monk_parakeets,monk_parakeets/pre-processed_calls/2019_08_07_AIRP_GSV1040_8_site_scale.WAV,0,comb_noexempt,1736.22298075,637.6359199443882,224.0970154794357,1.0,-0.5050724965236841,1.0,100
monk_parakeets,monk_parakeets/pre-processed_calls/2019_08_07_AIRP_GSV1040_8_site_scale.WAV,0,pyin,1736.22298075,2805.7566923752784,405.7566923752785,0.0,,0.3,30
monk_parakeets,monk_parakeets/pre-processed_calls/2019_08_07_AIRP_GSV1040_8_site_scale.WAV,2,comb,1736.22298075,755.6973134877941,269.00102589979883,0.0,0.1421191903786415,1.0,100
monk_parakeets,monk_parakeets/pre-processed_calls/2019_08_07_AIRP_GSV1040_8_site_scale.WAV,2,comb_noexempt,1736.22298075,1611.1763680396707,94.58774234339529,0.0,0.3459065297595037,1.0,100
monk_parakeets,monk_parakeets/pre-processed_calls/2019_08_07_AIRP_GSV1040_8_site_scale.WAV,4,comb,1736.22298075,1299.2441962847747,189.14341245884606,0.0,-0.5514853045680416,1.0,100
monk_parakeets,monk_parakeets/pre-processed_calls/2019_08_07_AIRP_GSV1040_8_site_scale.WAV,4,comb_noexempt,1736.22298075,1659.5833373810526,121.66623383882799,0.0,-0.25958180179072216,1.0,100
monk_parakeets,monk_parakeets/pre-processed_calls/2019_08_07_AIRP_GSV1040_8_site_scale.WAV,6,comb,1736.22298075,941.5924837869463,238.6273416020524,0.0,0.6146412115190304,1.0,100
monk_parakeets,monk_parakeets/pre-processed_calls/2019_08_07_AIRP_GSV1040_8_site_scale.WAV,6,comb_noexempt,1736.22298075,2107.379125194434,164.0805992333311,0.0,0.013387696234494028,1.0,100
monk_parakeets,monk_parakeets/pre-processed_calls/2019_08_08_INTR_1088_2.WAV,0,comb,1650.367321544075,255.64727011078617,255.64727011078617,1.0,0.8056324664174079,1.0,100
monk_parakeets,monk_parakeets/pre-processed_calls/2019_08_08_INTR_1088_2.WAV,0,comb_noexempt,1650.367321544075,176.6511565183622,176.6511565183622,1.0,0.8338501044593754,1.0,100
monk_parakeets,monk_parakeets/pre-processed_calls/2019_08_08_INTR_1088_2.WAV,2,comb,1650.367321544075,310.39795808597603,310.39795808597603,1.0,0.8167402791749528,1.0,100
monk_parakeets,monk_parakeets/pre-processed_calls/2019_08_08_INTR_1088_2.WAV,2,comb_noexempt,1650.367321544075,1615.655185955508,170.19630065575333,0.0,-0.0586500989749176,1.0,100
monk_parakeets,monk_parakeets/pre-processed_calls/2019_08_08_INTR_1088_2.WAV,2,pyin,1650.367321544075,1321.0909894415684,86.49851144682071,0.0,0.4151603615503557,0.34,34
monk_parakeets,monk_parakeets/pre-processed_calls/2019_08_08_INTR_1088_2.WAV,4,comb,1650.367321544075,338.99963047441275,281.45559956362973,1.0,0.8122151724682155,1.0,100
monk_parakeets,monk_parakeets/pre-processed_calls/2019_08_08_INTR_1088_2.WAV,4,comb_noexempt,1650.367321544075,1709.0407639346183,176.4726115846386,0.0,-0.13681679691247153,1.0,100
monk_parakeets,monk_parakeets/pre-processed_calls/2019_08_08_INTR_1088_2.WAV,4,pyin,1650.367321544075,1577.693757445115,220.9288449337172,0.0,-0.1735279807177402,1.0,100
monk_parakeets,monk_parakeets/pre-processed_calls/2019_08_08_INTR_1088_2.WAV,6,comb,1650.367321544075,416.4477479379333,253.88937919651698,1.0,0.6976767145010325,1.0,100
monk_parakeets,monk_parakeets/pre-processed_calls/2019_08_08_INTR_1088_2.WAV,6,comb_noexempt,1650.367321544075,2104.84971326459,236.85537552073788,0.0,0.5618174328648875,1.0,100
monk_parakeets,monk_parakeets/pre-processed_calls/2019_08_08_INTR_1091_6.WAV,0,comb,1785.714951801795,625.9578489622245,158.62584928404692,0.0,0.5167762265512127,1.0,100
monk_parakeets,monk_parakeets/pre-processed_calls/2019_08_08_INTR_1091_6.WAV,0,comb_noexempt,1785.714951801795,643.65501267474,116.69902092496568,0.0,0.3821610265573596,1.0,100
monk_parakeets,monk_parakeets/pre-processed_calls/2019_08_08_INTR_1091_6.WAV,2,comb,1785.714951801795,699.3103098530651,188.4367506360639,0.0,-0.045320235153512814,1.0,100
monk_parakeets,monk_parakeets/pre-processed_calls/2019_08_08_INTR_1091_6.WAV,2,comb_noexempt,1785.714951801795,608.9352456224236,136.32654832931402,1.0,0.44899753978576384,1.0,100
monk_parakeets,monk_parakeets/pre-processed_calls/2019_08_08_INTR_1091_6.WAV,4,comb,1785.714951801795,586.9675757101868,128.3134548555271,1.0,0.600040631638994,1.0,100
monk_parakeets,monk_parakeets/pre-processed_calls/2019_08_08_INTR_1091_6.WAV,4,comb_noexempt,1785.714951801795,1298.5857748694061,117.34344724077056,0.0,0.3031226459363743,1.0,100
monk_parakeets,monk_parakeets/pre-processed_calls/2019_08_08_INTR_1091_6.WAV,6,comb,1785.714951801795,709.1837486399861,194.84488820486584,0.0,-0.0960798197195206,1.0,100
monk_parakeets,monk_parakeets/pre-processed_calls/2019_08_08_INTR_1091_6.WAV,6,comb_noexempt,1785.714951801795,1907.3825799911833,138.293904380165,0.0,-0.4186388261823326,1.0,100
monk_parakeets,monk_parakeets/pre-processed_calls/2019_08_08_INTR_1092_3.WAV,0,comb,1841.035353787675,644.4689944620566,332.01124316333306,0.0,-0.4930358681578134,1.0,100
monk_parakeets,monk_parakeets/pre-processed_calls/2019_08_08_INTR_1092_3.WAV,0,comb_noexempt,1841.035353787675,423.7587438340622,355.70863510041727,1.0,0.5942643045878189,1.0,100
monk_parakeets,monk_parakeets/pre-processed_calls/2019_08_08_INTR_1092_3.WAV,2,comb,1841.035353787675,586.0968349177085,338.45673543966393,1.0,-0.20485484333591775,1.0,100
monk_parakeets,monk_parakeets/pre-processed_calls/2019_08_08_INTR_1092_3.WAV,2,comb_noexempt,1841.035353787675,618.4626450571072,289.50342712499844,0.0,0.5716777001405038,1.0,100
monk_parakeets,monk_parakeets/pre-processed_calls/2019_08_08_INTR_1092_3.WAV,2,pyin,1841.035353787675,1591.1483558549994,62.67825273253459,0.0,-0.7248363455623815,0.37,37
monk_parakeets,monk_parakeets/pre-processed_calls/2019_08_08_INTR_1092_3.WAV,4,comb,1841.035353787675,590.4344002065532,336.91316971689093,1.0,0.12878478798767667,1.0,100
monk_parakeets,monk_parakeets/pre-processed_calls/2019_08_08_INTR_1092_3.WAV,4,comb_noexempt,1841.035353787675,1363.7414541052995,182.13277598720856,0.0,-0.0943434342085276,1.0,100
monk_parakeets,monk_parakeets/pre-processed_calls/2019_08_08_INTR_1092_3.WAV,4,pyin,1841.035353787675,2655.102900611664,255.85280300404162,0.0,0.951363014058585,0.2,20
monk_parakeets,monk_parakeets/pre-processed_calls/2019_08_08_INTR_1092_3.WAV,6,comb,1841.035353787675,547.5779989898587,335.07659594344864,1.0,0.33041034508319805,1.0,100
monk_parakeets,monk_parakeets/pre-processed_calls/2019_08_08_INTR_1092_3.WAV,6,comb_noexempt,1841.035353787675,2079.388510193116,201.43287164540848,0.0,0.7549740277777122,1.0,100
monk_parakeets,monk_parakeets/pre-processed_calls/2019_08_08_INTR_GSV1056_1.WAV,0,comb,1861.2775338613123,695.8345177204953,295.69497386020817,0.0,-0.5806504783938282,1.0,100
monk_parakeets,monk_parakeets/pre-processed_calls/2019_08_08_INTR_GSV1056_1.WAV,0,comb_noexempt,1861.2775338613123,1537.2853285507888,125.73979393438604,0.0,-0.4244445100446371,1.0,100
monk_parakeets,monk_parakeets/pre-processed_calls/2019_08_08_INTR_GSV1056_1.WAV,2,comb,1861.2775338613123,778.8293135153496,134.99633569645334,0.0,-0.7627775988562835,1.0,100
monk_parakeets,monk_parakeets/pre-processed_calls/2019_08_08_INTR_GSV1056_1.WAV,2,comb_noexempt,1861.2775338613123,1615.0302680586574,140.2620571888513,0.0,-0.2858275374419638,1.0,100
monk_parakeets,monk_parakeets/pre-processed_calls/2019_08_08_INTR_GSV1056_1.WAV,2,pyin,1861.2775338613123,3203.5456912327854,803.5456912327855,0.0,0.8885675206791951,0.07,7
monk_parakeets,monk_parakeets/pre-processed_calls/2019_08_08_INTR_GSV1056_1.WAV,4,comb,1861.2775338613123,1495.4066757989394,169.23188774152732,0.0,-0.5173295588344615,1.0,100
monk_parakeets,monk_parakeets/pre-processed_calls/2019_08_08_INTR_GSV1056_1.WAV,4,comb_noexempt,1861.2775338613123,1572.1740344560899,124.35485742833959,0.0,0.1957514365012674,1.0,100
monk_parakeets,monk_parakeets/pre-processed_calls/2019_08_08_INTR_GSV1056_1.WAV,4,pyin,1861.2775338613123,1581.9243469595876,140.83672544959956,0.0,0.1533238540551315,1.0,100
monk_parakeets,monk_parakeets/pre-processed_calls/2019_08_08_INTR_GSV1056_1.WAV,6,comb,1861.2775338613123,1387.3962252698734,163.82088730087554,0.0,0.43771145109769816,1.0,100
monk_parakeets,monk_parakeets/pre-processed_calls/2019_08_08_INTR_GSV1056_1.WAV,6,comb_noexempt,1861.2775338613123,2031.2677054494782,207.74083847238194,0.0,-0.42695068748527726,1.0,100
monk_parakeets,monk_parakeets/pre-processed_calls/2019_08_08_INTR_GSV1067_6.WAV,0,comb,1781.81266675,548.8614552299111,289.44651832858614,1.0,0.689122406452455,1.0,100
monk_parakeets,monk_parakeets/pre-processed_calls/2019_08_08_INTR_GSV1067_6.WAV,0,comb_noexempt,1781.81266675,191.8505973076492,191.8505973076492,1.0,0.7081650126978837,1.0,100
monk_parakeets,monk_parakeets/pre-processed_calls/2019_08_08_INTR_GSV1067_6.WAV,2,comb,1781.81266675,1352.9410191932984,162.71108510775917,0.0,-0.6437327667763814,1.0,100
monk_parakeets,monk_parakeets/pre-processed_calls/2019_08_08_INTR_GSV1067_6.WAV,2,comb_noexempt,1781.81266675,1645.572793907641,128.34912702454324,0.0,0.057504946822140884,1.0,100
monk_parakeets,monk_parakeets/pre-processed_calls/2019_08_08_INTR_GSV1067_6.WAV,4,comb,1781.81266675,1216.3101519541417,204.845528770511,0.0,-0.5671094275083626,1.0,100
monk_parakeets,monk_parakeets/pre-processed_calls/2019_08_08_INTR_GSV1067_6.WAV,4,comb_noexempt,1781.81266675,1700.056973318172,122.77450185883501,0.0,0.5786859260914654,1.0,100
monk_parakeets,monk_parakeets/pre-processed_calls/2019_08_08_INTR_GSV1067_6.WAV,6,comb,1781.81266675,1520.073580607028,169.5872621519852,0.0,0.2493400612898166,1.0,100
monk_parakeets,monk_parakeets/pre-processed_calls/2019_08_08_INTR_GSV1067_6.WAV,6,comb_noexempt,1781.81266675,2002.0099078012781,201.19247118137588,0.0,-0.0940145785775687,1.0,100
monk_parakeets,monk_parakeets/pre-processed_calls/2019_08_09_FIEL_1124_21.WAV,0,comb,1957.4278892110751,872.172352262113,283.57294977631136,0.0,0.38546625222849473,1.0,100
monk_parakeets,monk_parakeets/pre-processed_calls/2019_08_09_FIEL_1124_21.WAV,0,comb_noexempt,1957.4278892110751,145.8040414225855,145.8040414225855,1.0,0.8209717229411017,1.0,100
monk_parakeets,monk_parakeets/pre-processed_calls/2019_08_09_FIEL_1124_21.WAV,2,comb,1957.4278892110751,1254.1951630925882,163.1347074211899,0.0,-0.6863753692472212,1.0,100
monk_parakeets,monk_parakeets/pre-processed_calls/2019_08_09_FIEL_1124_21.WAV,2,comb_noexempt,1957.4278892110751,1664.0771437038302,147.31478766034886,0.0,0.35262751445790735,1.0,100
monk_parakeets,monk_parakeets/pre-processed_calls/2019_08_09_FIEL_1124_21.WAV,2,pyin,1957.4278892110751,1485.3679828789432,150.80175283795649,0.0,-0.23847611955890333,0.74,74
monk_parakeets,monk_parakeets/pre-processed_calls/2019_08_09_FIEL_1124_21.WAV,4,comb,1957.4278892110751,1938.2244319039069,168.24059950292244,0.0,-0.6965206378965392,1.0,100
monk_parakeets,monk_parakeets/pre-processed_calls/2019_08_09_FIEL_1124_21.WAV,4,comb_noexempt,1957.4278892110751,1647.537772302107,144.32504722055558,0.0,0.6725920359443642,1.0,100
monk_parakeets,monk_parakeets/pre-processed_calls/2019_08_09_FIEL_1124_21.WAV,4,pyin,1957.4278892110751,1609.757766368845,163.10006672702897,0.0,-0.14773325908469348,1.0,100
monk_parakeets,monk_parakeets/pre-processed_calls/2019_08_09_FIEL_1124_21.WAV,6,comb,1957.4278892110751,1614.0578477121771,175.61965847260473,0.0,-0.7480256742746493,1.0,100
monk_parakeets,monk_parakeets/pre-processed_calls/2019_08_09_FIEL_1124_21.WAV,6,comb_noexempt,1957.4278892110751,1993.5681577347377,178.4024686564295,0.0,-0.5389822156232468,1.0,100
monk_parakeets,monk_parakeets/pre-processed_calls/2019_08_09_FIEL_GSV1088_1.WAV,0,comb,1908.13094700429,653.932958838905,156.1587191477837,0.0,0.01070605912729974,1.0,100
monk_parakeets,monk_parakeets/pre-processed_calls/2019_08_09_FIEL_GSV1088_1.WAV,0,comb_noexempt,1908.13094700429,113.16408652180829,113.16408652180829,1.0,0.7065206180317358,1.0,100
monk_parakeets,monk_parakeets/pre-processed_calls/2019_08_09_FIEL_GSV1088_1.WAV,2,comb,1908.13094700429,672.9353559547628,155.3794424289033,0.0,-0.016321245918332,1.0,100
monk_parakeets,monk_parakeets/pre-processed_calls/2019_08_09_FIEL_GSV1088_1.WAV,2,comb_noexempt,1908.13094700429,1807.9998304061762,121.56114023521229,0.0,-0.2663654289397504,1.0,100
monk_parakeets,monk_parakeets/pre-processed_calls/2019_08_09_FIEL_GSV1088_1.WAV,4,comb,1908.13094700429,621.7909051823317,191.55917320075952,0.0,0.6210394160413847,1.0,100
monk_parakeets,monk_parakeets/pre-processed_calls/2019_08_09_FIEL_GSV1088_1.WAV,4,comb_noexempt,1908.13094700429,1588.0350672982063,167.67651295471808,0.0,0.6240633196584959,1.0,100
monk_parakeets,monk_parakeets/pre-processed_calls/2019_08_09_FIEL_GSV1088_1.WAV,4,pyin,1908.13094700429,1582.6875375546379,160.54121693867316,0.0,-0.05837572868435308,1.0,100
monk_parakeets,monk_parakeets/pre-processed_calls/2019_08_09_FIEL_GSV1088_1.WAV,6,comb,1908.13094700429,686.8282353048551,163.24023043054098,0.0,-0.3257186654141719,1.0,100
monk_parakeets,monk_parakeets/pre-processed_calls/2019_08_09_FIEL_GSV1088_1.WAV,6,comb_noexempt,1908.13094700429,1915.205283380555,198.954579082304,0.0,-0.1606474564441174,1.0,100
monk_parakeets,monk_parakeets/pre-processed_calls/2019_08_09_FIEL_GSV1088_14.WAV,0,comb,1532.34210766475,468.02654127509516,265.9362901756979,1.0,0.6661516006103841,1.0,100
monk_parakeets,monk_parakeets/pre-processed_calls/2019_08_09_FIEL_GSV1088_14.WAV,0,comb_noexempt,1532.34210766475,1836.8927111806188,133.07560022028085,0.0,0.6069205244131947,1.0,100
monk_parakeets,monk_parakeets/pre-processed_calls/2019_08_09_FIEL_GSV1088_14.WAV,2,comb,1532.34210766475,453.2624979358554,276.2361168961235,1.0,0.6774757955783868,1.0,100
monk_parakeets,monk_parakeets/pre-processed_calls/2019_08_09_FIEL_GSV1088_14.WAV,2,comb_noexempt,1532.34210766475,1835.6724338556078,134.2463189180264,0.0,0.6583767489163519,1.0,100
monk_parakeets,monk_parakeets/pre-processed_calls/2019_08_09_FIEL_GSV1088_14.WAV,2,pyin,1532.34210766475,1890.4188834645415,116.13447895667233,0.0,0.04515395358744967,1.0,100
monk_parakeets,monk_parakeets/pre-processed_calls/2019_08_09_FIEL_GSV1088_14.WAV,4,comb,1532.34210766475,610.2057950549565,240.3410736275622,1.0,-0.4575312515413849,1.0,100
monk_parakeets,monk_parakeets/pre-processed_calls/2019_08_09_FIEL_GSV1088_14.WAV,4,comb_noexempt,1532.34210766475,1845.6137420450323,131.6043940251842,0.0,0.3884943381167956,1.0,100
monk_parakeets,monk_parakeets/pre-processed_calls/2019_08_09_FIEL_GSV1088_14.WAV,6,comb,1532.34210766475,599.6457338216053,246.46826018389635,1.0,-0.13821840244837588,1.0,100
monk_parakeets,monk_parakeets/pre-processed_calls/2019_08_09_FIEL_GSV1088_14.WAV,6,comb_noexempt,1532.34210766475,2064.3236405103235,178.9694395697205,0.0,-0.1481645834824326,1.0,100
monk_parakeets,monk_parakeets/pre-processed_calls/2019_08_09_FIEL_GSV1088_17.WAV,0,comb,1330.4483294734075,697.3801556648805,130.73188779197838,0.0,0.7404344809765806,1.0,100
monk_parakeets,monk_parakeets/pre-processed_calls/2019_08_09_FIEL_GSV1088_17.WAV,0,comb_noexempt,1330.4483294734075,925.5112612283871,102.70275842530924,1.0,-0.6452384655964918,1.0,100
monk_parakeets,monk_parakeets/pre-processed_calls/2019_08_09_FIEL_GSV1088_17.WAV,0,pyin,1330.4483294734075,2249.120228563575,150.8797714364249,0.0,,0.19,19
monk_parakeets,monk_parakeets/pre-processed_calls/2019_08_09_FIEL_GSV1088_17.WAV,2,comb,1330.4483294734075,454.8878259678357,150.52805399707762,1.0,0.5736035446344545,1.0,100
monk_parakeets,monk_parakeets/pre-processed_calls/2019_08_09_FIEL_GSV1088_17.WAV,2,comb_noexempt,1330.4483294734075,2061.04068459868,162.9941877508806,0.0,-0.2065505435272376,1.0,100
monk_parakeets,monk_parakeets/pre-processed_calls/2019_08_09_FIEL_GSV1088_17.WAV,4,comb,1330.4483294734075,686.9050966375648,174.04863685652583,0.0,0.7682859545771596,1.0,100
monk_parakeets,monk_parakeets/pre-processed_calls/2019_08_09_FIEL_GSV1088_17.WAV,4,comb_noexempt,1330.4483294734075,2640.569723613078,240.56972361307794,0.0,0.09919265114145916,1.0,100
monk_parakeets,monk_parakeets/pre-processed_calls/2019_08_09_FIEL_GSV1088_17.WAV,6,comb,1330.4483294734075,517.0960158723796,216.7358393709561,1.0,0.5963360127149236,1.0,100
monk_parakeets,monk_parakeets/pre-processed_calls/2019_08_09_FIEL_GSV1088_17.WAV,6,comb_noexempt,1330.4483294734075,2062.170699043648,172.3178980381145,0.0,-0.35851271560985626,1.0,100
monk_parakeets,monk_parakeets/pre-processed_calls/2019_08_09_FIEL_GSV1088_17.WAV,6,pyin,1330.4483294734075,2235.6915447601014,222.1519935253013,0.0,0.417154563309773,1.0,100
monk_parakeets,monk_parakeets/pre-processed_calls/2019_08_09_FIEL_GSV1088_7.WAV,0,comb,1911.8829840453975,671.0161064289007,156.57711218131212,0.0,0.35842267715275633,1.0,100
monk_parakeets,monk_parakeets/pre-processed_calls/2019_08_09_FIEL_GSV1088_7.WAV,0,comb_noexempt,1911.8829840453975,108.94655128023813,108.94655128023813,1.0,0.791453513726681,1.0,100
monk_parakeets,monk_parakeets/pre-processed_calls/2019_08_09_FIEL_GSV1088_7.WAV,2,comb,1911.8829840453975,777.7989929764276,160.22077847290657,0.0,-0.23331587773719578,1.0,100
monk_parakeets,monk_parakeets/pre-processed_calls/2019_08_09_FIEL_GSV1088_7.WAV,2,comb_noexempt,1911.8829840453975,1513.3373606453342,108.67977586602177,0.0,0.3566646600098171,1.0,100
monk_parakeets,monk_parakeets/pre-processed_calls/2019_08_09_FIEL_GSV1088_7.WAV,4,comb,1911.8829840453975,722.7569577346337,178.2659988000407,0.0,-0.3232008927427326,1.0,100
monk_parakeets,monk_parakeets/pre-processed_calls/2019_08_09_FIEL_GSV1088_7.WAV,4,comb_noexempt,1911.8829840453975,1557.4696750714456,124.24173260054278,0.0,0.5319972694554504,1.0,100
monk_parakeets,monk_parakeets/pre-processed_calls/2019_08_09_FIEL_GSV1088_7.WAV,4,pyin,1911.8829840453975,1529.7385345740245,119.31041198738001,0.0,-0.1485861745846414,1.0,100
monk_parakeets,monk_parakeets/pre-processed_calls/2019_08_09_FIEL_GSV1088_7.WAV,6,comb,1911.8829840453975,726.6675498845715,158.22484389273018,0.0,0.02571222556356616,1.0,100
monk_parakeets,monk_parakeets/pre-processed_calls/2019_08_09_FIEL_GSV1088_7.WAV,6,comb_noexempt,1911.8829840453975,2004.3075624713115,228.69690533579268,0.0,0.08160187860479483,1.0,100
monk_parakeets,monk_parakeets/pre-processed_calls/2019_08_09_FIEL_GSV1088_9.WAV,0,comb,1990.22312125,687.5786519935715,162.12525263327058,0.0,0.2038971842377441,1.0,100
monk_parakeets,monk_parakeets/pre-processed_calls/2019_08_09_FIEL_GSV1088_9.WAV,0,comb_noexempt,1990.22312125,113.11446482273232,113.11446482273232,1.0,0.7696953099754248,1.0,100
monk_parakeets,monk_parakeets/pre-processed_calls/2019_08_09_FIEL_GSV1088_9.WAV,2,comb,1990.22312125,651.8151797191267,132.02371992199608,0.0,0.343110253710038,1.0,100
monk_parakeets,monk_parakeets/pre-processed_calls/2019_08_09_FIEL_GSV1088_9.WAV,2,comb_noexempt,1990.22312125,1815.9117076073317,123.54214790240736,0.0,0.31295700823369693,1.0,100
monk_parakeets,monk_parakeets/pre-processed_calls/2019_08_09_FIEL_GSV1088_9.WAV,4,comb,1990.22312125,658.148444896423,129.38565029325403,0.0,0.29205520897255555,1.0,100
monk_parakeets,monk_parakeets/pre-processed_calls/2019_08_09_FIEL_GSV1088_9.WAV,4,comb_noexempt,1990.22312125,1512.8660238092457,76.4737996092625,0.0,0.42561368384358966,1.0,100
monk_parakeets,monk_parakeets/pre-processed_calls/2019_08_09_FIEL_GSV1088_9.WAV,4,pyin,1990.22312125,1488.022702163022,134.04106743728158,0.0,-0.1336274223241622,1.0,100
monk_parakeets,monk_parakeets/pre-processed_calls/2019_08_09_FIEL_GSV1088_9.WAV,6,comb,1990.22312125,703.9383799029799,145.8873356575344,0.0,-0.01967654005140073,1.0,100
monk_parakeets,monk_parakeets/pre-processed_calls/2019_08_09_FIEL_GSV1088_9.WAV,6,comb_noexempt,1990.22312125,1459.4423089117931,95.07494655642925,0.0,0.4102213846614753,1.0,100
monk_parakeets,monk_parakeets/pre-processed_calls/2019_08_09_MANO_GSV1095_4.WAV,0,comb,1802.7554363386125,479.90027207786187,312.29095420192425,1.0,0.8006742405582491,1.0,100
monk_parakeets,monk_parakeets/pre-processed_calls/2019_08_09_MANO_GSV1095_4.WAV,0,comb_noexempt,1802.7554363386125,609.6662282407367,115.42153177689718,0.0,0.3884145392313756,1.0,100
monk_parakeets,monk_parakeets/pre-processed_calls/2019_08_09_MANO_GSV1095_4.WAV,2,comb,1802.7554363386125,455.1199263601329,309.77983158257894,1.0,0.8466595236135714,1.0,100
monk_parakeets,monk_parakeets/pre-processed_calls/2019_08_09_MANO_GSV1095_4.WAV,2,comb_noexempt,1802.7554363386125,1570.5965751652943,134.4664803890563,0.0,0.6482092949542634,1.0,100
monk_parakeets,monk_parakeets/pre-processed_calls/2019_08_09_MANO_GSV1095_4.WAV,4,comb,1802.7554363386125,606.8745349969506,151.34131180081525,0.0,-0.464141034063345,1.0,100
monk_parakeets,monk_parakeets/pre-processed_calls/2019_08_09_MANO_GSV1095_4.WAV,4,comb_noexempt,1802.7554363386125,1597.6486798409528,119.96372440108749,0.0,0.8086479845788008,1.0,100
monk_parakeets,monk_parakeets/pre-processed_calls/2019_08_09_MANO_GSV1095_4.WAV,6,comb,1802.7554363386125,418.52056043749076,317.312423599758,1.0,0.8338863914215916,1.0,100
monk_parakeets,monk_parakeets/pre-processed_calls/2019_08_09_MANO_GSV1095_4.WAV,6,comb_noexempt,1802.7554363386125,2043.1758737051828,212.28631057831012,0.0,0.7160370819375061,1.0,100
monk_parakeets,monk_parakeets/pre-processed_calls/2019_08_09_MANO_GSV1096_1.WAV,0,comb,1893.89001900429,168.39156272357764,168.39156272357764,1.0,0.7245065783671877,1.0,100
monk_parakeets,monk_parakeets/pre-processed_calls/2019_08_09_MANO_GSV1096_1.WAV,0,comb_noexempt,1893.89001900429,169.31506617138774,169.31506617138774,1.0,0.7333088621062135,1.0,100
monk_parakeets,monk_parakeets/pre-processed_calls/2019_08_09_MANO_GSV1096_1.WAV,2,comb,1893.89001900429,1229.7585339185348,215.67786397676187,0.0,-0.299481760617631,1.0,100
monk_parakeets,monk_parakeets/pre-processed_calls/2019_08_09_MANO_GSV1096_1.WAV,2,comb_noexempt,1893.89001900429,1791.4424959194475,110.55601963710467,0.0,0.20958280895815234,1.0,100
monk_parakeets,monk_parakeets/pre-processed_calls/2019_08_09_MANO_GSV1096_1.WAV,4,comb,1893.89001900429,1205.3631382073772,228.85837129659978,0.0,-0.21384353046125157,1.0,100
monk_parakeets,monk_parakeets/pre-processed_calls/2019_08_09_MANO_GSV1096_1.WAV,4,comb_noexempt,1893.89001900429,1571.4965008516433,123.10219368196353,0.0,0.3482309463157468,1.0,100
monk_parakeets,monk_parakeets/pre-processed_calls/2019_08_09_MANO_GSV1096_1.WAV,6,comb,1893.89001900429,1526.2697369024177,155.86594808095217,0.0,-0.6054750717292919,1.0,100
monk_parakeets,monk_parakeets/pre-processed_calls/2019_08_09_MANO_GSV1096_1.WAV,6,comb_noexempt,1893.89001900429,1931.216296852802,228.92805177929318,0.0,0.2057430636485257,1.0,100
monk_parakeets,monk_parakeets/pre-processed_calls/2019_08_10_MART_1144_7.WAV,0,comb,1825.90214837543,722.1220191510981,225.34948160932794,0.0,0.3743354247148977,1.0,100
monk_parakeets,monk_parakeets/pre-processed_calls/2019_08_10_MART_1144_7.WAV,0,comb_noexempt,1825.90214837543,1429.727247563749,132.06339936950792,0.0,0.6803376712057659,1.0,100
monk_parakeets,monk_parakeets/pre-processed_calls/2019_08_10_MART_1144_7.WAV,2,comb,1825.90214837543,810.9178324883994,181.53885569756784,0.0,-0.4869179116200928,1.0,100
monk_parakeets,monk_parakeets/pre-processed_calls/2019_08_10_MART_1144_7.WAV,2,comb_noexempt,1825.90214837543,1646.5225676977566,147.89327575286012,0.0,-0.2055496133061399,1.0,100
monk_parakeets,monk_parakeets/pre-processed_calls/2019_08_10_MART_1144_7.WAV,4,comb,1825.90214837543,757.9641546045498,210.20113839313487,0.0,0.2200434381698147,1.0,100
monk_parakeets,monk_parakeets/pre-processed_calls/2019_08_10_MART_1144_7.WAV,4,comb_noexempt,1825.90214837543,1515.1118898603106,120.89633293073202,0.0,-0.020614057780314124,1.0,100
monk_parakeets,monk_parakeets/pre-processed_calls/2019_08_10_MART_1144_7.WAV,4,pyin,1825.90214837543,1541.3326974319273,169.62705658248439,0.0,-0.4465684828215346,0.96,96
monk_parakeets,monk_parakeets/pre-processed_calls/2019_08_10_MART_1144_7.WAV,6,comb,1825.90214837543,765.447547775474,242.56919511135655,0.0,0.24127373196681431,1.0,100
monk_parakeets,monk_parakeets/pre-processed_calls/2019_08_10_MART_1144_7.WAV,6,comb_noexempt,1825.90214837543,2094.265273161001,222.2894530850229,0.0,0.41380529068154165,1.0,100
monk_parakeets,monk_parakeets/pre-processed_calls/2019_08_10_MART_GSV1103_1.WAV,0,comb,1671.09537825,467.74237970757866,251.8080578080851,1.0,0.7395662677145398,1.0,100
monk_parakeets,monk_parakeets/pre-processed_calls/2019_08_10_MART_GSV1103_1.WAV,0,comb_noexempt,1671.09537825,655.8080086923726,184.87477802618898,0.0,0.3485193381474213,1.0,100
monk_parakeets,monk_parakeets/pre-processed_calls/2019_08_10_MART_GSV1103_1.WAV,2,comb,1671.09537825,478.6982415598384,256.2873190205398,1.0,0.7361922587724344,1.0,100
monk_parakeets,monk_parakeets/pre-processed_calls/2019_08_10_MART_GSV1103_1.WAV,2,comb_noexempt,1671.09537825,1814.2148326953984,126.16244373200342,0.0,0.2588418982495832,1.0,100
monk_parakeets,monk_parakeets/pre-processed_calls/2019_08_10_MART_GSV1103_1.WAV,2,pyin,1671.09537825,1663.5717973002565,158.20745872592343,0.0,-0.5359621989224788,0.8,80
monk_parakeets,monk_parakeets/pre-processed_calls/2019_08_10_MART_GSV1103_1.WAV,4,comb,1671.09537825,715.7943780022401,286.82027809857885,0.0,0.44569228306521164,1.0,100
monk_parakeets,monk_parakeets/pre-processed_calls/2019_08_10_MART_GSV1103_1.WAV,4,comb_noexempt,1671.09537825,1722.4784057784802,164.19591469898245,0.0,0.6889029735353102,1.0,100
monk_parakeets,monk_parakeets/pre-processed_calls/2019_08_10_MART_GSV1103_1.WAV,6,comb,1671.09537825,516.4977468015627,233.42691022524394,1.0,0.7573212078290839,1.0,100
monk_parakeets,monk_parakeets/pre-processed_calls/2019_08_10_MART_GSV1103_1.WAV,6,comb_noexempt,1671.09537825,2121.8865414237143,194.95310531962303,0.0,-0.27698917335556056,1.0,100
monk_parakeets,monk_parakeets/pre-processed_calls/SBD_Austin.1001.0217-2_resamp.WAV,0,comb,1616.5,208.31175345290495,208.31175345290495,1.0,0.7901588712844237,0.92,92
monk_parakeets,monk_parakeets/pre-processed_calls/SBD_Austin.1001.0217-2_resamp.WAV,0,comb_noexempt,1616.5,80.9094042190629,80.9094042190629,1.0,0.8392277202523608,0.92,92
monk_parakeets,monk_parakeets/pre-processed_calls/SBD_Austin.1001.0217-2_resamp.WAV,2,comb,1616.5,188.27177856048573,188.27177856048573,1.0,0.770108684682338,0.92,92
monk_parakeets,monk_parakeets/pre-processed_calls/SBD_Austin.1001.0217-2_resamp.WAV,2,comb_noexempt,1616.5,1722.1350477093702,112.14140144530992,0.0,0.42971202365243394,0.92,92
monk_parakeets,monk_parakeets/pre-processed_calls/SBD_Austin.1001.0217-2_resamp.WAV,2,pyin,1616.5,1251.3490043993975,51.349004399397344,0.0,,0.02,2
monk_parakeets,monk_parakeets/pre-processed_calls/SBD_Austin.1001.0217-2_resamp.WAV,4,comb,1616.5,566.0266367444412,184.20286987632807,1.0,0.47971714394217113,0.92,92
monk_parakeets,monk_parakeets/pre-processed_calls/SBD_Austin.1001.0217-2_resamp.WAV,4,comb_noexempt,1616.5,1575.9938988713288,180.1168279005333,0.0,-0.2936424595739154,0.92,92
monk_parakeets,monk_parakeets/pre-processed_calls/SBD_Austin.1001.0217-2_resamp.WAV,6,comb,1616.5,897.2760523958304,262.6902823860329,0.0,-0.5872524699134171,0.92,92
monk_parakeets,monk_parakeets/pre-processed_calls/SBD_Austin.1001.0217-2_resamp.WAV,6,comb_noexempt,1616.5,2175.9133058229418,216.64318803840942,0.0,0.7016703783384842,0.92,92
monk_parakeets,monk_parakeets/pre-processed_calls/SBD_Austin.1001.0217-2_resamp.WAV,6,pyin,1616.5,741.7903997101624,458.20960028983757,0.0,-3.2477414857293097e-15,0.06,6
monk_parakeets,monk_parakeets/pre-processed_calls/SBD_Austin.1001.0715_resamp.WAV,0,comb,1405.52074575,87.99287660654608,87.99287660654608,1.0,0.8132118718722414,0.9,90
monk_parakeets,monk_parakeets/pre-processed_calls/SBD_Austin.1001.0715_resamp.WAV,0,comb_noexempt,1405.52074575,93.35052616294368,93.35052616294368,1.0,0.8117861087672099,0.9,90
monk_parakeets,monk_parakeets/pre-processed_calls/SBD_Austin.1001.0715_resamp.WAV,0,pyin,1405.52074575,69.0676446993785,69.0676446993785,1.0,,0.01,1
monk_parakeets,monk_parakeets/pre-processed_calls/SBD_Austin.1001.0715_resamp.WAV,2,comb,1405.52074575,279.36181787696466,279.36181787696466,1.0,0.8646863065421534,0.9,90
monk_parakeets,monk_parakeets/pre-processed_calls/SBD_Austin.1001.0715_resamp.WAV,2,comb_noexempt,1405.52074575,1843.4903364398428,79.11284945926101,0.0,0.049960539744683445,0.9,90
monk_parakeets,monk_parakeets/pre-processed_calls/SBD_Austin.1001.0715_resamp.WAV,2,pyin,1405.52074575,1148.8592324307983,51.14076756920164,0.0,,0.04,4
monk_parakeets,monk_parakeets/pre-processed_calls/SBD_Austin.1001.0715_resamp.WAV,4,comb,1405.52074575,429.6794147031561,144.53242308808558,1.0,-0.08253552866031127,0.9,90
monk_parakeets,monk_parakeets/pre-processed_calls/SBD_Austin.1001.0715_resamp.WAV,4,comb_noexempt,1405.52074575,1671.2827123480424,76.22620541975002,0.0,0.8401098904891832,0.9,90
monk_parakeets,monk_parakeets/pre-processed_calls/SBD_Austin.1001.0715_resamp.WAV,6,comb,1405.52074575,379.7174814201726,229.85348508719943,1.0,0.6586355063382617,0.9,90
monk_parakeets,monk_parakeets/pre-processed_calls/SBD_Austin.1001.0715_resamp.WAV,6,comb_noexempt,1405.52074575,1951.3228635835198,83.71146937394573,0.0,-0.4940585490526223,0.9,90
monk_parakeets,monk_parakeets/pre-processed_calls/SBD_Austin.1001.0715_resamp.WAV,6,pyin,1405.52074575,127.14001060452496,127.14001060452496,1.0,-4.2810932768299906e-16,0.07,7
monk_parakeets,monk_parakeets/pre-processed_calls/SBD_Austin.1002.0180_resamp.WAV,0,comb,1841.079044,497.0560272371639,133.13469584633907,1.0,0.598309747191168,0.96,96
monk_parakeets,monk_parakeets/pre-processed_calls/SBD_Austin.1002.0180_resamp.WAV,0,comb_noexempt,1841.079044,101.49463448791347,101.49463448791347,1.0,0.8409360459687244,0.96,96
monk_parakeets,monk_parakeets/pre-processed_calls/SBD_Austin.1002.0180_resamp.WAV,2,comb,1841.079044,481.0640600020171,149.20600819270032,1.0,0.6306963809786957,0.96,96
monk_parakeets,monk_parakeets/pre-processed_calls/SBD_Austin.1002.0180_resamp.WAV,2,comb_noexempt,1841.079044,1568.994978017328,110.03787270880872,0.0,0.6841591682713828,0.96,96
monk_parakeets,monk_parakeets/pre-processed_calls/SBD_Austin.1002.0180_resamp.WAV,4,comb,1841.079044,584.7546012797695,181.87886509991574,1.0,0.007523184971028009,0.96,96
monk_parakeets,monk_parakeets/pre-processed_calls/SBD_Austin.1002.0180_resamp.WAV,4,comb_noexempt,1841.079044,1508.3197828140696,135.18566235020648,0.0,0.6083166397473125,0.96,96
monk_parakeets,monk_parakeets/pre-processed_calls/SBD_Austin.1002.0180_resamp.WAV,6,comb,1841.079044,558.5946647155356,188.677271611839,1.0,0.7538337563120859,0.96,96
monk_parakeets,monk_parakeets/pre-processed_calls/SBD_Austin.1002.0180_resamp.WAV,6,comb_noexempt,1841.079044,2010.2951114323514,174.50530321778027,0.0,0.43335715205909375,0.96,96
monk_parakeets,monk_parakeets/pre-processed_calls/SBD_Austin.1002.0180_resamp.WAV,6,pyin,1841.079044,52.07945471335328,52.07945471335328,1.0,,0.05,5
monk_parakeets,monk_parakeets/pre-processed_calls/SBD_Austin.1009.0085_resamp.WAV,0,comb,1737.7923008677099,435.37236394670845,100.70364634062794,1.0,0.544233689819848,1.0,100
monk_parakeets,monk_parakeets/pre-processed_calls/SBD_Austin.1009.0085_resamp.WAV,0,comb_noexempt,1737.7923008677099,417.7905806245741,97.22407382141938,1.0,0.5197737339778346,1.0,100
monk_parakeets,monk_parakeets/pre-processed_calls/SBD_Austin.1009.0085_resamp.WAV,2,comb,1737.7923008677099,395.8109734026662,107.17154052072297,1.0,0.5773122704892354,1.0,100
monk_parakeets,monk_parakeets/pre-processed_calls/SBD_Austin.1009.0085_resamp.WAV,2,comb_noexempt,1737.7923008677099,1654.8031192615697,176.57725052323505,0.0,0.40998832689859854,1.0,100
monk_parakeets,monk_parakeets/pre-processed_calls/SBD_Austin.1009.0085_resamp.WAV,2,pyin,1737.7923008677099,1206.7805664721345,170.66838430155738,0.0,0.6989583101862019,0.52,52
monk_parakeets,monk_parakeets/pre-processed_calls/SBD_Austin.1009.0085_resamp.WAV,4,comb,1737.7923008677099,458.302520831016,126.87891920095812,1.0,0.24021770598164233,1.0,100
monk_parakeets,monk_parakeets/pre-processed_calls/SBD_Austin.1009.0085_resamp.WAV,4,comb_noexempt,1737.7923008677099,1446.3955275481837,135.4077455076762,0.0,0.7001775956383566,1.0,100
monk_parakeets,monk_parakeets/pre-processed_calls/SBD_Austin.1009.0085_resamp.WAV,6,comb,1737.7923008677099,1467.8432755425092,167.0430733844227,0.0,-0.4414896127775241,1.0,100
monk_parakeets,monk_parakeets/pre-processed_calls/SBD_Austin.1009.0085_resamp.WAV,6,comb_noexempt,1737.7923008677099,2101.5928228100993,161.93943112294681,0.0,0.6349238113529955,1.0,100
monk_parakeets,monk_parakeets/pre-processed_calls/SBD_Austin2.1013.0130_resamp.WAV,0,comb,1724.6428183642774,509.97744939982704,325.0469240935324,1.0,0.5483609361023101,0.97,97
monk_parakeets,monk_parakeets/pre-processed_calls/SBD_Austin2.1013.0130_resamp.WAV,0,comb_noexempt,1724.6428183642774,1428.667632449123,202.82369137537788,0.0,0.477052435385106,0.97,97
monk_parakeets,monk_parakeets/pre-processed_calls/SBD_Austin2.1013.0130_resamp.WAV,0,pyin,1724.6428183642774,56.49248324202504,56.49248324202504,1.0,,0.03,3
monk_parakeets,monk_parakeets/pre-processed_calls/SBD_Austin2.1013.0130_resamp.WAV,2,comb,1724.6428183642774,555.9007281630375,255.99027548377038,1.0,0.0386452064722556,0.97,97
monk_parakeets,monk_parakeets/pre-processed_calls/SBD_Austin2.1013.0130_resamp.WAV,2,comb_noexempt,1724.6428183642774,1693.4548549281603,156.61470284119017,0.0,-0.151296880263602,0.97,97
monk_parakeets,monk_parakeets/pre-processed_calls/SBD_Austin2.1013.0130_resamp.WAV,2,pyin,1724.6428183642774,66.49248324202512,66.49248324202512,1.0,,0.02,2
monk_parakeets,monk_parakeets/pre-processed_calls/SBD_Austin2.1013.0130_resamp.WAV,4,comb,1724.6428183642774,1234.556847666857,159.6379886594703,0.0,0.6897432383844637,0.97,97
monk_parakeets,monk_parakeets/pre-processed_calls/SBD_Austin2.1013.0130_resamp.WAV,4,comb_noexempt,1724.6428183642774,1522.6213425339208,200.39377963596056,0.0,0.3058096890686943,0.97,97
monk_parakeets,monk_parakeets/pre-processed_calls/SBD_Austin2.1013.0130_resamp.WAV,4,pyin,1724.6428183642774,1843.5075167579746,58.447484107413004,0.0,6.773553278856114e-15,0.06,6
monk_parakeets,monk_parakeets/pre-processed_calls/SBD_Austin2.1013.0130_resamp.WAV,6,comb,1724.6428183642774,649.6310671485915,217.86858739160795,1.0,-0.7048113497384143,0.97,97
monk_parakeets,monk_parakeets/pre-processed_calls/SBD_Austin2.1013.0130_resamp.WAV,6,comb_noexempt,1724.6428183642774,2054.034531159284,175.32903223744458,0.0,0.5437834718183011,0.97,97
monk_parakeets,monk_parakeets/pre-processed_calls/SBD_Austin2.1013.0130_resamp.WAV,6,pyin,1724.6428183642774,106.49248324202524,106.49248324202524,1.0,,0.05,5
monk_parakeets,monk_parakeets/pre-processed_calls/SBD_Austin2.1026.0320_resamp.WAV,0,comb,1699.3400932722375,302.40775238963187,289.79685649742964,1.0,0.7624662578845823,0.92,92
monk_parakeets,monk_parakeets/pre-processed_calls/SBD_Austin2.1026.0320_resamp.WAV,0,comb_noexempt,1699.3400932722375,1472.4600206294958,195.32378710744757,0.0,0.1353010741035175,0.92,92
monk_parakeets,monk_parakeets/pre-processed_calls/SBD_Austin2.1026.0320_resamp.WAV,0,pyin,1699.3400932722375,2472.0335481291645,72.03354812916444,0.0,,0.03,3
monk_parakeets,monk_parakeets/pre-processed_calls/SBD_Austin2.1026.0320_resamp.WAV,2,comb,1699.3400932722375,290.8254299528617,262.26814857486335,1.0,0.7618080366456774,0.92,92
monk_parakeets,monk_parakeets/pre-processed_calls/SBD_Austin2.1026.0320_resamp.WAV,2,comb_noexempt,1699.3400932722375,1549.2873319696791,139.2088626448727,0.0,0.5467365096956143,0.92,92
monk_parakeets,monk_parakeets/pre-processed_calls/SBD_Austin2.1026.0320_resamp.WAV,2,pyin,1699.3400932722375,1171.6976233554237,64.84700786947477,0.0,,0.06,6
monk_parakeets,monk_parakeets/pre-processed_calls/SBD_Austin2.1026.0320_resamp.WAV,4,comb,1699.3400932722375,546.6024311301853,222.92272313227312,1.0,0.04463328781993911,0.92,92
monk_parakeets,monk_parakeets/pre-processed_calls/SBD_Austin2.1026.0320_resamp.WAV,4,comb_noexempt,1699.3400932722375,1530.382795158862,132.3798395471701,0.0,0.7000672231945682,0.92,92
monk_parakeets,monk_parakeets/pre-processed_calls/SBD_Austin2.1026.0320_resamp.WAV,6,comb,1699.3400932722375,522.4312726494493,306.637788635869,1.0,0.6392893244127891,0.92,92
monk_parakeets,monk_parakeets/pre-processed_calls/SBD_Austin2.1026.0320_resamp.WAV,6,comb_noexempt,1699.3400932722375,2125.1712935857577,204.07757963171224,0.0,0.25543798287365205,0.9,90
monk_parakeets,monk_parakeets/pre-processed_calls/SBD_Austin2.1026.0320_resamp.WAV,6,pyin,1699.3400932722375,1079.6189883707762,165.0101417989676,0.0,,0.06,6
monk_parakeets,monk_parakeets/pre-processed_calls/SBD_Connecticut.1004.1229_resamp.WAV,0,comb,1451.3733873702126,238.90187869734825,125.98711018672194,1.0,0.3457694419381087,0.96,96
monk_parakeets,monk_parakeets/pre-processed_calls/SBD_Connecticut.1004.1229_resamp.WAV,0,comb_noexempt,1451.3733873702126,242.64916709272117,139.12470048885828,1.0,0.4152150072736802,0.96,96
monk_parakeets,monk_parakeets/pre-processed_calls/SBD_Connecticut.1004.1229_resamp.WAV,2,comb,1451.3733873702126,275.5191748176229,173.07469266599986,1.0,0.33903344864996476,0.96,96
monk_parakeets,monk_parakeets/pre-processed_calls/SBD_Connecticut.1004.1229_resamp.WAV,2,comb_noexempt,1451.3733873702126,1941.0311027227094,141.45266294713434,0.0,-0.3084497893788564,0.96,96
monk_parakeets,monk_parakeets/pre-processed_calls/SBD_Connecticut.1004.1229_resamp.WAV,2,pyin,1451.3733873702126,1425.5651380155316,111.82850588866785,0.0,0.36724158785341304,0.45,45
monk_parakeets,monk_parakeets/pre-processed_calls/SBD_Connecticut.1004.1229_resamp.WAV,4,comb,1451.3733873702126,281.37130487231036,184.91322158427045,1.0,0.3330582482464171,0.96,96
monk_parakeets,monk_parakeets/pre-processed_calls/SBD_Connecticut.1004.1229_resamp.WAV,4,comb_noexempt,1451.3733873702126,1361.3431938837502,295.5891917512821,0.0,0.4904695047199854,0.96,96
monk_parakeets,monk_parakeets/pre-processed_calls/SBD_Connecticut.1004.1229_resamp.WAV,6,comb,1451.3733873702126,489.4977847102418,221.40337876267574,1.0,0.5050444306650338,0.96,96
monk_parakeets,monk_parakeets/pre-processed_calls/SBD_Connecticut.1004.1229_resamp.WAV,6,comb_noexempt,1451.3733873702126,2074.4200270164893,131.34966734383443,0.0,-0.22265592314973015,0.96,96
monk_parakeets,monk_parakeets/pre-processed_calls/SBD_Miami.BaptistH1.1164_resamp.WAV,0,comb,1932.125164119035,165.0001931883054,97.96629423899624,1.0,0.34268987497715014,0.95,95
monk_parakeets,monk_parakeets/pre-processed_calls/SBD_Miami.BaptistH1.1164_resamp.WAV,0,comb_noexempt,1932.125164119035,131.47449455678728,102.18195566467006,1.0,0.2432453042077966,0.93,93
monk_parakeets,monk_parakeets/pre-processed_calls/SBD_Miami.BaptistH1.1164_resamp.WAV,2,comb,1932.125164119035,266.7998756331771,153.49289225698752,1.0,0.39089608263209424,0.95,95
monk_parakeets,monk_parakeets/pre-processed_calls/SBD_Miami.BaptistH1.1164_resamp.WAV,2,comb_noexempt,1932.125164119035,273.87546432818704,161.13516281224096,1.0,-0.24657415204604488,0.93,93
monk_parakeets,monk_parakeets/pre-processed_calls/SBD_Miami.BaptistH1.1164_resamp.WAV,4,comb,1932.125164119035,1571.9602558200017,156.68602241992141,0.0,-0.3848059983240905,0.95,95
monk_parakeets,monk_parakeets/pre-processed_calls/SBD_Miami.BaptistH1.1164_resamp.WAV,4,comb_noexempt,1932.125164119035,1425.9158212045738,125.13546269106953,0.0,-0.2582484572261892,0.94,94
monk_parakeets,monk_parakeets/pre-processed_calls/SBD_Miami.BaptistH1.1164_resamp.WAV,6,comb,1932.125164119035,1838.9771963377527,131.8064512390296,0.0,0.6343166879616234,0.95,95
monk_parakeets,monk_parakeets/pre-processed_calls/SBD_Miami.BaptistH1.1164_resamp.WAV,6,comb_noexempt,1932.125164119035,1435.0313324866788,133.8423323882956,0.0,-0.237040627860817,0.94,94
monk_parakeets,monk_parakeets/pre-processed_calls/SBD_Miami.BaptistH2.0702_resamp.WAV,0,comb,1895.2870400000002,298.0702035362666,171.02138475357356,1.0,-0.4687801893353795,1.0,100
monk_parakeets,monk_parakeets/pre-processed_calls/SBD_Miami.BaptistH2.0702_resamp.WAV,0,comb_noexempt,1895.2870400000002,267.13628229911484,126.36099569659115,1.0,-0.651695203062601,1.0,100
monk_parakeets,monk_parakeets/pre-processed_calls/SBD_Miami.BaptistH2.0702_resamp.WAV,2,comb,1895.2870400000002,1334.1712488039668,253.83432917717482,0.0,0.2787773984172771,1.0,100
monk_parakeets,monk_parakeets/pre-processed_calls/SBD_Miami.BaptistH2.0702_resamp.WAV,2,comb_noexempt,1895.2870400000002,1914.1924472865862,249.78708751467283,0.0,-0.10975327380350042,1.0,100
monk_parakeets,monk_parakeets/pre-processed_calls/SBD_Miami.BaptistH2.0702_resamp.WAV,4,comb,1895.2870400000002,885.375799052392,204.9686567029541,0.0,-0.6435504882434948,1.0,100
monk_parakeets,monk_parakeets/pre-processed_calls/SBD_Miami.BaptistH2.0702_resamp.WAV,4,comb_noexempt,1895.2870400000002,1454.1689840590343,150.349692533037,0.0,0.2755777025760509,1.0,100
monk_parakeets,monk_parakeets/pre-processed_calls/SBD_Miami.BaptistH2.0702_resamp.WAV,6,comb,1895.2870400000002,1606.6337269726682,154.5521249969353,0.0,0.20554196973654193,1.0,100
monk_parakeets,monk_parakeets/pre-processed_calls/SBD_Miami.BaptistH2.0702_resamp.WAV,6,comb_noexempt,1895.2870400000002,1996.5425169372759,157.07157658279462,0.0,0.61721336023441,1.0,100
monk_parakeets,monk_parakeets/pre-processed_calls/SBD_NewOrleans.1005.0812_resamp.WAV,0,comb,1800.5509936404073,689.4061788862003,201.4818505551072,0.0,0.8060742468706471,0.98,98
monk_parakeets,monk_parakeets/pre-processed_calls/SBD_NewOrleans.1005.0812_resamp.WAV,0,comb_noexempt,1800.5509936404073,140.1036926429586,140.1036926429586,1.0,0.7995169530846862,0.98,98
monk_parakeets,monk_parakeets/pre-processed_calls/SBD_NewOrleans.1005.0812_resamp.WAV,2,comb,1800.5509936404073,1152.726717309472,250.81231403604545,0.0,0.6755828943472229,0.98,98
monk_parakeets,monk_parakeets/pre-processed_calls/SBD_NewOrleans.1005.0812_resamp.WAV,2,comb_noexempt,1800.5509936404073,1752.2590904449871,147.09097966815878,0.0,-0.6753672371614439,0.98,98
monk_parakeets,monk_parakeets/pre-processed_calls/SBD_NewOrleans.1005.0812_resamp.WAV,2,pyin,1800.5509936404073,1210.834461397594,45.337289751289845,0.0,-0.9282459600295772,0.17,17
monk_parakeets,monk_parakeets/pre-processed_calls/SBD_NewOrleans.1005.0812_resamp.WAV,4,comb,1800.5509936404073,1378.9565530505429,124.50184827175573,0.0,0.5967119281651106,0.98,98
monk_parakeets,monk_parakeets/pre-processed_calls/SBD_NewOrleans.1005.0812_resamp.WAV,4,comb_noexempt,1800.5509936404073,1647.6331648281812,110.4728135689101,0.0,0.34976196574186214,0.98,98
monk_parakeets,monk_parakeets/pre-processed_calls/SBD_NewOrleans.1005.0812_resamp.WAV,6,comb,1800.5509936404073,805.7701854809451,232.68063222974845,0.0,0.5622485394881571,0.98,98
monk_parakeets,monk_parakeets/pre-processed_calls/SBD_NewOrleans.1005.0812_resamp.WAV,6,comb_noexempt,1800.5509936404073,2014.1185211421619,235.8250093606016,0.0,0.3383554112882539,0.96,96
monk_parakeets,monk_parakeets/pre-processed_calls/SBD_NewOrleans.1006.0003_resamp.WAV,0,comb,1162.9223213209202,970.4458133031228,209.13112353200177,0.0,0.33822181965761544,0.98,98
monk_parakeets,monk_parakeets/pre-processed_calls/SBD_NewOrleans.1006.0003_resamp.WAV,0,comb_noexempt,1162.9223213209202,965.3889348225077,232.08860398700156,0.0,0.39119174808565016,0.97,97
monk_parakeets,monk_parakeets/pre-processed_calls/SBD_NewOrleans.1006.0003_resamp.WAV,0,pyin,1162.9223213209202,1074.1679297629676,125.83207023703253,0.0,0.46222051563655286,0.48,48
monk_parakeets,monk_parakeets/pre-processed_calls/SBD_NewOrleans.1006.0003_resamp.WAV,2,comb,1162.9223213209202,178.74951789127067,159.65006842343502,1.0,0.22795246866135008,0.98,98
monk_parakeets,monk_parakeets/pre-processed_calls/SBD_NewOrleans.1006.0003_resamp.WAV,2,comb_noexempt,1162.9223213209202,1871.6903626414032,89.13614298126726,0.0,0.09877546804180502,0.98,98
monk_parakeets,monk_parakeets/pre-processed_calls/SBD_NewOrleans.1006.0003_resamp.WAV,2,pyin,1162.9223213209202,1049.175865115579,150.82413488442103,0.0,0.39820171295017504,0.5,50
monk_parakeets,monk_parakeets/pre-processed_calls/SBD_NewOrleans.1006.0003_resamp.WAV,4,comb,1162.9223213209202,200.18673509616934,192.30694930988926,1.0,0.056515821077930344,0.98,98
monk_parakeets,monk_parakeets/pre-processed_calls/SBD_NewOrleans.1006.0003_resamp.WAV,4,comb_noexempt,1162.9223213209202,2820.738668302406,420.73866830240587,0.0,0.28027232669560015,0.98,98
monk_parakeets,monk_parakeets/pre-processed_calls/SBD_NewOrleans.1006.0003_resamp.WAV,6,comb,1162.9223213209202,192.51735868752777,189.35522073192416,1.0,-0.2587813795188866,0.98,98
monk_parakeets,monk_parakeets/pre-processed_calls/SBD_NewOrleans.1006.0003_resamp.WAV,6,comb_noexempt,1162.9223213209202,2025.9776391813175,124.70018742219169,0.0,-0.30383528305141627,0.97,97
monk_parakeets,monk_parakeets/pre-processed_calls/SBD_NewOrleans.1008.0501_resamp.WAV,0,comb,1642.056776525665,378.4245094603861,161.82960726444867,1.0,0.6435251575264751,0.98,98
monk_parakeets,monk_parakeets/pre-processed_calls/SBD_NewOrleans.1008.0501_resamp.WAV,0,comb_noexempt,1642.056776525665,470.8752397587212,132.96107811531186,1.0,0.5490901564471434,0.98,98
monk_parakeets,monk_parakeets/pre-processed_calls/SBD_NewOrleans.1008.0501_resamp.WAV,2,comb,1642.056776525665,410.89076216333507,157.6742622432955,1.0,0.6791235836325052,0.98,98
monk_parakeets,monk_parakeets/pre-processed_calls/SBD_NewOrleans.1008.0501_resamp.WAV,2,comb_noexempt,1642.056776525665,1710.6450345483886,173.43664004174445,0.0,0.4299509111212832,0.98,98
monk_parakeets,monk_parakeets/pre-processed_calls/SBD_NewOrleans.1008.0501_resamp.WAV,2,pyin,1642.056776525665,1838.8393521387843,124.25837365982937,0.0,0.4920046384041392,0.94,94
monk_parakeets,monk_parakeets/pre-processed_calls/SBD_NewOrleans.1008.0501_resamp.WAV,4,comb,1642.056776525665,737.6424940557313,282.37703136253845,0.0,0.5606230271770881,0.98,98
monk_parakeets,monk_parakeets/pre-processed_calls/SBD_NewOrleans.1008.0501_resamp.WAV,4,comb_noexempt,1642.056776525665,1541.2133127415216,152.36215108913382,0.0,0.6129553573359845,0.96,96
monk_parakeets,monk_parakeets/pre-processed_calls/SBD_NewOrleans.1008.0501_resamp.WAV,6,comb,1642.056776525665,548.9097947064286,189.46683900045724,1.0,0.030096955999737045,0.98,98
monk_parakeets,monk_parakeets/pre-processed_calls/SBD_NewOrleans.1008.0501_resamp.WAV,6,comb_noexempt,1642.056776525665,2081.3821954082223,158.60688375702713,0.0,-0.30267838161840555,0.98,98
monk_parakeets,monk_parakeets/pre-processed_calls/SBD_NewOrleans.1012.0044_resamp.WAV,0,comb,2033.3360644872048,906.3020165479059,198.45971289634366,0.0,0.8513514929285017,0.96,96
monk_parakeets,monk_parakeets/pre-processed_calls/SBD_NewOrleans.1012.0044_resamp.WAV,0,comb_noexempt,2033.3360644872048,1152.3695528240842,207.64654682158113,0.0,0.5394755075929557,0.96,96
monk_parakeets,monk_parakeets/pre-processed_calls/SBD_NewOrleans.1012.0044_resamp.WAV,0,pyin,2033.3360644872048,1217.222418513497,17.222418513496976,0.0,,0.02,2
monk_parakeets,monk_parakeets/pre-processed_calls/SBD_NewOrleans.1012.0044_resamp.WAV,2,comb,2033.3360644872048,1247.3123758506508,139.8891550552695,0.0,-0.48173706103035097,0.96,96
monk_parakeets,monk_parakeets/pre-processed_calls/SBD_NewOrleans.1012.0044_resamp.WAV,2,comb_noexempt,2033.3360644872048,1830.1726876025082,166.81511962146016,0.0,0.1872506438886665,0.96,96
monk_parakeets,monk_parakeets/pre-processed_calls/SBD_NewOrleans.1012.0044_resamp.WAV,2,pyin,2033.3360644872048,32.75504715633322,32.75504715633322,1.0,,0.04,4
monk_parakeets,monk_parakeets/pre-processed_calls/SBD_NewOrleans.1012.0044_resamp.WAV,4,comb,2033.3360644872048,943.0694936612069,214.0815544660884,0.0,0.8156248064599033,0.96,96
monk_parakeets,monk_parakeets/pre-processed_calls/SBD_NewOrleans.1012.0044_resamp.WAV,4,comb_noexempt,2033.3360644872048,1510.877155925914,177.2942165007919,0.0,0.36434170787798725,0.96,96
monk_parakeets,monk_parakeets/pre-processed_calls/SBD_NewOrleans.1012.0044_resamp.WAV,4,pyin,2033.3360644872048,1383.8001777148902,183.80017771489014,0.0,1.255353920792644e-15,0.06,6
monk_parakeets,monk_parakeets/pre-processed_calls/SBD_NewOrleans.1012.0044_resamp.WAV,6,comb,2033.3360644872048,1455.1276799570624,200.9047382330392,0.0,-0.1590059382726252,0.96,96
monk_parakeets,monk_parakeets/pre-processed_calls/SBD_NewOrleans.1012.0044_resamp.WAV,6,comb_noexempt,2033.3360644872048,1627.9452434284822,172.04913989626976,0.0,0.6588611664057402,0.96,96
monk_parakeets,monk_parakeets/pre-processed_calls/SBD_NewOrleans.1012.0044_resamp.WAV,6,pyin,2033.3360644872048,1120.1471660315335,160.75656844250432,0.0,,0.24,24
monk_parakeets,monk_parakeets/pre-processed_calls/SBD_NewOrleans.1013.0190_resamp.WAV,0,comb,1653.5,154.91735176105047,154.91735176105047,1.0,0.6026842285552957,0.93,93
monk_parakeets,monk_parakeets/pre-processed_calls/SBD_NewOrleans.1013.0190_resamp.WAV,0,comb_noexempt,1653.5,172.95144671107894,172.95144671107894,1.0,0.5539904295087724,0.93,93
monk_parakeets,monk_parakeets/pre-processed_calls/SBD_NewOrleans.1013.0190_resamp.WAV,0,pyin,1653.5,43.557444566762236,43.557444566762236,1.0,,0.01,1
monk_parakeets,monk_parakeets/pre-processed_calls/SBD_NewOrleans.1013.0190_resamp.WAV,2,comb,1653.5,194.26628417956198,186.12602399402581,1.0,0.5491811220975584,0.93,93
monk_parakeets,monk_parakeets/pre-processed_calls/SBD_NewOrleans.1013.0190_resamp.WAV,2,comb_noexempt,1653.5,1635.595491452459,87.56709492708957,0.0,-0.058769338886833986,0.93,93
monk_parakeets,monk_parakeets/pre-processed_calls/SBD_NewOrleans.1013.0190_resamp.WAV,2,pyin,1653.5,1150.3702154771731,49.629784522826725,0.0,,0.02,2
monk_parakeets,monk_parakeets/pre-processed_calls/SBD_NewOrleans.1013.0190_resamp.WAV,4,comb,1653.5,749.1631543927718,285.630343359165,0.0,-0.05319722659490405,0.93,93
monk_parakeets,monk_parakeets/pre-processed_calls/SBD_NewOrleans.1013.0190_resamp.WAV,4,comb_noexempt,1653.5,686.4403188604106,298.08698877176545,0.0,0.5102926481833594,0.92,92
monk_parakeets,monk_parakeets/pre-processed_calls/SBD_NewOrleans.1013.0190_resamp.WAV,4,pyin,1653.5,1907.943458106808,5.988457241420455,0.0,,0.06,6
monk_parakeets,monk_parakeets/pre-processed_calls/SBD_NewOrleans.1013.0190_resamp.WAV,6,comb,1653.5,1926.4278975203845,119.23197761891983,0.0,0.04541660108808365,0.93,93
monk_parakeets,monk_parakeets/pre-processed_calls/SBD_NewOrleans.1013.0190_resamp.WAV,6,comb_noexempt,1653.5,2097.643940597607,193.67461562765408,0.0,-0.4332207576071052,0.92,92
monk_parakeets,monk_parakeets/pre-processed_calls/SBD_NewOrleans.1013.0190_resamp.WAV,6,pyin,1653.5,1211.8594445847207,11.859444584720858,0.0,,0.07,7
monk_parakeets,monk_parakeets/pre-processed_calls/SBD_NewOrleans.1017.0149_resamp.WAV,0,comb,1652.25,115.50585653093403,115.50585653093403,1.0,0.7841249414809428,0.99,99
monk_parakeets,monk_parakeets/pre-processed_calls/SBD_NewOrleans.1017.0149_resamp.WAV,0,comb_noexempt,1652.25,632.38998428859,253.23119260601163,1.0,-0.5250388947209604,0.99,99
monk_parakeets,monk_parakeets/pre-processed_calls/SBD_NewOrleans.1017.0149_resamp.WAV,0,pyin,1652.25,13.769245841836,13.769245841836,1.0,,0.03,3
monk_parakeets,monk_parakeets/pre-processed_calls/SBD_NewOrleans.1017.0149_resamp.WAV,2,comb,1652.25,711.169714415074,270.02687006903517,0.0,0.45175739125013525,0.99,99
monk_parakeets,monk_parakeets/pre-processed_calls/SBD_NewOrleans.1017.0149_resamp.WAV,2,comb_noexempt,1652.25,1637.5090890281106,109.10242546651108,0.0,0.6539063665751622,0.99,99
monk_parakeets,monk_parakeets/pre-processed_calls/SBD_NewOrleans.1017.0149_resamp.WAV,2,pyin,1652.25,1230.7521709015623,30.752170901562252,0.0,,0.05,5
monk_parakeets,monk_parakeets/pre-processed_calls/SBD_NewOrleans.1017.0149_resamp.WAV,4,comb,1652.25,559.4005572232808,262.80421311248926,1.0,0.5381241544267273,0.99,99
monk_parakeets,monk_parakeets/pre-processed_calls/SBD_NewOrleans.1017.0149_resamp.WAV,4,comb_noexempt,1652.25,1545.0676034077846,153.84750354143114,0.0,-0.46809360822546003,0.98,98
monk_parakeets,monk_parakeets/pre-processed_calls/SBD_NewOrleans.1017.0149_resamp.WAV,6,comb,1652.25,519.5113307183044,231.69019010229664,1.0,0.6035609684272002,0.99,99
monk_parakeets,monk_parakeets/pre-processed_calls/SBD_NewOrleans.1017.0149_resamp.WAV,6,comb_noexempt,1652.25,2091.142999241543,201.07994874428624,0.0,-0.851053386599,0.99,99
monk_parakeets,monk_parakeets/pre-processed_calls/SBD_NewOrleans.1017.0149_resamp.WAV,6,pyin,1652.25,1512.3602575827365,312.3602575827365,0.0,,0.05,5
monk_parakeets,monk_parakeets/pre-processed_calls/SBD_NewOrleans2.1001.1118_resamp.WAV,0,comb,1846.9407895,541.8941852025172,315.69342783517504,1.0,0.39009268526447166,1.0,100
monk_parakeets,monk_parakeets/pre-processed_calls/SBD_NewOrleans2.1001.1118_resamp.WAV,0,comb_noexempt,1846.9407895,428.2972341600936,219.36464136680485,1.0,-0.4335359340037666,1.0,100
monk_parakeets,monk_parakeets/pre-processed_calls/SBD_NewOrleans2.1001.1118_resamp.WAV,2,comb,1846.9407895,465.31281366145095,310.0267864783021,1.0,0.5850991821950505,1.0,100
monk_parakeets,monk_parakeets/pre-processed_calls/SBD_NewOrleans2.1001.1118_resamp.WAV,2,comb_noexempt,1846.9407895,1736.0125751302148,154.524571593747,0.0,-0.6909731907297438,1.0,100
monk_parakeets,monk_parakeets/pre-processed_calls/SBD_NewOrleans2.1001.1118_resamp.WAV,4,comb,1846.9407895,813.455911241871,266.9837176414868,0.0,-0.2221301339143538,1.0,100
monk_parakeets,monk_parakeets/pre-processed_calls/SBD_NewOrleans2.1001.1118_resamp.WAV,4,comb_noexempt,1846.9407895,1429.6635021408993,186.84353631485652,0.0,0.37081159488998033,1.0,100
monk_parakeets,monk_parakeets/pre-processed_calls/SBD_NewOrleans2.1001.1118_resamp.WAV,6,comb,1846.9407895,832.7627676422444,303.42026084383815,0.0,-0.19215501126146778,1.0,100
monk_parakeets,monk_parakeets/pre-processed_calls/SBD_NewOrleans2.1001.1118_resamp.WAV,6,comb_noexempt,1846.9407895,2041.2300912557032,219.503120174078,0.0,-0.043946873997525115,1.0,100
monk_parakeets,monk_parakeets/pre-processed_calls/SBD_NewOrleans2.1001.1269_resamp.WAV,0,comb,1623.252586,634.6308741134242,212.7043985584832,0.0,-0.3838747317129357,1.0,100
monk_parakeets,monk_parakeets/pre-processed_calls/SBD_NewOrleans2.1001.1269_resamp.WAV,0,comb_noexempt,1623.252586,615.8746323370478,190.31808363790174,1.0,-0.22896497733927612,1.0,100
monk_parakeets,monk_parakeets/pre-processed_calls/SBD_NewOrleans2.1001.1269_resamp.WAV,2,comb,1623.252586,635.4127928943203,217.1343902108586,0.0,-0.4233960399490218,1.0,100
monk_parakeets,monk_parakeets/pre-processed_calls/SBD_NewOrleans2.1001.1269_resamp.WAV,2,comb_noexempt,1623.252586,1770.1734757644872,172.56981771767727,0.0,0.16363768467109083,1.0,100
monk_parakeets,monk_parakeets/pre-processed_calls/SBD_NewOrleans2.1001.1269_resamp.WAV,4,comb,1623.252586,1243.4002580630456,189.06770951136167,0.0,0.5664316539048081,1.0,100
monk_parakeets,monk_parakeets/pre-processed_calls/SBD_NewOrleans2.1001.1269_resamp.WAV,4,comb_noexempt,1623.252586,1766.3945906343326,172.66243571321172,0.0,0.17070775264746263,1.0,100
monk_parakeets,monk_parakeets/pre-processed_calls/SBD_NewOrleans2.1001.1269_resamp.WAV,6,comb,1623.252586,578.9233951686422,240.22869370572678,1.0,-0.3117153844652704,1.0,100
monk_parakeets,monk_parakeets/pre-processed_calls/SBD_NewOrleans2.1001.1269_resamp.WAV,6,comb_noexempt,1623.252586,2008.007023788931,144.12854309652073,0.0,-0.7526114380188275,1.0,100
monk_parakeets,monk_parakeets/pre-processed_calls/SBD_NewOrleans2.1003.0182_resamp.WAV,0,comb,1744.8849984379126,467.12947046482486,241.3340723661911,1.0,0.6729038948269952,1.0,100
monk_parakeets,monk_parakeets/pre-processed_calls/SBD_NewOrleans2.1003.0182_resamp.WAV,0,comb_noexempt,1744.8849984379126,700.2587022261239,191.01781588307148,1.0,-0.5599891274769038,1.0,100
monk_parakeets,monk_parakeets/pre-processed_calls/SBD_NewOrleans2.1003.0182_resamp.WAV,2,comb,1744.8849984379126,1392.1223532088652,175.755078691724,0.0,0.6853731848226177,1.0,100
monk_parakeets,monk_parakeets/pre-processed_calls/SBD_NewOrleans2.1003.0182_resamp.WAV,2,comb_noexempt,1744.8849984379126,1836.7106572919172,160.84460588985402,0.0,0.5917849872782731,1.0,100
monk_parakeets,monk_parakeets/pre-processed_calls/SBD_NewOrleans2.1003.0182_resamp.WAV,4,comb,1744.8849984379126,986.4084215387617,224.7089915966842,0.0,-0.6646667954200466,1.0,100
monk_parakeets,monk_parakeets/pre-processed_calls/SBD_NewOrleans2.1003.0182_resamp.WAV,4,comb_noexempt,1744.8849984379126,1380.1602466254812,219.92941766552508,0.0,-0.28742867481456463,1.0,100
monk_parakeets,monk_parakeets/pre-processed_calls/SBD_NewOrleans2.1003.0182_resamp.WAV,6,comb,1744.8849984379126,1068.5384166579192,185.24047747108648,0.0,-0.5311147950388425,1.0,100
monk_parakeets,monk_parakeets/pre-processed_calls/SBD_NewOrleans2.1003.0182_resamp.WAV,6,comb_noexempt,1744.8849984379126,2069.933704946774,208.71977786201649,0.0,-0.47558287140877986,1.0,100
monk_parakeets,monk_parakeets/pre-processed_calls/SBD_NewOrleans2.1003.0187_resamp.WAV,0,comb,1871.3986238981274,632.9412146892306,142.59817369183727,0.0,0.7145626995908235,1.0,100
monk_parakeets,monk_parakeets/pre-processed_calls/SBD_NewOrleans2.1003.0187_resamp.WAV,0,comb_noexempt,1871.3986238981274,1274.080706955281,187.5191749597923,0.0,0.002499213759496196,1.0,100
monk_parakeets,monk_parakeets/pre-processed_calls/SBD_NewOrleans2.1003.0187_resamp.WAV,2,comb,1871.3986238981274,974.9496548510706,248.8162384948,0.0,-0.10843831481172844,1.0,100
monk_parakeets,monk_parakeets/pre-processed_calls/SBD_NewOrleans2.1003.0187_resamp.WAV,2,comb_noexempt,1871.3986238981274,1754.098433329413,144.1084034118128,0.0,-0.12563927673675912,1.0,100
monk_parakeets,monk_parakeets/pre-processed_calls/SBD_NewOrleans2.1003.0187_resamp.WAV,2,pyin,1871.3986238981274,1188.5441188623486,65.2959940950004,0.0,0.647372690867989,0.1,10
monk_parakeets,monk_parakeets/pre-processed_calls/SBD_NewOrleans2.1003.0187_resamp.WAV,4,comb,1871.3986238981274,677.5160596476194,242.436704725807,0.0,0.7046737601529766,1.0,100
monk_parakeets,monk_parakeets/pre-processed_calls/SBD_NewOrleans2.1003.0187_resamp.WAV,4,comb_noexempt,1871.3986238981274,1610.7974279296614,166.34857775496187,0.0,0.4673995671117563,1.0,100
monk_parakeets,monk_parakeets/pre-processed_calls/SBD_NewOrleans2.1003.0187_resamp.WAV,6,comb,1871.3986238981274,737.281187490705,178.06729900920925,0.0,0.7113029405860536,1.0,100
monk_parakeets,monk_parakeets/pre-processed_calls/SBD_NewOrleans2.1003.0187_resamp.WAV,6,comb_noexempt,1871.3986238981274,1977.855366560222,159.03435136387424,0.0,-0.29852128322876725,1.0,100
monk_parakeets,monk_parakeets/pre-processed_calls/SBD_St1001001624_resamp.WAV,0,comb,1495.2489264640126,317.40786789084325,209.93179826092472,1.0,0.7168123290606343,1.0,100
monk_parakeets,monk_parakeets/pre-processed_calls/SBD_St1001001624_resamp.WAV,0,comb_noexempt,1495.2489264640126,175.16536903878082,175.16536903878082,1.0,0.6439767104792697,1.0,100
monk_parakeets,monk_parakeets/pre-processed_calls/SBD_St1001001624_resamp.WAV,2,comb,1495.2489264640126,311.58751191919407,228.15933742715262,1.0,0.7267061992185393,1.0,100
monk_parakeets,monk_parakeets/pre-processed_calls/SBD_St1001001624_resamp.WAV,2,comb_noexempt,1495.2489264640126,1893.3978202931446,95.23175424194002,0.0,0.7169365624805367,1.0,100
monk_parakeets,monk_parakeets/pre-processed_calls/SBD_St1001001624_resamp.WAV,2,pyin,1495.2489264640126,1417.0922230198812,87.28045536397653,0.0,0.08260891621883264,0.44,44
monk_parakeets,monk_parakeets/pre-processed_calls/SBD_St1001001624_resamp.WAV,4,comb,1495.2489264640126,369.36160611448145,228.08278791739914,1.0,0.6739541431098525,1.0,100
monk_parakeets,monk_parakeets/pre-processed_calls/SBD_St1001001624_resamp.WAV,4,comb_noexempt,1495.2489264640126,1454.6671015726106,266.11113035775054,0.0,-0.05505806170857885,1.0,100
monk_parakeets,monk_parakeets/pre-processed_calls/SBD_St1001001624_resamp.WAV,6,comb,1495.2489264640126,386.06741492504005,250.29730080411105,1.0,0.6901295937296493,1.0,100
monk_parakeets,monk_parakeets/pre-processed_calls/SBD_St1001001624_resamp.WAV,6,comb_noexempt,1495.2489264640126,2162.889467965011,203.98648508042976,0.0,0.38722644368166376,1.0,100
monk_parakeets,monk_parakeets/pre-processed_calls/SBD_St100109_resamp.WAV,0,comb,1679.0979131985998,523.6697013543824,148.5945087258714,1.0,0.5224307580618399,1.0,100
monk_parakeets,monk_parakeets/pre-processed_calls/SBD_St100109_resamp.WAV,0,comb_noexempt,1679.0979131985998,728.8596736995214,141.10877836267002,0.0,0.38934229266477993,1.0,100
monk_parakeets,monk_parakeets/pre-processed_calls/SBD_St100109_resamp.WAV,2,comb,1679.0979131985998,513.648249085406,159.3430910018259,1.0,0.5393311150207859,1.0,100
monk_parakeets,monk_parakeets/pre-processed_calls/SBD_St100109_resamp.WAV,2,comb_noexempt,1679.0979131985998,1898.1054618310045,113.13862987110988,0.0,0.7183692228477601,1.0,100
monk_parakeets,monk_parakeets/pre-processed_calls/SBD_St100109_resamp.WAV,2,pyin,1679.0979131985998,1411.4084159213328,82.16371343488363,0.0,0.030710456814811743,0.39,39
monk_parakeets,monk_parakeets/pre-processed_calls/SBD_St100109_resamp.WAV,4,comb,1679.0979131985998,1341.7477388972252,170.5735446093342,0.0,-0.6524056212762845,1.0,100
monk_parakeets,monk_parakeets/pre-processed_calls/SBD_St100109_resamp.WAV,4,comb_noexempt,1679.0979131985998,702.1890580879389,188.27004680823805,0.0,0.0034396954138178203,1.0,100
monk_parakeets,monk_parakeets/pre-processed_calls/SBD_St100109_resamp.WAV,6,comb,1679.0979131985998,1363.5409385621215,161.80578680250034,0.0,0.5291950451582611,1.0,100
monk_parakeets,monk_parakeets/pre-processed_calls/SBD_St100109_resamp.WAV,6,comb_noexempt,1679.0979131985998,2143.542203897572,214.22255002615248,0.0,-0.08432337841342792,1.0,100
long-billed_hermits,long-billed_hermits/44kKz_songtype_segment_analysis_sep_2019.wav_1.wav,0,comb,5950.4675455,1718.3384036062603,109.43070197253732,0.0,-0.4493242818446561,1.0,100
long-billed_hermits,long-billed_hermits/44kKz_songtype_segment_analysis_sep_2019.wav_1.wav,0,comb_noexempt,5950.4675455,126.08487749753576,108.73052068113822,1.0,0.6344117929784591,1.0,100
long-billed_hermits,long-billed_hermits/44kKz_songtype_segment_analysis_sep_2019.wav_1.wav,0,pyin,5950.4675455,73.61142599790902,73.61142599790902,1.0,0.8705785403635883,0.52,52
long-billed_hermits,long-billed_hermits/44kKz_songtype_segment_analysis_sep_2019.wav_1.wav,1,comb,5950.4675455,2752.657808452716,352.65780845271615,0.0,0.47934259438583154,1.0,100
long-billed_hermits,long-billed_hermits/44kKz_songtype_segment_analysis_sep_2019.wav_1.wav,1,comb_noexempt,5950.4675455,781.9007447819183,347.90577684420634,1.0,-0.4819123602387769,1.0,100
long-billed_hermits,long-billed_hermits/44kKz_songtype_segment_analysis_sep_2019.wav_1.wav,2,comb,5950.4675455,2680.1086138987193,292.24266219009456,0.0,0.27945501548964624,1.0,100
long-billed_hermits,long-billed_hermits/44kKz_songtype_segment_analysis_sep_2019.wav_1.wav,2,comb_noexempt,5950.4675455,1870.1840699653276,288.2423028783737,0.0,0.8163022809979023,1.0,100
long-billed_hermits,long-billed_hermits/44kKz_songtype_segment_analysis_sep_2019.wav_1.wav,2,pyin,5950.4675455,630.2118218679236,346.94461174727763,1.0,0.711952659117766,0.89,89
long-billed_hermits,long-billed_hermits/44kKz_songtype_segment_analysis_sep_2019.wav_1.wav,3,comb,5950.4675455,2833.6336931727265,433.63369317272645,0.0,0.08704194487287599,1.0,100
long-billed_hermits,long-billed_hermits/44kKz_songtype_segment_analysis_sep_2019.wav_1.wav,3,comb_noexempt,5950.4675455,2046.3918405436382,241.68797726790234,0.0,0.14988171527210575,1.0,100
long-billed_hermits,long-billed_hermits/44kKz_songtype_segment_analysis_sep_2019.wav_1.wav,3,pyin,5950.4675455,1076.8230099267716,218.58600818288159,0.0,0.1585916637376661,1.0,100
long-billed_hermits,long-billed_hermits/44kKz_songtype_segment_analysis_sep_2019.wav_100.wav,0,comb,3507.0056505000002,1281.2099277288662,92.63727831441898,1.0,-0.48414412263667966,1.0,100
long-billed_hermits,long-billed_hermits/44kKz_songtype_segment_analysis_sep_2019.wav_100.wav,0,comb_noexempt,3507.0056505000002,106.35924158562787,100.08267718638717,1.0,0.7682241086964442,1.0,100
long-billed_hermits,long-billed_hermits/44kKz_songtype_segment_analysis_sep_2019.wav_100.wav,0,pyin,3507.0056505000002,97.04038001296443,89.04025422970331,1.0,0.7491044463513288,0.83,83
long-billed_hermits,long-billed_hermits/44kKz_songtype_segment_analysis_sep_2019.wav_100.wav,1,comb,3507.0056505000002,1900.7156698158556,109.05781474825268,0.0,0.3131927793185038,1.0,100
long-billed_hermits,long-billed_hermits/44kKz_songtype_segment_analysis_sep_2019.wav_100.wav,1,comb_noexempt,3507.0056505000002,490.93338903803533,178.89126425317858,1.0,0.42794902020793146,1.0,100
long-billed_hermits,long-billed_hermits/44kKz_songtype_segment_analysis_sep_2019.wav_100.wav,1,pyin,3507.0056505000002,509.8545915549092,118.33072750300342,1.0,0.48012415557741805,0.75,75
long-billed_hermits,long-billed_hermits/44kKz_songtype_segment_analysis_sep_2019.wav_100.wav,2,comb,3507.0056505000002,1788.1351294854046,119.31307132296811,0.0,0.5423326993547505,1.0,100
long-billed_hermits,long-billed_hermits/44kKz_songtype_segment_analysis_sep_2019.wav_100.wav,2,comb_noexempt,3507.0056505000002,1688.0916239989315,93.61236022750434,0.0,0.154601476641418,1.0,100
long-billed_hermits,long-billed_hermits/44kKz_songtype_segment_analysis_sep_2019.wav_100.wav,2,pyin,3507.0056505000002,1769.1156415703638,109.08502375493083,0.0,-0.4025151173170636,1.0,100
long-billed_hermits,long-billed_hermits/44kKz_songtype_segment_analysis_sep_2019.wav_100.wav,3,comb,3507.0056505000002,1825.276633879345,190.21646148942295,0.0,-0.25068028157870653,1.0,100
long-billed_hermits,long-billed_hermits/44kKz_songtype_segment_analysis_sep_2019.wav_100.wav,3,comb_noexempt,3507.0056505000002,2292.4497902437697,158.86405831026275,0.0,0.6329188406727858,1.0,100
long-billed_hermits,long-billed_hermits/44kKz_songtype_segment_analysis_sep_2019.wav_100.wav,3,pyin,3507.0056505000002,2459.626439299792,245.25590498951073,0.0,-0.2121598917637565,1.0,100
long-billed_hermits,long-billed_hermits/44kKz_songtype_segment_analysis_sep_2019.wav_101.wav,0,comb,4110.83358973187,1286.4993126010982,100.84880638275659,0.0,-0.4213364441166473,1.0,100
long-billed_hermits,long-billed_hermits/44kKz_songtype_segment_analysis_sep_2019.wav_101.wav,0,comb_noexempt,4110.83358973187,111.81497737299333,109.01504924211949,1.0,0.6757849755075164,1.0,100
long-billed_hermits,long-billed_hermits/44kKz_songtype_segment_analysis_sep_2019.wav_101.wav,0,pyin,4110.83358973187,109.46960135811955,103.79808948547631,1.0,0.6205494220835992,0.61,61
long-billed_hermits,long-billed_hermits/44kKz_songtype_segment_analysis_sep_2019.wav_101.wav,1,comb,4110.83358973187,2137.856956672559,158.83660108255182,0.0,-0.37918038125545817,1.0,100
long-billed_hermits,long-billed_hermits/44kKz_songtype_segment_analysis_sep_2019.wav_101.wav,1,comb_noexempt,4110.83358973187,545.9138957128679,138.5489954839264,1.0,0.376633497306651,1.0,100
long-billed_hermits,long-billed_hermits/44kKz_songtype_segment_analysis_sep_2019.wav_101.wav,1,pyin,4110.83358973187,1016.2964088408054,201.9735301482972,0.0,-0.13386227551476768,0.95,95
long-billed_hermits,long-billed_hermits/44kKz_songtype_segment_analysis_sep_2019.wav_101.wav,2,comb,4110.83358973187,2082.8714044690314,174.0263837468114,0.0,0.06847761965669684,1.0,100
long-billed_hermits,long-billed_hermits/44kKz_songtype_segment_analysis_sep_2019.wav_101.wav,2,comb_noexempt,4110.83358973187,1637.1002854064936,169.26474353021572,0.0,0.6332130797133927,1.0,100
long-billed_hermits,long-billed_hermits/44kKz_songtype_segment_analysis_sep_2019.wav_101.wav,3,comb,4110.83358973187,2112.625637612997,182.09911813925078,0.0,0.1202892465821255,1.0,100
long-billed_hermits,long-billed_hermits/44kKz_songtype_segment_analysis_sep_2019.wav_101.wav,3,comb_noexempt,4110.83358973187,2192.527393732898,241.64203275683286,0.0,-0.11065438107696653,1.0,100
long-billed_hermits,long-billed_hermits/44kKz_songtype_segment_analysis_sep_2019.wav_103.wav,0,comb,4479.346137,1351.3320866996924,109.07149815907322,1.0,-0.6292098138525118,1.0,100
long-billed_hermits,long-billed_hermits/44kKz_songtype_segment_analysis_sep_2019.wav_103.wav,0,comb_noexempt,4479.346137,129.41652507635297,129.41652507635297,1.0,0.801614439707639,1.0,100
long-billed_hermits,long-billed_hermits/44kKz_songtype_segment_analysis_sep_2019.wav_103.wav,0,pyin,4479.346137,122.98019348834319,122.98019348834319,1.0,0.9408306462593484,0.91,91
long-billed_hermits,long-billed_hermits/44kKz_songtype_segment_analysis_sep_2019.wav_103.wav,1,comb,4479.346137,2161.292454063863,156.99423013531515,0.0,-0.16966632194086712,1.0,100
long-billed_hermits,long-billed_hermits/44kKz_songtype_segment_analysis_sep_2019.wav_103.wav,1,comb_noexempt,4479.346137,636.4477284553891,234.840976559323,0.0,0.4525969302299762,1.0,100
long-billed_hermits,long-billed_hermits/44kKz_songtype_segment_analysis_sep_2019.wav_103.wav,1,pyin,4479.346137,1160.596735866173,172.59076227818656,0.0,0.3434501897131216,0.72,72
long-billed_hermits,long-billed_hermits/44kKz_songtype_segment_analysis_sep_2019.wav_103.wav,2,comb,4479.346137,2321.8004928351247,196.92460355947762,0.0,-0.5214658148029678,1.0,100
long-billed_hermits,long-billed_hermits/44kKz_songtype_segment_analysis_sep_2019.wav_103.wav,2,comb_noexempt,4479.346137,1818.0863875591433,157.75766411032745,0.0,-0.39341413504666384,1.0,100
long-billed_hermits,long-billed_hermits/44kKz_songtype_segment_analysis_sep_2019.wav_103.wav,2,pyin,4479.346137,1916.7117670989173,140.3551786082512,0.0,0.4004396836124741,1.0,100
long-billed_hermits,long-billed_hermits/44kKz_songtype_segment_analysis_sep_2019.wav_103.wav,3,comb,4479.346137,2244.9034529969385,215.3013236569068,0.0,-0.33990594312847366,1.0,100
long-billed_hermits,long-billed_hermits/44kKz_songtype_segment_analysis_sep_2019.wav_103.wav,3,comb_noexempt,4479.346137,2308.670583011235,217.72573446338237,0.0,-0.07570357782212192,1.0,100
long-billed_hermits,long-billed_hermits/44kKz_songtype_segment_analysis_sep_2019.wav_104.wav,0,comb,4089.9782674999997,1208.0990930447174,80.53855603869394,0.0,-0.3806158788236682,1.0,100
long-billed_hermits,long-billed_hermits/44kKz_songtype_segment_analysis_sep_2019.wav_104.wav,0,comb_noexempt,4089.9782674999997,95.01317143360747,95.01317143360747,1.0,0.7919287104157824,1.0,100
long-billed_hermits,long-billed_hermits/44kKz_songtype_segment_analysis_sep_2019.wav_104.wav,0,pyin,4089.9782674999997,78.63001769433171,78.63001769433171,1.0,0.826847309845003,0.86,86
long-billed_hermits,long-billed_hermits/44kKz_songtype_segment_analysis_sep_2019.wav_104.wav,1,comb,4089.9782674999997,2014.4636220856014,116.08093608179466,0.0,-0.32043430946211815,1.0,100
long-billed_hermits,long-billed_hermits/44kKz_songtype_segment_analysis_sep_2019.wav_104.wav,1,comb_noexempt,4089.9782674999997,765.9837477509832,202.67714777144946,0.0,0.6727658868615797,1.0,100
long-billed_hermits,long-billed_hermits/44kKz_songtype_segment_analysis_sep_2019.wav_104.wav,1,pyin,4089.9782674999997,848.6522570536148,218.69423149606823,0.0,-0.7213994319060874,0.97,97
long-billed_hermits,long-billed_hermits/44kKz_songtype_segment_analysis_sep_2019.wav_104.wav,2,comb,4089.9782674999997,2165.8954891815038,112.5620474466037,0.0,-0.4017264185256977,1.0,100
long-billed_hermits,long-billed_hermits/44kKz_songtype_segment_analysis_sep_2019.wav_104.wav,2,comb_noexempt,4089.9782674999997,1962.3278542980615,127.50964833343056,0.0,0.6576976414148034,1.0,100
long-billed_hermits,long-billed_hermits/44kKz_songtype_segment_analysis_sep_2019.wav_104.wav,3,comb,4089.9782674999997,2102.9000136923223,171.89790291373652,0.0,0.1429431931578725,1.0,100
long-billed_hermits,long-billed_hermits/44kKz_songtype_segment_analysis_sep_2019.wav_104.wav,3,comb_noexempt,4089.9782674999997,2222.2514615180003,208.56238209703176,0.0,0.23510501179151647,1.0,100
long-billed_hermits,long-billed_hermits/44kKz_songtype_segment_analysis_sep_2019.wav_104.wav,3,pyin,4089.9782674999997,2299.901869729031,196.51832996660409,0.0,-0.5911898325051431,0.93,93
long-billed_hermits,long-billed_hermits/44kKz_songtype_segment_analysis_sep_2019.wav_106.wav,0,comb,4454.5573256725,2004.29789357299,108.80551025347035,0.0,-0.16945953880668552,1.0,100
long-billed_hermits,long-billed_hermits/44kKz_songtype_segment_analysis_sep_2019.wav_106.wav,0,comb_noexempt,4454.5573256725,96.54169840849772,95.90064461423023,1.0,0.7205550996378526,1.0,100
long-billed_hermits,long-billed_hermits/44kKz_songtype_segment_analysis_sep_2019.wav_106.wav,0,pyin,4454.5573256725,66.03077886306636,66.03077886306636,1.0,0.9002527906018328,0.68,68
long-billed_hermits,long-billed_hermits/44kKz_songtype_segment_analysis_sep_2019.wav_106.wav,1,comb,4454.5573256725,2205.6000162307027,130.95482830243037,0.0,0.5509563229731962,1.0,100
long-billed_hermits,long-billed_hermits/44kKz_songtype_segment_analysis_sep_2019.wav_106.wav,1,comb_noexempt,4454.5573256725,828.4062839745957,356.4705248414545,0.0,0.11987105481629634,1.0,100
long-billed_hermits,long-billed_hermits/44kKz_songtype_segment_analysis_sep_2019.wav_106.wav,1,pyin,4454.5573256725,1008.6513669287917,223.34215048705886,0.0,0.41262412967462897,1.0,100
long-billed_hermits,long-billed_hermits/44kKz_songtype_segment_analysis_sep_2019.wav_106.wav,2,comb,4454.5573256725,2145.049640829964,173.3709133663976,0.0,0.33664918060053234,1.0,100
long-billed_hermits,long-billed_hermits/44kKz_songtype_segment_analysis_sep_2019.wav_106.wav,2,comb_noexempt,4454.5573256725,1872.1041737350638,158.63104236842634,0.0,0.6719954995056499,1.0,100
long-billed_hermits,long-billed_hermits/44kKz_songtype_segment_analysis_sep_2019.wav_106.wav,2,pyin,4454.5573256725,2020.6063192994302,133.08059756999594,0.0,0.57332280577625,1.0,100
long-billed_hermits,long-billed_hermits/44kKz_songtype_segment_analysis_sep_2019.wav_106.wav,3,comb,4454.5573256725,2235.5480182334886,87.76139779218472,0.0,-0.1363181333738927,1.0,100
long-billed_hermits,long-billed_hermits/44kKz_songtype_segment_analysis_sep_2019.wav_106.wav,3,comb_noexempt,4454.5573256725,2327.2556857803365,210.87566513095345,0.0,0.1459681278629007,1.0,100
long-billed_hermits,long-billed_hermits/44kKz_songtype_segment_analysis_sep_2019.wav_108.wav,0,comb,3150.652433195045,115.33408601888638,109.97943478047713,1.0,0.6221434179471981,1.0,100
long-billed_hermits,long-billed_hermits/44kKz_songtype_segment_analysis_sep_2019.wav_108.wav,0,comb_noexempt,3150.652433195045,110.37423973409678,108.29112690153731,1.0,0.6516974389515195,1.0,100
long-billed_hermits,long-billed_hermits/44kKz_songtype_segment_analysis_sep_2019.wav_108.wav,0,pyin,3150.652433195045,77.42798802691816,77.42798802691816,1.0,,0.04,4
long-billed_hermits,long-billed_hermits/44kKz_songtype_segment_analysis_sep_2019.wav_108.wav,1,comb,3150.652433195045,1704.9727070937283,133.30597088659493,0.0,-0.3612159552843926,1.0,100
long-billed_hermits,long-billed_hermits/44kKz_songtype_segment_analysis_sep_2019.wav_108.wav,1,comb_noexempt,3150.652433195045,1072.7397446898917,106.96499922253513,0.0,0.5232824554349849,1.0,100
long-billed_hermits,long-billed_hermits/44kKz_songtype_segment_analysis_sep_2019.wav_108.wav,1,pyin,3150.652433195045,77.42798802691816,77.42798802691816,1.0,,0.03,3
long-billed_hermits,long-billed_hermits/44kKz_songtype_segment_analysis_sep_2019.wav_108.wav,2,comb,3150.652433195045,1708.8416797117425,175.57738231776625,0.0,-0.46299711457808335,1.0,100
long-billed_hermits,long-billed_hermits/44kKz_songtype_segment_analysis_sep_2019.wav_108.wav,2,comb_noexempt,3150.652433195045,1779.1013569658721,130.36908868141495,0.0,0.5617941541164134,1.0,100
long-billed_hermits,long-billed_hermits/44kKz_songtype_segment_analysis_sep_2019.wav_108.wav,2,pyin,3150.652433195045,1920.2118218679234,18.256821002535688,0.0,,0.04,4
long-billed_hermits,long-billed_hermits/44kKz_songtype_segment_analysis_sep_2019.wav_108.wav,3,comb,3150.652433195045,1622.1164276054456,185.45913873133688,0.0,-0.3334759150333894,1.0,100
long-billed_hermits,long-billed_hermits/44kKz_songtype_segment_analysis_sep_2019.wav_108.wav,3,comb_noexempt,3150.652433195045,2334.9444677374704,141.1262255835935,0.0,0.6090726404752644,1.0,100
long-billed_hermits,long-billed_hermits/44kKz_songtype_segment_analysis_sep_2019.wav_109.wav,0,comb,3144.322187195045,108.75310443604971,100.2828122020652,1.0,0.593472718400952,1.0,100
long-billed_hermits,long-billed_hermits/44kKz_songtype_segment_analysis_sep_2019.wav_109.wav,0,comb_noexempt,3144.322187195045,102.39414808357077,94.71033522242331,1.0,0.6387842732117128,1.0,100
long-billed_hermits,long-billed_hermits/44kKz_songtype_segment_analysis_sep_2019.wav_109.wav,0,pyin,3144.322187195045,34.70440191150319,34.70440191150319,1.0,,0.02,2
long-billed_hermits,long-billed_hermits/44kKz_songtype_segment_analysis_sep_2019.wav_109.wav,1,comb,3144.322187195045,1641.217831737746,135.5327793432547,0.0,0.2486999862644836,1.0,100
long-billed_hermits,long-billed_hermits/44kKz_songtype_segment_analysis_sep_2019.wav_109.wav,1,comb_noexempt,3144.322187195045,1012.7324845095019,120.60515308609789,0.0,0.4683599681016192,1.0,100
long-billed_hermits,long-billed_hermits/44kKz_songtype_segment_analysis_sep_2019.wav_109.wav,1,pyin,3144.322187195045,1185.2955980884972,14.70440191150281,0.0,,0.03,3
long-billed_hermits,long-billed_hermits/44kKz_songtype_segment_analysis_sep_2019.wav_109.wav,2,comb,3144.322187195045,1714.1479444132701,155.45513131539957,0.0,0.0701085717081312,1.0,100
long-billed_hermits,long-billed_hermits/44kKz_songtype_segment_analysis_sep_2019.wav_109.wav,2,comb_noexempt,3144.322187195045,1679.7713549825858,197.3501771128574,0.0,0.4910183662694862,1.0,100
long-billed_hermits,long-billed_hermits/44kKz_songtype_segment_analysis_sep_2019.wav_109.wav,2,pyin,3144.322187195045,1346.249522729654,201.8689915570009,0.0,,0.03,3
long-billed_hermits,long-billed_hermits/44kKz_songtype_segment_analysis_sep_2019.wav_109.wav,3,comb,3144.322187195045,1516.6476325484207,181.43755933383676,0.0,0.24486309055249558,1.0,100
long-billed_hermits,long-billed_hermits/44kKz_songtype_segment_analysis_sep_2019.wav_109.wav,3,comb_noexempt,3144.322187195045,2308.0690639647187,170.90861475994683,0.0,0.4636407845460354,1.0,100
long-billed_hermits,long-billed_hermits/44kKz_songtype_segment_analysis_sep_2019.wav_110.wav,0,comb,5926.87385740402,2310.6594864121876,138.4722166293422,0.0,-0.2750668029502549,1.0,100
long-billed_hermits,long-billed_hermits/44kKz_songtype_segment_analysis_sep_2019.wav_110.wav,0,comb_noexempt,5926.87385740402,1269.2015221454567,135.97336866268995,0.0,0.4359772443287784,1.0,100
long-billed_hermits,long-billed_hermits/44kKz_songtype_segment_analysis_sep_2019.wav_110.wav,0,pyin,5926.87385740402,1255.8783159817801,55.87831598178008,0.0,,0.05,5
long-billed_hermits,long-billed_hermits/44kKz_songtype_segment_analysis_sep_2019.wav_110.wav,1,comb,5926.87385740402,2651.4164971990185,255.7823188287456,0.0,-0.5087365673566078,1.0,100
long-billed_hermits,long-billed_hermits/44kKz_songtype_segment_analysis_sep_2019.wav_110.wav,1,comb_noexempt,5926.87385740402,878.3369566484181,321.6630433515818,0.0,0.4705543640475966,1.0,100
long-billed_hermits,long-billed_hermits/44kKz_songtype_segment_analysis_sep_2019.wav_110.wav,1,pyin,5926.87385740402,728.1972239942913,471.8027760057086,0.0,,0.03,3
long-billed_hermits,long-billed_hermits/44kKz_songtype_segment_analysis_sep_2019.wav_110.wav,2,comb,5926.87385740402,2749.351994587962,349.35199458796217,0.0,-0.31153260524126913,1.0,100
long-billed_hermits,long-billed_hermits/44kKz_songtype_segment_analysis_sep_2019.wav_110.wav,2,comb_noexempt,5926.87385740402,1584.258048189727,262.98911482521964,0.0,-0.7248461954987456,1.0,100
long-billed_hermits,long-billed_hermits/44kKz_songtype_segment_analysis_sep_2019.wav_110.wav,2,pyin,5926.87385740402,1255.8783159817801,55.87831598178008,0.0,,0.06,6
long-billed_hermits,long-billed_hermits/44kKz_songtype_segment_analysis_sep_2019.wav_110.wav,3,comb,5926.87385740402,2837.867877840057,437.8678778400573,0.0,0.1510890597875309,1.0,100
long-billed_hermits,long-billed_hermits/44kKz_songtype_segment_analysis_sep_2019.wav_110.wav,3,comb_noexempt,5926.87385740402,2053.2129921692945,131.52325714447664,0.0,0.1745258367838231,1.0,100
long-billed_hermits,long-billed_hermits/44kKz_songtype_segment_analysis_sep_2019.wav_110.wav,3,pyin,5926.87385740402,1078.6441615524284,162.8127685466888,0.0,-2.285038240120832e-16,1.0,100
long-billed_hermits,long-billed_hermits/44kKz_songtype_segment_analysis_sep_2019.wav_111.wav,0,comb,6022.63428223209,2794.5910143321003,394.59101433210037,0.0,0.4741480320226745,1.0,100
long-billed_hermits,long-billed_hermits/44kKz_songtype_segment_analysis_sep_2019.wav_111.wav,0,comb_noexempt,6022.63428223209,931.923523979418,198.49026746992345,0.0,0.5490092627357762,1.0,100
long-billed_hermits,long-billed_hermits/44kKz_songtype_segment_analysis_sep_2019.wav_111.wav,0,pyin,6022.63428223209,244.08386936678494,157.79836265861002,1.0,-0.7068988154130538,0.82,82
long-billed_hermits,long-billed_hermits/44kKz_songtype_segment_analysis_sep_2019.wav_111.wav,1,comb,6022.63428223209,2780.928960500312,380.92896050031175,0.0,-0.21396375317933986,1.0,100
long-billed_hermits,long-billed_hermits/44kKz_songtype_segment_analysis_sep_2019.wav_111.wav,1,comb_noexempt,6022.63428223209,873.3320013393745,326.66799866062547,0.0,-0.052041133862458816,1.0,100
long-billed_hermits,long-billed_hermits/44kKz_songtype_segment_analysis_sep_2019.wav_111.wav,1,pyin,6022.63428223209,944.9597416246049,257.0993440769349,0.0,0.26668342598052674,1.0,100
long-billed_hermits,long-billed_hermits/44kKz_songtype_segment_analysis_sep_2019.wav_111.wav,2,comb,6022.63428223209,2778.9139201621697,378.91392016216946,0.0,-0.004513496192504302,1.0,100
long-billed_hermits,long-billed_hermits/44kKz_songtype_segment_analysis_sep_2019.wav_111.wav,2,comb_noexempt,6022.63428223209,1680.18371681682,301.40389643683056,0.0,0.3030211341109792,1.0,100
long-billed_hermits,long-billed_hermits/44kKz_songtype_segment_analysis_sep_2019.wav_111.wav,2,pyin,6022.63428223209,599.6565472598464,480.3976789735864,1.0,-0.07827505588890077,0.53,53
long-billed_hermits,long-billed_hermits/44kKz_songtype_segment_analysis_sep_2019.wav_113.wav,0,comb,3748.925476282755,1973.4335820416663,163.4318579468731,0.0,0.17272486833395398,1.0,100
long-billed_hermits,long-billed_hermits/44kKz_songtype_segment_analysis_sep_2019.wav_113.wav,0,comb_noexempt,3748.925476282755,225.76942006074862,174.28979999838492,1.0,0.5361716161656841,1.0,100
long-billed_hermits,long-billed_hermits/44kKz_songtype_segment_analysis_sep_2019.wav_113.wav,0,pyin,3748.925476282755,1159.0282623697944,40.971737630205666,0.0,,0.02,2
long-billed_hermits,long-billed_hermits/44kKz_songtype_segment_analysis_sep_2019.wav_113.wav,1,comb,3748.925476282755,1731.3721262765653,143.273947672995,0.0,0.47346530356350125,1.0,100
long-billed_hermits,long-billed_hermits/44kKz_songtype_segment_analysis_sep_2019.wav_113.wav,1,comb_noexempt,3748.925476282755,757.4364784220074,238.74579337755523,0.0,-0.4708140535070572,1.0,100
long-billed_hermits,long-billed_hermits/44kKz_songtype_segment_analysis_sep_2019.wav_113.wav,1,pyin,3748.925476282755,1150.987122239495,49.01287776050512,0.0,,0.04,4
long-billed_hermits,long-billed_hermits/44kKz_songtype_segment_analysis_sep_2019.wav_113.wav,2,comb,3748.925476282755,1855.5568203870334,128.77895330218143,0.0,0.32561357202293995,1.0,100
long-billed_hermits,long-billed_hermits/44kKz_songtype_segment_analysis_sep_2019.wav_113.wav,2,comb_noexempt,3748.925476282755,1961.6121794705746,125.79352630711259,0.0,-0.30936240689271793,1.0,100
long-billed_hermits,long-billed_hermits/44kKz_songtype_segment_analysis_sep_2019.wav_113.wav,2,pyin,3748.925476282755,1326.2478584853702,65.21045206733083,0.0,-2.0714590423082053e-16,0.07,7
long-billed_hermits,long-billed_hermits/44kKz_songtype_segment_analysis_sep_2019.wav_113.wav,3,comb,3748.925476282755,1876.391191253871,126.26884728169223,0.0,-0.242031845714156,1.0,100
long-billed_hermits,long-billed_hermits/44kKz_songtype_segment_analysis_sep_2019.wav_113.wav,3,comb_noexempt,3748.925476282755,2212.266068252929,197.33447996251567,0.0,0.3982925839235907,1.0,100
long-billed_hermits,long-billed_hermits/44kKz_songtype_segment_analysis_sep_2019.wav_113.wav,3,pyin,3748.925476282755,3067.9157947181075,667.9157947181079,0.0,,0.02,2
long-billed_hermits,long-billed_hermits/44kKz_songtype_segment_analysis_sep_2019.wav_115.wav,0,comb,4055.5555555000005,1513.5939497013449,144.8113961731775,0.0,-0.49810060641434245,1.0,100
long-billed_hermits,long-billed_hermits/44kKz_songtype_segment_analysis_sep_2019.wav_115.wav,0,comb_noexempt,4055.5555555000005,340.6983161748736,164.59237286344091,1.0,0.5365520112387764,1.0,100
long-billed_hermits,long-billed_hermits/44kKz_songtype_segment_analysis_sep_2019.wav_115.wav,0,pyin,4055.5555555000005,1300.365866743718,100.36586674371816,0.0,-6.331736784223927e-15,0.1,10
long-billed_hermits,long-billed_hermits/44kKz_songtype_segment_analysis_sep_2019.wav_115.wav,1,comb,4055.5555555000005,1518.386637309644,175.7536227241185,0.0,-0.5667568347249132,1.0,100
long-billed_hermits,long-billed_hermits/44kKz_songtype_segment_analysis_sep_2019.wav_115.wav,1,comb_noexempt,4055.5555555000005,883.8042984295155,172.55263477986517,0.0,-0.1257710127953308,1.0,100
long-billed_hermits,long-billed_hermits/44kKz_songtype_segment_analysis_sep_2019.wav_115.wav,1,pyin,4055.5555555000005,855.8876802738127,201.29337622594596,0.0,,0.8,80
long-billed_hermits,long-billed_hermits/44kKz_songtype_segment_analysis_sep_2019.wav_115.wav,2,comb,4055.5555555000005,1712.0249323089674,178.76398215734025,0.0,-0.5406634524293322,1.0,100
long-billed_hermits,long-billed_hermits/44kKz_songtype_segment_analysis_sep_2019.wav_115.wav,2,comb_noexempt,4055.5555555000005,1933.7889286360132,166.3308064011544,0.0,0.3779351842919189,1.0,100
long-billed_hermits,long-billed_hermits/44kKz_songtype_segment_analysis_sep_2019.wav_115.wav,2,pyin,4055.5555555000005,150.36586674371816,150.36586674371816,1.0,,0.02,2
long-billed_hermits,long-billed_hermits/44kKz_songtype_segment_analysis_sep_2019.wav_115.wav,3,comb,4055.5555555000005,2057.369545607944,150.33909215683576,0.0,0.1751162958980632,1.0,100
long-billed_hermits,long-billed_hermits/44kKz_songtype_segment_analysis_sep_2019.wav_115.wav,3,comb_noexempt,4055.5555555000005,2407.389046261305,200.81210016141694,0.0,0.29715381135964175,1.0,100
long-billed_hermits,long-billed_hermits/44kKz_songtype_segment_analysis_sep_2019.wav_115.wav,3,pyin,4055.5555555000005,1893.4034062250155,111.05879637133037,0.0,,0.33,33
long-billed_hermits,long-billed_hermits/44kKz_songtype_segment_analysis_sep_2019.wav_116.wav,0,comb,3996.9715280000005,108.68041417873246,97.55145887370028,1.0,0.6173180770332422,1.0,100
long-billed_hermits,long-billed_hermits/44kKz_songtype_segment_analysis_sep_2019.wav_116.wav,0,comb_noexempt,3996.9715280000005,109.74551263278622,108.68041417873246,1.0,0.8035571210506542,1.0,100
long-billed_hermits,long-billed_hermits/44kKz_songtype_segment_analysis_sep_2019.wav_116.wav,0,pyin,3996.9715280000005,69.35098946879035,69.35098946879035,1.0,,0.02,2
long-billed_hermits,long-billed_hermits/44kKz_songtype_segment_analysis_sep_2019.wav_116.wav,1,comb,3996.9715280000005,1985.4714058706281,135.02175026677048,0.0,0.43590309701211993,1.0,100
long-billed_hermits,long-billed_hermits/44kKz_songtype_segment_analysis_sep_2019.wav_116.wav,1,comb_noexempt,3996.9715280000005,109.77707010748118,94.47899600503925,1.0,0.5450607417175076,1.0,100
long-billed_hermits,long-billed_hermits/44kKz_songtype_segment_analysis_sep_2019.wav_116.wav,1,pyin,3996.9715280000005,1424.5320032562895,74.50968429256017,0.0,5.82175075795647e-16,0.34,34
long-billed_hermits,long-billed_hermits/44kKz_songtype_segment_analysis_sep_2019.wav_116.wav,2,comb,3996.9715280000005,108.68041417873246,94.72781102125349,1.0,0.5735477753957154,1.0,100
long-billed_hermits,long-billed_hermits/44kKz_songtype_segment_analysis_sep_2019.wav_116.wav,2,comb_noexempt,3996.9715280000005,108.68041417873246,106.22661873758054,1.0,0.5202124503080436,1.0,100
long-billed_hermits,long-billed_hermits/44kKz_songtype_segment_analysis_sep_2019.wav_116.wav,2,pyin,3996.9715280000005,75.48726723423427,75.48726723423427,1.0,,0.01,1
long-billed_hermits,long-billed_hermits/44kKz_songtype_segment_analysis_sep_2019.wav_116.wav,3,comb,3996.9715280000005,109.08869324321526,95.55773297962537,1.0,0.6097422166053443,1.0,100
long-billed_hermits,long-billed_hermits/44kKz_songtype_segment_analysis_sep_2019.wav_116.wav,3,comb_noexempt,3996.9715280000005,2325.9425344692827,121.30093016404939,0.0,-0.26978882494139705,1.0,100
long-billed_hermits,long-billed_hermits/44kKz_songtype_segment_analysis_sep_2019.wav_116.wav,3,pyin,3996.9715280000005,2725.64362285894,325.64362285894026,0.0,3.024438022422697e-16,0.44,44
long-billed_hermits,long-billed_hermits/44kKz_songtype_segment_analysis_sep_2019.wav_118.wav,0,comb,4151.645501999999,2012.4112542609255,131.90566613784802,0.0,-0.5487197752381496,1.0,100
long-billed_hermits,long-billed_hermits/44kKz_songtype_segment_analysis_sep_2019.wav_118.wav,0,comb_noexempt,4151.645501999999,304.30729568671813,147.6919570568374,1.0,0.5729998986517516,1.0,100
long-billed_hermits,long-billed_hermits/44kKz_songtype_segment_analysis_sep_2019.wav_118.wav,0,pyin,4151.645501999999,1168.4353625402894,31.56463745971064,0.0,,0.01,1
long-billed_hermits,long-billed_hermits/44kKz_songtype_segment_analysis_sep_2019.wav_118.wav,1,comb,4151.645501999999,2205.4449634324847,145.4248043332075,0.0,0.020157672066566924,1.0,100
long-billed_hermits,long-billed_hermits/44kKz_songtype_segment_analysis_sep_2019.wav_118.wav,1,comb_noexempt,4151.645501999999,901.7493871404447,143.52574514637203,0.0,-0.17680443525656217,1.0,100
long-billed_hermits,long-billed_hermits/44kKz_songtype_segment_analysis_sep_2019.wav_118.wav,1,pyin,4151.645501999999,838.8953545676051,180.55720572619916,0.0,-6.033226703613467e-16,0.89,89
long-billed_hermits,long-billed_hermits/44kKz_songtype_segment_analysis_sep_2019.wav_118.wav,2,comb,4151.645501999999,2141.0811079892064,154.73342027352373,0.0,0.07676504538309731,1.0,100
long-billed_hermits,long-billed_hermits/44kKz_songtype_segment_analysis_sep_2019.wav_118.wav,2,comb_noexempt,4151.645501999999,1546.1448276051603,164.49956205334274,0.0,0.4011252958749405,1.0,100
long-billed_hermits,long-billed_hermits/44kKz_songtype_segment_analysis_sep_2019.wav_118.wav,3,comb,4151.645501999999,1947.8867221245007,148.965676138395,0.0,0.38468928408517084,1.0,100
long-billed_hermits,long-billed_hermits/44kKz_songtype_segment_analysis_sep_2019.wav_118.wav,3,comb_noexempt,4151.645501999999,2349.420254134585,161.0969259413987,0.0,-0.376067953305728,1.0,100
long-billed_hermits,long-billed_hermits/44kKz_songtype_segment_analysis_sep_2019.wav_118.wav,3,pyin,4151.645501999999,1299.997364192111,276.6821518879685,0.0,8.857171436283204e-16,0.22,22
long-billed_hermits,long-billed_hermits/44kKz_songtype_segment_analysis_sep_2019.wav_119.wav,0,comb,3820.328666,1408.7255713826644,141.0061459035989,0.0,-0.209423841773089,1.0,100
long-billed_hermits,long-billed_hermits/44kKz_songtype_segment_analysis_sep_2019.wav_119.wav,0,comb_noexempt,3820.328666,236.29677523190833,120.06175702182067,1.0,0.48395622017903395,1.0,100
long-billed_hermits,long-billed_hermits/44kKz_songtype_segment_analysis_sep_2019.wav_119.wav,0,pyin,3820.328666,84.70927841917054,84.70927841917054,1.0,,0.02,2
long-billed_hermits,long-billed_hermits/44kKz_songtype_segment_analysis_sep_2019.wav_119.wav,1,comb,3820.328666,2018.3513658880165,126.7147217819456,0.0,0.38091884362282,1.0,100
long-billed_hermits,long-billed_hermits/44kKz_songtype_segment_analysis_sep_2019.wav_119.wav,1,comb_noexempt,3820.328666,982.1039969905389,127.91855946664745,0.0,-0.08912105743044817,1.0,100
long-billed_hermits,long-billed_hermits/44kKz_songtype_segment_analysis_sep_2019.wav_119.wav,1,pyin,3820.328666,997.4533651466099,115.59047911015004,0.0,-2.0579894494436017e-16,0.23,23
long-billed_hermits,long-billed_hermits/44kKz_songtype_segment_analysis_sep_2019.wav_119.wav,2,comb,3820.328666,1993.484158989523,141.33108917263874,0.0,-0.2803828619076157,1.0,100
long-billed_hermits,long-billed_hermits/44kKz_songtype_segment_analysis_sep_2019.wav_119.wav,2,comb_noexempt,3820.328666,1675.7813175401748,128.2227052135163,0.0,0.2990943013468476,1.0,100
long-billed_hermits,long-billed_hermits/44kKz_songtype_segment_analysis_sep_2019.wav_119.wav,2,pyin,3820.328666,2405.587231223486,9.105045973015642,0.0,,0.02,2
long-billed_hermits,long-billed_hermits/44kKz_songtype_segment_analysis_sep_2019.wav_119.wav,3,comb,3820.328666,1979.7909764401688,125.3051185439091,0.0,-0.0021789442392971567,1.0,100
long-billed_hermits,long-billed_hermits/44kKz_songtype_segment_analysis_sep_2019.wav_119.wav,3,comb_noexempt,3820.328666,2567.0547765010137,240.12907375809874,0.0,0.2902770844121652,1.0,100
long-billed_hermits,long-billed_hermits/44kKz_songtype_segment_analysis_sep_2019.wav_119.wav,3,pyin,3820.328666,1508.213587524206,308.21358752420605,0.0,,0.04,4
long-billed_hermits,long-billed_hermits/44kKz_songtype_segment_analysis_sep_2019.wav_120.wav,0,comb,3592.713502,105.60547065203309,81.95565160861176,1.0,0.22516860445416495,1.0,100
long-billed_hermits,long-billed_hermits/44kKz_songtype_segment_analysis_sep_2019.wav_120.wav,0,comb_noexempt,3592.713502,81.57569799809313,80.38089602481023,1.0,0.5766297009438184,1.0,100
long-billed_hermits,long-billed_hermits/44kKz_songtype_segment_analysis_sep_2019.wav_120.wav,0,pyin,3592.713502,76.04107044935262,74.24529604223525,1.0,0.6732888871971322,0.96,96
long-billed_hermits,long-billed_hermits/44kKz_songtype_segment_analysis_sep_2019.wav_120.wav,1,comb,3592.713502,1661.258007566672,160.63033910156526,0.0,-0.0003722111673417161,1.0,100
long-billed_hermits,long-billed_hermits/44kKz_songtype_segment_analysis_sep_2019.wav_120.wav,1,comb_noexempt,3592.713502,79.99838518190072,78.76517654670641,1.0,0.558908847907501,1.0,100
long-billed_hermits,long-billed_hermits/44kKz_songtype_segment_analysis_sep_2019.wav_120.wav,1,pyin,3592.713502,82.33180703571236,75.44201308222983,1.0,0.6293653398014234,1.0,100
long-billed_hermits,long-billed_hermits/44kKz_songtype_segment_analysis_sep_2019.wav_120.wav,2,comb,3592.713502,95.11489409998711,91.66194600411905,1.0,0.8452361734787293,1.0,100
long-billed_hermits,long-billed_hermits/44kKz_songtype_segment_analysis_sep_2019.wav_120.wav,2,comb_noexempt,3592.713502,82.25850244789757,80.37419805267618,1.0,0.4818403999365477,1.0,100
long-billed_hermits,long-billed_hermits/44kKz_songtype_segment_analysis_sep_2019.wav_120.wav,2,pyin,3592.713502,1819.250498204716,71.25327053420598,0.0,0.8443354133921449,1.0,100
long-billed_hermits,long-billed_hermits/44kKz_songtype_segment_analysis_sep_2019.wav_120.wav,3,comb,3592.713502,109.42795651516923,109.42795651516923,1.0,0.6451772737422955,1.0,100
long-billed_hermits,long-billed_hermits/44kKz_songtype_segment_analysis_sep_2019.wav_120.wav,3,comb_noexempt,3592.713502,82.37833288374902,82.20731636678022,1.0,0.3510109386999836,1.0,100
long-billed_hermits,long-billed_hermits/44kKz_songtype_segment_analysis_sep_2019.wav_120.wav,3,pyin,3592.713502,2500.2460535886535,272.56150720826383,0.0,-0.2557849935908406,1.0,100
long-billed_hermits,long-billed_hermits/44kKz_songtype_segment_analysis_sep_2019.wav_122.wav,0,comb,4179.246104145905,143.22266225856782,122.87686265462753,1.0,-0.2269553465483518,1.0,100
long-billed_hermits,long-billed_hermits/44kKz_songtype_segment_analysis_sep_2019.wav_122.wav,0,comb_noexempt,4179.246104145905,150.62486035753312,113.0155992365294,1.0,-0.4097527002970693,1.0,100
long-billed_hermits,long-billed_hermits/44kKz_songtype_segment_analysis_sep_2019.wav_122.wav,0,pyin,4179.246104145905,1148.2016726904928,51.79832730950721,0.0,,0.03,3
long-billed_hermits,long-billed_hermits/44kKz_songtype_segment_analysis_sep_2019.wav_122.wav,1,comb,4179.246104145905,2122.8766798374863,139.65245602460186,0.0,-0.035030920773066784,1.0,100
long-billed_hermits,long-billed_hermits/44kKz_songtype_segment_analysis_sep_2019.wav_122.wav,1,comb_noexempt,4179.246104145905,1016.3355596783767,129.85257193427572,0.0,0.3818041616724329,1.0,100
long-billed_hermits,long-billed_hermits/44kKz_songtype_segment_analysis_sep_2019.wav_122.wav,1,pyin,4179.246104145905,1148.2016726904928,51.79832730950721,0.0,,0.04,4
long-billed_hermits,long-billed_hermits/44kKz_songtype_segment_analysis_sep_2019.wav_122.wav,2,comb,4179.246104145905,2035.0583653415003,147.11454329374806,0.0,-0.45209337149942946,1.0,100
long-billed_hermits,long-billed_hermits/44kKz_songtype_segment_analysis_sep_2019.wav_122.wav,2,comb_noexempt,4179.246104145905,1679.4144250893723,129.83189416731375,0.0,0.15451363315946978,1.0,100
long-billed_hermits,long-billed_hermits/44kKz_songtype_segment_analysis_sep_2019.wav_122.wav,2,pyin,4179.246104145905,103.81275198358725,103.81275198358725,1.0,-3.88607205082864e-16,0.3,30
long-billed_hermits,long-billed_hermits/44kKz_songtype_segment_analysis_sep_2019.wav_122.wav,3,comb,4179.246104145905,2046.5974936251305,202.59986264342893,0.0,-0.46738565015126105,1.0,100
long-billed_hermits,long-billed_hermits/44kKz_songtype_segment_analysis_sep_2019.wav_122.wav,3,comb_noexempt,4179.246104145905,2245.784104785279,123.45151344159343,0.0,0.06607765125651537,1.0,100
long-billed_hermits,long-billed_hermits/44kKz_songtype_segment_analysis_sep_2019.wav_122.wav,3,pyin,4179.246104145905,2177.7060631382906,126.51162529928669,0.0,,0.93,93
long-billed_hermits,long-billed_hermits/44kKz_songtype_segment_analysis_sep_2019.wav_123.wav,0,comb,5491.075124999999,959.9422156972346,82.62506488498688,0.0,0.49403639274748623,1.0,100
long-billed_hermits,long-billed_hermits/44kKz_songtype_segment_analysis_sep_2019.wav_123.wav,0,comb_noexempt,5491.075124999999,911.4216639234978,79.99200941051247,0.0,0.5649242255886775,1.0,100
long-billed_hermits,long-billed_hermits/44kKz_songtype_segment_analysis_sep_2019.wav_123.wav,0,pyin,5491.075124999999,1253.9981857897512,94.3859326708648,0.0,-7.852422141372151e-16,0.39,39
long-billed_hermits,long-billed_hermits/44kKz_songtype_segment_analysis_sep_2019.wav_123.wav,1,comb,5491.075124999999,2679.2593058108127,307.9483787658736,0.0,-0.38347246402594204,1.0,100
long-billed_hermits,long-billed_hermits/44kKz_songtype_segment_analysis_sep_2019.wav_123.wav,1,comb_noexempt,5491.075124999999,704.6325586883338,104.10153518697587,1.0,-0.6584989643178052,1.0,100
long-billed_hermits,long-billed_hermits/44kKz_songtype_segment_analysis_sep_2019.wav_123.wav,1,pyin,5491.075124999999,44.70440191150315,44.70440191150315,1.0,,0.03,3
long-billed_hermits,long-billed_hermits/44kKz_songtype_segment_analysis_sep_2019.wav_123.wav,2,comb,5491.075124999999,2588.5908967759997,239.3279276623257,0.0,-0.15182930438095169,1.0,100
long-billed_hermits,long-billed_hermits/44kKz_songtype_segment_analysis_sep_2019.wav_123.wav,2,comb_noexempt,5491.075124999999,1640.2357088275933,97.44424239707871,0.0,-0.45866838592689807,1.0,100
long-billed_hermits,long-billed_hermits/44kKz_songtype_segment_analysis_sep_2019.wav_123.wav,2,pyin,5491.075124999999,1435.2955980884965,235.29559808849646,0.0,,0.08,8
long-billed_hermits,long-billed_hermits/44kKz_songtype_segment_analysis_sep_2019.wav_123.wav,3,comb,5491.075124999999,2631.6632125390497,246.67062039769837,0.0,-0.4156045451185834,1.0,100
long-billed_hermits,long-billed_hermits/44kKz_songtype_segment_analysis_sep_2019.wav_123.wav,3,comb_noexempt,5491.075124999999,1001.9471751326298,339.02444398332204,0.0,0.31424358228619903,1.0,100
long-billed_hermits,long-billed_hermits/44kKz_songtype_segment_analysis_sep_2019.wav_123.wav,3,pyin,5491.075124999999,552.8718865845036,552.8718865845036,1.0,,0.04,4
long-billed_hermits,long-billed_hermits/44kKz_songtype_segment_analysis_sep_2019.wav_125.wav,0,comb,6735.75035,2585.6162093418143,305.28885731127593,0.0,-0.6415927632373338,1.0,100
long-billed_hermits,long-billed_hermits/44kKz_songtype_segment_analysis_sep_2019.wav_125.wav,0,comb_noexempt,6735.75035,99.8921483930929,85.38241683501093,1.0,0.8697690104215385,1.0,100
long-billed_hermits,long-billed_hermits/44kKz_songtype_segment_analysis_sep_2019.wav_125.wav,0,pyin,6735.75035,28.2334341577108,28.2334341577108,1.0,,0.04,4
long-billed_hermits,long-billed_hermits/44kKz_songtype_segment_analysis_sep_2019.wav_125.wav,1,comb,6735.75035,2869.4054941498,469.4054941497998,0.0,0.7999667566251516,1.0,100
long-billed_hermits,long-billed_hermits/44kKz_songtype_segment_analysis_sep_2019.wav_125.wav,1,comb_noexempt,6735.75035,716.4014628983634,346.5962721331564,0.0,0.5266159761349866,1.0,100
long-billed_hermits,long-billed_hermits/44kKz_songtype_segment_analysis_sep_2019.wav_125.wav,2,comb,6735.75035,2991.121813780296,591.1218137802962,0.0,-0.2509360940969121,1.0,100
long-billed_hermits,long-billed_hermits/44kKz_songtype_segment_analysis_sep_2019.wav_125.wav,2,comb_noexempt,6735.75035,1735.6110821198208,284.396805168028,0.0,0.6201634368808638,1.0,100
long-billed_hermits,long-billed_hermits/44kKz_songtype_segment_analysis_sep_2019.wav_125.wav,2,pyin,6735.75035,1268.682636088227,253.39237014860032,0.0,,0.22,22
long-billed_hermits,long-billed_hermits/44kKz_songtype_segment_analysis_sep_2019.wav_127.wav,0,comb,3748.3241925,1342.4738684077524,120.27170820207992,1.0,-0.5624878989081546,1.0,100
long-billed_hermits,long-billed_hermits/44kKz_songtype_segment_analysis_sep_2019.wav_127.wav,0,comb_noexempt,3748.3241925,132.20875114356056,114.53980218010565,1.0,0.6630500970201967,1.0,100
long-billed_hermits,long-billed_hermits/44kKz_songtype_segment_analysis_sep_2019.wav_127.wav,0,pyin,3748.3241925,111.333161725835,111.333161725835,1.0,,0.04,4
long-billed_hermits,long-billed_hermits/44kKz_songtype_segment_analysis_sep_2019.wav_127.wav,1,comb,3748.3241925,1961.4814343430166,111.81566214119647,0.0,-0.4415834565465172,1.0,100
long-billed_hermits,long-billed_hermits/44kKz_songtype_segment_analysis_sep_2019.wav_127.wav,1,comb_noexempt,3748.3241925,131.2338514239472,114.12615666895124,1.0,0.6681781343868773,1.0,100
long-billed_hermits,long-billed_hermits/44kKz_songtype_segment_analysis_sep_2019.wav_127.wav,1,pyin,3748.3241925,111.333161725835,111.333161725835,1.0,,0.04,4
long-billed_hermits,long-billed_hermits/44kKz_songtype_segment_analysis_sep_2019.wav_127.wav,2,comb,3748.3241925,1977.0501766400203,185.86877676214755,0.0,-0.17343069834439764,1.0,100
long-billed_hermits,long-billed_hermits/44kKz_songtype_segment_analysis_sep_2019.wav_127.wav,2,comb_noexempt,3748.3241925,1572.5024345059428,184.63815278612924,0.0,0.34398333648623847,1.0,100
long-billed_hermits,long-billed_hermits/44kKz_songtype_segment_analysis_sep_2019.wav_127.wav,2,pyin,3748.3241925,1798.6668382741645,103.28816259122287,0.0,-1.3536084404284967e-14,0.06,6
long-billed_hermits,long-billed_hermits/44kKz_songtype_segment_analysis_sep_2019.wav_127.wav,3,comb,3748.3241925,136.90899768938982,115.13141782444256,1.0,0.4806662984716041,1.0,100
long-billed_hermits,long-billed_hermits/44kKz_songtype_segment_analysis_sep_2019.wav_127.wav,3,comb_noexempt,3748.3241925,2672.5278776608766,315.8359586518572,0.0,-0.3108872909014914,1.0,100
long-billed_hermits,long-billed_hermits/44kKz_songtype_segment_analysis_sep_2019.wav_127.wav,3,pyin,3748.3241925,1095.4623266316935,104.53767336830657,0.0,,0.08,8
long-billed_hermits,long-billed_hermits/44kKz_songtype_segment_analysis_sep_2019.wav_128.wav,0,comb,3496.953077,120.65118652106102,116.04005178793587,1.0,0.7068808034666257,1.0,100
long-billed_hermits,long-billed_hermits/44kKz_songtype_segment_analysis_sep_2019.wav_128.wav,0,comb_noexempt,3496.953077,120.65118652106102,114.84635736282539,1.0,0.7156939804023825,1.0,100
long-billed_hermits,long-billed_hermits/44kKz_songtype_segment_analysis_sep_2019.wav_128.wav,0,pyin,3496.953077,116.25604641252701,110.41704427529794,1.0,0.7420612962319937,0.94,94
long-billed_hermits,long-billed_hermits/44kKz_songtype_segment_analysis_sep_2019.wav_128.wav,1,comb,3496.953077,119.99227688924049,114.84635736282539,1.0,0.7129590839855768,1.0,100
long-billed_hermits,long-billed_hermits/44kKz_songtype_segment_analysis_sep_2019.wav_128.wav,1,comb_noexempt,3496.953077,119.99227688924049,113.57988979043188,1.0,0.7248004805304517,1.0,100
long-billed_hermits,long-billed_hermits/44kKz_songtype_segment_analysis_sep_2019.wav_128.wav,1,pyin,3496.953077,1141.029725966022,112.66047951153922,0.0,-0.3388207694315927,1.0,100
long-billed_hermits,long-billed_hermits/44kKz_songtype_segment_analysis_sep_2019.wav_128.wav,2,comb,3496.953077,120.70652928974694,113.52221274424802,1.0,0.7389528543710979,1.0,100
long-billed_hermits,long-billed_hermits/44kKz_songtype_segment_analysis_sep_2019.wav_128.wav,2,comb_noexempt,3496.953077,119.99227688924049,113.52221274424802,1.0,0.7503732490224203,1.0,100
long-billed_hermits,long-billed_hermits/44kKz_songtype_segment_analysis_sep_2019.wav_128.wav,2,pyin,3496.953077,1822.9781728887497,115.29180275476571,0.0,0.496563436327213,1.0,100
long-billed_hermits,long-billed_hermits/44kKz_songtype_segment_analysis_sep_2019.wav_128.wav,3,comb,3496.953077,119.24800929679151,111.76875639700042,1.0,0.1573138230767361,1.0,100
long-billed_hermits,long-billed_hermits/44kKz_songtype_segment_analysis_sep_2019.wav_128.wav,3,comb_noexempt,3496.953077,1798.3692920592712,113.59668483475058,0.0,0.5565021908340685,1.0,100
long-billed_hermits,long-billed_hermits/44kKz_songtype_segment_analysis_sep_2019.wav_128.wav,3,pyin,3496.953077,2596.1563717041727,270.38571612611327,0.0,0.014875729087154486,1.0,100
long-billed_hermits,long-billed_hermits/44kKz_songtype_segment_analysis_sep_2019.wav_13.wav,0,comb,4065.920873,591.3387914921019,138.6512292464926,1.0,0.5949644133490385,1.0,100
long-billed_hermits,long-billed_hermits/44kKz_songtype_segment_analysis_sep_2019.wav_13.wav,0,comb_noexempt,4065.920873,607.9156914932544,138.16406087753887,0.0,0.5925432201547015,1.0,100
long-billed_hermits,long-billed_hermits/44kKz_songtype_segment_analysis_sep_2019.wav_13.wav,0,pyin,4065.920873,174.24334682833037,154.85440052974354,1.0,0.645638834839006,0.98,98
long-billed_hermits,long-billed_hermits/44kKz_songtype_segment_analysis_sep_2019.wav_13.wav,1,comb,4065.920873,2164.1077292960454,186.36156943224177,0.0,-0.526147117490482,1.0,100
long-billed_hermits,long-billed_hermits/44kKz_songtype_segment_analysis_sep_2019.wav_13.wav,1,comb_noexempt,4065.920873,632.1487813634369,141.55078121183266,1.0,-0.47313982328324533,1.0,100
long-billed_hermits,long-billed_hermits/44kKz_songtype_segment_analysis_sep_2019.wav_13.wav,1,pyin,4065.920873,783.5448106039784,125.60488629960929,1.0,-0.5520253353819156,0.91,91
long-billed_hermits,long-billed_hermits/44kKz_songtype_segment_analysis_sep_2019.wav_13.wav,2,comb,4065.920873,2014.8500117211834,219.60463443153657,0.0,-0.6502626484468438,1.0,100
long-billed_hermits,long-billed_hermits/44kKz_songtype_segment_analysis_sep_2019.wav_13.wav,2,comb_noexempt,4065.920873,1757.7894618732535,168.02262727822165,0.0,-0.03481404763870065,1.0,100
long-billed_hermits,long-billed_hermits/44kKz_songtype_segment_analysis_sep_2019.wav_13.wav,3,comb,4065.920873,2135.653100622956,198.60336298502068,0.0,-0.6503699397174031,1.0,100
long-billed_hermits,long-billed_hermits/44kKz_songtype_segment_analysis_sep_2019.wav_13.wav,3,comb_noexempt,4065.920873,2290.172712293034,268.64711669846884,0.0,-0.3855094835260597,1.0,100
long-billed_hermits,long-billed_hermits/44kKz_songtype_segment_analysis_sep_2019.wav_13.wav,3,pyin,4065.920873,2034.037286502583,178.2714819004101,0.0,0.24565431214569067,0.63,63
long-billed_hermits,long-billed_hermits/44kKz_songtype_segment_analysis_sep_2019.wav_130.wav,0,comb,5688.503567,2575.323804918272,268.518220108094,0.0,-0.02228743562805028,1.0,100
long-billed_hermits,long-billed_hermits/44kKz_songtype_segment_analysis_sep_2019.wav_130.wav,0,comb_noexempt,5688.503567,94.09092441338437,81.04178332685024,1.0,0.6946569056658793,1.0,100
long-billed_hermits,long-billed_hermits/44kKz_songtype_segment_analysis_sep_2019.wav_130.wav,0,pyin,5688.503567,80.70983761296885,79.93542807443103,1.0,0.8025170875913251,0.9,90
long-billed_hermits,long-billed_hermits/44kKz_songtype_segment_analysis_sep_2019.wav_130.wav,1,comb,5688.503567,2564.162646726212,230.70002548692585,0.0,-0.5494133894155367,1.0,100
long-billed_hermits,long-billed_hermits/44kKz_songtype_segment_analysis_sep_2019.wav_130.wav,1,comb_noexempt,5688.503567,488.76617088367243,89.28219961767745,1.0,-0.5591097298783771,1.0,100
long-billed_hermits,long-billed_hermits/44kKz_songtype_segment_analysis_sep_2019.wav_130.wav,1,pyin,5688.503567,835.0370571496202,352.3646865906608,0.0,0.7666254540223928,0.99,99
long-billed_hermits,long-billed_hermits/44kKz_songtype_segment_analysis_sep_2019.wav_130.wav,2,comb,5688.503567,2662.3682811782282,281.91946534794613,0.0,-0.13615916524231314,1.0,100
long-billed_hermits,long-billed_hermits/44kKz_songtype_segment_analysis_sep_2019.wav_130.wav,2,comb_noexempt,5688.503567,1651.705965793662,140.48804590771664,0.0,-0.4694059094142756,1.0,100
long-billed_hermits,long-billed_hermits/44kKz_songtype_segment_analysis_sep_2019.wav_130.wav,2,pyin,5688.503567,1721.1609382396791,242.69109812183564,0.0,-0.39922550871991713,1.0,100
long-billed_hermits,long-billed_hermits/44kKz_songtype_segment_analysis_sep_2019.wav_130.wav,3,comb,5688.503567,2702.3054934903,318.70116546056863,0.0,-0.3483956162045063,1.0,100
long-billed_hermits,long-billed_hermits/44kKz_songtype_segment_analysis_sep_2019.wav_130.wav,3,comb_noexempt,5688.503567,1005.166452851727,291.91352459530015,0.0,0.11029587511761749,1.0,100
long-billed_hermits,long-billed_hermits/44kKz_songtype_segment_analysis_sep_2019.wav_132.wav,0,comb,5367.675863500001,2383.9389626615266,202.99940744538372,0.0,-0.32055174849704293,1.0,100
long-billed_hermits,long-billed_hermits/44kKz_songtype_segment_analysis_sep_2019.wav_132.wav,0,comb_noexempt,5367.675863500001,578.8806572661383,139.72921368783915,1.0,0.6266867985115336,1.0,100
long-billed_hermits,long-billed_hermits/44kKz_songtype_segment_analysis_sep_2019.wav_132.wav,0,pyin,5367.675863500001,444.5645022996238,127.35963125602177,1.0,-0.5847047766882719,1.0,100
long-billed_hermits,long-billed_hermits/44kKz_songtype_segment_analysis_sep_2019.wav_132.wav,1,comb,5367.675863500001,2567.3454143029467,257.03124448532515,0.0,-0.31994247489743316,1.0,100
long-billed_hermits,long-billed_hermits/44kKz_songtype_segment_analysis_sep_2019.wav_132.wav,1,comb_noexempt,5367.675863500001,566.740551590937,141.81901754639807,1.0,-0.18013337425436513,1.0,100
long-billed_hermits,long-billed_hermits/44kKz_songtype_segment_analysis_sep_2019.wav_132.wav,1,pyin,5367.675863500001,771.1051522795444,126.62735613179197,1.0,-0.2964062686123529,1.0,100
long-billed_hermits,long-billed_hermits/44kKz_songtype_segment_analysis_sep_2019.wav_132.wav,2,comb,5367.675863500001,2569.074077483361,242.33886502054128,0.0,-0.004112792848870903,1.0,100
long-billed_hermits,long-billed_hermits/44kKz_songtype_segment_analysis_sep_2019.wav_132.wav,2,comb_noexempt,5367.675863500001,1638.6705673082654,144.98696469905462,0.0,0.4641330581906211,1.0,100
long-billed_hermits,long-billed_hermits/44kKz_songtype_segment_analysis_sep_2019.wav_132.wav,2,pyin,5367.675863500001,1827.916945885274,167.21413902456842,0.0,0.34692463786804906,1.0,100
long-billed_hermits,long-billed_hermits/44kKz_songtype_segment_analysis_sep_2019.wav_132.wav,3,comb,5367.675863500001,2630.6049246467023,276.7971627580333,0.0,0.290104325845369,1.0,100
long-billed_hermits,long-billed_hermits/44kKz_songtype_segment_analysis_sep_2019.wav_132.wav,3,comb_noexempt,5367.675863500001,2181.9265425932836,225.07130560491203,0.0,0.5374992700576896,1.0,100
long-billed_hermits,long-billed_hermits/44kKz_songtype_segment_analysis_sep_2019.wav_134.wav,0,comb,4367.196948999999,2072.320580417422,93.15936457524388,0.0,-0.036438503803889605,1.0,100
long-billed_hermits,long-billed_hermits/44kKz_songtype_segment_analysis_sep_2019.wav_134.wav,0,comb_noexempt,4367.196948999999,135.40729778320235,91.7798493585592,1.0,0.22625991266052375,1.0,100
long-billed_hermits,long-billed_hermits/44kKz_songtype_segment_analysis_sep_2019.wav_134.wav,0,pyin,4367.196948999999,100.86008356268346,87.16078687907257,1.0,0.3502974706517737,0.89,89
long-billed_hermits,long-billed_hermits/44kKz_songtype_segment_analysis_sep_2019.wav_134.wav,1,comb,4367.196948999999,2053.219454102489,111.05513375087337,0.0,-0.17977074523349545,1.0,100
long-billed_hermits,long-billed_hermits/44kKz_songtype_segment_analysis_sep_2019.wav_134.wav,1,comb_noexempt,4367.196948999999,660.5961210391041,168.00564527502746,0.0,0.06926069960677272,1.0,100
long-billed_hermits,long-billed_hermits/44kKz_songtype_segment_analysis_sep_2019.wav_134.wav,1,pyin,4367.196948999999,1021.3540944754005,193.68423721212235,0.0,-0.019924325738296663,1.0,100
long-billed_hermits,long-billed_hermits/44kKz_songtype_segment_analysis_sep_2019.wav_134.wav,2,comb,4367.196948999999,2073.101546156194,151.6968788564322,0.0,-0.28808229467710805,1.0,100
long-billed_hermits,long-billed_hermits/44kKz_songtype_segment_analysis_sep_2019.wav_134.wav,2,comb_noexempt,4367.196948999999,1864.9135526909563,74.49887027335751,0.0,0.1914509417688585,1.0,100
long-billed_hermits,long-billed_hermits/44kKz_songtype_segment_analysis_sep_2019.wav_134.wav,2,pyin,4367.196948999999,1975.9848975099565,74.02989664456898,0.0,0.7236828343634546,0.17,17
long-billed_hermits,long-billed_hermits/44kKz_songtype_segment_analysis_sep_2019.wav_134.wav,3,comb,4367.196948999999,2138.917372149433,140.2778673508514,0.0,0.36156715888591745,1.0,100
long-billed_hermits,long-billed_hermits/44kKz_songtype_segment_analysis_sep_2019.wav_134.wav,3,comb_noexempt,4367.196948999999,2398.662857399044,196.64874007799273,0.0,0.1736030736235761,1.0,100
long-billed_hermits,long-billed_hermits/44kKz_songtype_segment_analysis_sep_2019.wav_134.wav,3,pyin,4367.196948999999,1206.1534250093196,167.5712062733523,0.0,0.4480424502489233,1.0,100
long-billed_hermits,long-billed_hermits/44kKz_songtype_segment_analysis_sep_2019.wav_135.wav,0,comb,4391.693227,1977.4474191915494,148.48131980929514,0.0,-0.2789867165092019,1.0,100
long-billed_hermits,long-billed_hermits/44kKz_songtype_segment_analysis_sep_2019.wav_135.wav,0,comb_noexempt,4391.693227,86.29945491024044,84.584833136577,1.0,0.5766159780594803,1.0,100
long-billed_hermits,long-billed_hermits/44kKz_songtype_segment_analysis_sep_2019.wav_135.wav,0,pyin,4391.693227,98.37708123333488,87.1959235850602,1.0,0.38556867488938407,0.79,79
long-billed_hermits,long-billed_hermits/44kKz_songtype_segment_analysis_sep_2019.wav_135.wav,1,comb,4391.693227,2058.6177230822304,181.3596715570903,0.0,-0.17382740280307063,1.0,100
long-billed_hermits,long-billed_hermits/44kKz_songtype_segment_analysis_sep_2019.wav_135.wav,1,comb_noexempt,4391.693227,721.001408093225,199.30208683421154,0.0,0.2054727465578039,1.0,100
long-billed_hermits,long-billed_hermits/44kKz_songtype_segment_analysis_sep_2019.wav_135.wav,1,pyin,4391.693227,923.7517645041901,231.7123056363186,0.0,0.0026124647599855286,1.0,100
long-billed_hermits,long-billed_hermits/44kKz_songtype_segment_analysis_sep_2019.wav_135.wav,2,comb,4391.693227,2077.010598122515,137.655360337719,0.0,0.13263265823014123,1.0,100
long-billed_hermits,long-billed_hermits/44kKz_songtype_segment_analysis_sep_2019.wav_135.wav,2,comb_noexempt,4391.693227,1669.243606063124,143.67814776781077,0.0,0.26410075539439204,1.0,100
long-billed_hermits,long-billed_hermits/44kKz_songtype_segment_analysis_sep_2019.wav_135.wav,2,pyin,4391.693227,2026.1002958298895,126.05395543186538,0.0,0.7351351101246257,0.2,20
long-billed_hermits,long-billed_hermits/44kKz_songtype_segment_analysis_sep_2019.wav_135.wav,3,comb,4391.693227,2105.1802217013383,184.58816895867778,0.0,0.247132468375598,1.0,100
long-billed_hermits,long-billed_hermits/44kKz_songtype_segment_analysis_sep_2019.wav_135.wav,3,comb_noexempt,4391.693227,2375.4208096338666,217.17656804744803,0.0,-0.040164502233011726,1.0,100
long-billed_hermits,long-billed_hermits/44kKz_songtype_segment_analysis_sep_2019.wav_135.wav,3,pyin,4391.693227,1206.6724677969128,247.75057860688997,0.0,0.3456979036444022,1.0,100
long-billed_hermits,long-billed_hermits/44kKz_songtype_segment_analysis_sep_2019.wav_137.wav,0,comb,5244.5808305,2065.7345608542646,167.01223604450155,0.0,-0.6078513788773772,1.0,100
long-billed_hermits,long-billed_hermits/44kKz_songtype_segment_analysis_sep_2019.wav_137.wav,0,comb_noexempt,5244.5808305,116.22149185687313,107.52854497431608,1.0,0.606352563422659,1.0,100
long-billed_hermits,long-billed_hermits/44kKz_songtype_segment_analysis_sep_2019.wav_137.wav,0,pyin,5244.5808305,454.3444970504014,107.82176506041603,1.0,-0.4816047847707885,0.99,99
long-billed_hermits,long-billed_hermits/44kKz_songtype_segment_analysis_sep_2019.wav_137.wav,1,comb,5244.5808305,2472.0152522805975,220.6479493546986,0.0,0.20313740589986556,1.0,100
long-billed_hermits,long-billed_hermits/44kKz_songtype_segment_analysis_sep_2019.wav_137.wav,1,comb_noexempt,5244.5808305,860.668764007729,116.01356310838993,1.0,-0.29499087623467124,1.0,100
long-billed_hermits,long-billed_hermits/44kKz_songtype_segment_analysis_sep_2019.wav_137.wav,1,pyin,5244.5808305,1302.2236644198124,102.22366441981235,0.0,-0.20204871933970794,0.11,11
long-billed_hermits,long-billed_hermits/44kKz_songtype_segment_analysis_sep_2019.wav_137.wav,2,comb,5244.5808305,2081.5108417731826,273.4517832049952,0.0,-0.40889876309045375,1.0,100
long-billed_hermits,long-billed_hermits/44kKz_songtype_segment_analysis_sep_2019.wav_137.wav,2,comb_noexempt,5244.5808305,1731.2121265330074,127.03758527591364,0.0,-0.7231533249324074,1.0,100
long-billed_hermits,long-billed_hermits/44kKz_songtype_segment_analysis_sep_2019.wav_137.wav,2,pyin,5244.5808305,1850.2769320862624,184.40740299591602,0.0,-0.7974281290870651,1.0,100
long-billed_hermits,long-billed_hermits/44kKz_songtype_segment_analysis_sep_2019.wav_137.wav,3,comb,5244.5808305,2585.2632084027746,278.0681509528688,0.0,0.44284392915628207,1.0,100
long-billed_hermits,long-billed_hermits/44kKz_songtype_segment_analysis_sep_2019.wav_137.wav,3,comb_noexempt,5244.5808305,2205.2421983711683,226.69699679130878,0.0,-0.5210380709357108,1.0,100
long-billed_hermits,long-billed_hermits/44kKz_songtype_segment_analysis_sep_2019.wav_137.wav,3,pyin,5244.5808305,545.5034295060125,421.7262699534156,1.0,-0.49132605806339286,0.83,83
long-billed_hermits,long-billed_hermits/44kKz_songtype_segment_analysis_sep_2019.wav_138.wav,0,comb,5606.562567500001,2440.0056330038087,197.1875651054586,0.0,0.35603487138507833,1.0,100
long-billed_hermits,long-billed_hermits/44kKz_songtype_segment_analysis_sep_2019.wav_138.wav,0,comb_noexempt,5606.562567500001,331.03754462435404,210.48773704854239,1.0,0.13782291179134568,1.0,100
long-billed_hermits,long-billed_hermits/44kKz_songtype_segment_analysis_sep_2019.wav_138.wav,0,pyin,5606.562567500001,284.6581478398751,206.70823167647634,1.0,0.5729341553482867,0.96,96
long-billed_hermits,long-billed_hermits/44kKz_songtype_segment_analysis_sep_2019.wav_138.wav,1,comb,5606.562567500001,2618.731498753179,286.4360927214126,0.0,0.22973155453154978,1.0,100
long-billed_hermits,long-billed_hermits/44kKz_songtype_segment_analysis_sep_2019.wav_138.wav,1,comb_noexempt,5606.562567500001,488.20914808270516,241.68424044846105,1.0,-0.6596867246388312,1.0,100
long-billed_hermits,long-billed_hermits/44kKz_songtype_segment_analysis_sep_2019.wav_138.wav,1,pyin,5606.562567500001,669.0902153779513,286.1489164859433,1.0,-0.6106027950374581,0.93,93
long-billed_hermits,long-billed_hermits/44kKz_songtype_segment_analysis_sep_2019.wav_138.wav,2,comb,5606.562567500001,2645.2263927563317,280.8725654140205,0.0,-0.16017588323087686,1.0,100
long-billed_hermits,long-billed_hermits/44kKz_songtype_segment_analysis_sep_2019.wav_138.wav,2,comb_noexempt,5606.562567500001,1842.0903884588452,185.82920609612847,0.0,0.15850720434505305,1.0,100
long-billed_hermits,long-billed_hermits/44kKz_songtype_segment_analysis_sep_2019.wav_138.wav,2,pyin,5606.562567500001,1789.3212429780033,175.98486910821475,0.0,-0.18172770942007183,1.0,100
long-billed_hermits,long-billed_hermits/44kKz_songtype_segment_analysis_sep_2019.wav_138.wav,3,comb,5606.562567500001,2675.645713042183,295.23478262484815,0.0,0.5065649412706756,1.0,100
long-billed_hermits,long-billed_hermits/44kKz_songtype_segment_analysis_sep_2019.wav_138.wav,3,comb_noexempt,5606.562567500001,1010.7945678594328,218.66730844949447,0.0,0.2238710997156214,1.0,100
long-billed_hermits,long-billed_hermits/44kKz_songtype_segment_analysis_sep_2019.wav_141.wav,0,comb,6465.526247,2858.825257722168,458.82525772216815,0.0,0.6369871798377051,1.0,100
long-billed_hermits,long-billed_hermits/44kKz_songtype_segment_analysis_sep_2019.wav_141.wav,0,comb_noexempt,6465.526247,229.6256625864313,117.63717589952358,1.0,0.8529142203156211,1.0,100
long-billed_hermits,long-billed_hermits/44kKz_songtype_segment_analysis_sep_2019.wav_141.wav,0,pyin,6465.526247,52.32271169152146,52.32271169152146,1.0,,0.02,2
long-billed_hermits,long-billed_hermits/44kKz_songtype_segment_analysis_sep_2019.wav_141.wav,1,comb,6465.526247,2730.082792927492,338.28872727593796,0.0,0.7388878824685337,1.0,100
long-billed_hermits,long-billed_hermits/44kKz_songtype_segment_analysis_sep_2019.wav_141.wav,1,comb_noexempt,6465.526247,274.04299394177497,104.93139607204748,1.0,-0.7064895657719891,1.0,100
long-billed_hermits,long-billed_hermits/44kKz_songtype_segment_analysis_sep_2019.wav_141.wav,1,pyin,6465.526247,1243.4069250915186,87.85194165824302,0.0,,0.16,16
long-billed_hermits,long-billed_hermits/44kKz_songtype_segment_analysis_sep_2019.wav_141.wav,2,comb,6465.526247,2936.0779913913498,536.07799139135,0.0,-0.03098062094258952,1.0,100
long-billed_hermits,long-billed_hermits/44kKz_songtype_segment_analysis_sep_2019.wav_141.wav,2,comb_noexempt,6465.526247,1509.919311087095,170.67424113827798,0.0,-0.4694474654919921,1.0,100
long-billed_hermits,long-billed_hermits/44kKz_songtype_segment_analysis_sep_2019.wav_141.wav,2,pyin,6465.526247,2144.199509738037,174.7044019115034,0.0,,0.03,3
long-billed_hermits,long-billed_hermits/44kKz_songtype_segment_analysis_sep_2019.wav_14.wav,0,comb,3580.743449,1844.6401794928115,134.19945013284487,0.0,-0.6619626065277193,1.0,100
long-billed_hermits,long-billed_hermits/44kKz_songtype_segment_analysis_sep_2019.wav_14.wav,0,comb_noexempt,3580.743449,355.2720446665567,143.75910233011973,1.0,0.6046848071222755,1.0,100
long-billed_hermits,long-billed_hermits/44kKz_songtype_segment_analysis_sep_2019.wav_14.wav,0,pyin,3580.743449,201.28762191622081,163.93474098449,1.0,0.6272111667002869,0.98,98
long-billed_hermits,long-billed_hermits/44kKz_songtype_segment_analysis_sep_2019.wav_14.wav,1,comb,3580.743449,1886.4870064902548,215.15036495693363,0.0,-0.45193733448949397,1.0,100
long-billed_hermits,long-billed_hermits/44kKz_songtype_segment_analysis_sep_2019.wav_14.wav,1,comb_noexempt,3580.743449,819.6281676732865,155.74199211316088,1.0,-0.4900730346674835,1.0,100
long-billed_hermits,long-billed_hermits/44kKz_songtype_segment_analysis_sep_2019.wav_14.wav,1,pyin,3580.743449,939.3240375033022,126.27374443100341,1.0,-0.5319443100235158,1.0,100
long-billed_hermits,long-billed_hermits/44kKz_songtype_segment_analysis_sep_2019.wav_14.wav,2,comb,3580.743449,1781.0308870469062,141.99801063906733,0.0,0.5234920622516325,1.0,100
long-billed_hermits,long-billed_hermits/44kKz_songtype_segment_analysis_sep_2019.wav_14.wav,2,comb_noexempt,3580.743449,1626.0945761273397,177.26088857596017,0.0,0.5775596729679775,1.0,100
long-billed_hermits,long-billed_hermits/44kKz_songtype_segment_analysis_sep_2019.wav_14.wav,2,pyin,3580.743449,1675.8033312337361,165.2061886213331,0.0,0.3364614714177299,0.94,94
long-billed_hermits,long-billed_hermits/44kKz_songtype_segment_analysis_sep_2019.wav_14.wav,3,comb,3580.743449,1919.1135158386724,146.30350184683175,0.0,0.010204781204767834,1.0,100
long-billed_hermits,long-billed_hermits/44kKz_songtype_segment_analysis_sep_2019.wav_14.wav,3,comb_noexempt,3580.743449,2201.2785625079314,187.7745988927767,0.0,-0.2919260008582339,1.0,100
long-billed_hermits,long-billed_hermits/44kKz_songtype_segment_analysis_sep_2019.wav_14.wav,3,pyin,3580.743449,2483.487134410852,236.83410780506978,0.0,0.5219092518880188,1.0,100
long-billed_hermits,long-billed_hermits/44kKz_songtype_segment_analysis_sep_2019.wav_142.wav,0,comb,6106.424654,2813.711860977952,413.7118609779517,0.0,-0.04850823464351468,1.0,100
long-billed_hermits,long-billed_hermits/44kKz_songtype_segment_analysis_sep_2019.wav_142.wav,0,comb_noexempt,6106.424654,319.80362453952296,257.26124737650156,1.0,0.765116921166841,1.0,100
long-billed_hermits,long-billed_hermits/44kKz_songtype_segment_analysis_sep_2019.wav_142.wav,0,pyin,6106.424654,43.58596838819711,43.58596838819711,1.0,,0.01,1
long-billed_hermits,long-billed_hermits/44kKz_songtype_segment_analysis_sep_2019.wav_142.wav,1,comb,6106.424654,2485.7694232269932,218.24127237477865,0.0,0.6215133775874148,1.0,100
long-billed_hermits,long-billed_hermits/44kKz_songtype_segment_analysis_sep_2019.wav_142.wav,1,comb_noexempt,6106.424654,415.71771611235647,203.86754944266204,1.0,-0.6516974504701623,1.0,100
long-billed_hermits,long-billed_hermits/44kKz_songtype_segment_analysis_sep_2019.wav_142.wav,2,comb,6106.424654,1903.7784880205552,202.94948909412534,0.0,0.4773399197874113,1.0,100
long-billed_hermits,long-billed_hermits/44kKz_songtype_segment_analysis_sep_2019.wav_142.wav,2,comb_noexempt,6106.424654,1702.5172978883975,185.5024273140644,0.0,-0.05908154422817677,1.0,100
long-billed_hermits,long-billed_hermits/44kKz_songtype_segment_analysis_sep_2019.wav_142.wav,2,pyin,6106.424654,1244.7008559767978,49.54482255699067,0.0,,0.02,2
long-billed_hermits,long-billed_hermits/44kKz_songtype_segment_analysis_sep_2019.wav_144.wav,0,comb,5519.892052,2391.569700992647,164.85554917153792,0.0,-0.6914460471860571,1.0,100
long-billed_hermits,long-billed_hermits/44kKz_songtype_segment_analysis_sep_2019.wav_144.wav,0,comb_noexempt,5519.892052,467.2914965831895,265.24733011993476,1.0,0.623980360393534,1.0,100
long-billed_hermits,long-billed_hermits/44kKz_songtype_segment_analysis_sep_2019.wav_144.wav,1,comb,5519.892052,2139.767230656259,161.5658850201746,0.0,-0.5057835245340793,1.0,100
long-billed_hermits,long-billed_hermits/44kKz_songtype_segment_analysis_sep_2019.wav_144.wav,1,comb_noexempt,5519.892052,515.2340284006644,217.82219700076791,1.0,-0.5228778116690674,1.0,100
long-billed_hermits,long-billed_hermits/44kKz_songtype_segment_analysis_sep_2019.wav_144.wav,1,pyin,5519.892052,545.9861900867197,227.02488939555832,1.0,-0.674078419599358,0.88,88
long-billed_hermits,long-billed_hermits/44kKz_songtype_segment_analysis_sep_2019.wav_144.wav,2,comb,5519.892052,2550.973167920934,198.20754449391504,0.0,0.3810055667929992,1.0,100
long-billed_hermits,long-billed_hermits/44kKz_songtype_segment_analysis_sep_2019.wav_144.wav,2,comb_noexempt,5519.892052,1680.6064761943967,187.07784831122544,0.0,-0.5029391680136103,1.0,100
long-billed_hermits,long-billed_hermits/44kKz_songtype_segment_analysis_sep_2019.wav_144.wav,2,pyin,5519.892052,1777.6254265932378,155.8043089629059,0.0,-0.4778228086320906,1.0,100
long-billed_hermits,long-billed_hermits/44kKz_songtype_segment_analysis_sep_2019.wav_144.wav,3,comb,5519.892052,2706.136975883942,306.1369758839415,0.0,-0.007416251368826217,1.0,100
long-billed_hermits,long-billed_hermits/44kKz_songtype_segment_analysis_sep_2019.wav_144.wav,3,comb_noexempt,5519.892052,1028.8037098537393,224.87227863471006,0.0,-0.04153195373233959,1.0,100
long-billed_hermits,long-billed_hermits/44kKz_songtype_segment_analysis_sep_2019.wav_145.wav,0,comb,6309.915556961654,2728.7671911470916,329.94665593053674,0.0,0.5006603233246673,1.0,100
long-billed_hermits,long-billed_hermits/44kKz_songtype_segment_analysis_sep_2019.wav_145.wav,0,comb_noexempt,6309.915556961654,169.23358771415036,118.9719799275913,1.0,0.2553135820923994,1.0,100
long-billed_hermits,long-billed_hermits/44kKz_songtype_segment_analysis_sep_2019.wav_145.wav,0,pyin,6309.915556961654,135.83732264492411,88.83669219087182,1.0,0.524560808704394,1.0,100
long-billed_hermits,long-billed_hermits/44kKz_songtype_segment_analysis_sep_2019.wav_145.wav,1,comb,6309.915556961654,2835.712892690115,435.71289269011515,0.0,-0.3993400006808623,1.0,100
long-billed_hermits,long-billed_hermits/44kKz_songtype_segment_analysis_sep_2019.wav_145.wav,1,comb_noexempt,6309.915556961654,1143.7578444504147,177.04857639957305,0.0,0.5430681513841383,1.0,100
long-billed_hermits,long-billed_hermits/44kKz_songtype_segment_analysis_sep_2019.wav_145.wav,1,pyin,6309.915556961654,189.5636363089724,120.68271904825009,1.0,-0.7261052501029577,0.54,54
long-billed_hermits,long-billed_hermits/44kKz_songtype_segment_analysis_sep_2019.wav_145.wav,2,comb,6309.915556961654,2900.8765053634324,500.8765053634323,0.0,0.27368794375977323,1.0,100
long-billed_hermits,long-billed_hermits/44kKz_songtype_segment_analysis_sep_2019.wav_145.wav,2,comb_noexempt,6309.915556961654,1874.0851686023543,166.2945945659742,0.0,0.776212949681248,1.0,100
long-billed_hermits,long-billed_hermits/44kKz_songtype_segment_analysis_sep_2019.wav_145.wav,2,pyin,6309.915556961654,508.39936107303004,194.87613684372678,1.0,-0.6100561842800994,0.97,97
long-billed_hermits,long-billed_hermits/44kKz_songtype_segment_analysis_sep_2019.wav_147.wav,0,comb,3425.132759,1623.3886745824557,155.6850569095024,0.0,-0.5103833516666557,1.0,100
long-billed_hermits,long-billed_hermits/44kKz_songtype_segment_analysis_sep_2019.wav_147.wav,0,comb_noexempt,3425.132759,139.47312020689023,111.67901460663948,1.0,0.6652103618108947,1.0,100
long-billed_hermits,long-billed_hermits/44kKz_songtype_segment_analysis_sep_2019.wav_147.wav,0,pyin,3425.132759,64.70440191150335,64.70440191150335,1.0,,0.02,2
long-billed_hermits,long-billed_hermits/44kKz_songtype_segment_analysis_sep_2019.wav_147.wav,1,comb,3425.132759,1691.4337684958841,161.68159108859155,0.0,0.3399771720964873,1.0,100
long-billed_hermits,long-billed_hermits/44kKz_songtype_segment_analysis_sep_2019.wav_147.wav,1,comb_noexempt,3425.132759,1145.974719792187,131.92516605289728,0.0,-0.030425470424023146,1.0,100
long-billed_hermits,long-billed_hermits/44kKz_songtype_segment_analysis_sep_2019.wav_147.wav,1,pyin,3425.132759,1865.2955980884967,36.65940277689067,0.0,,0.01,1
long-billed_hermits,long-billed_hermits/44kKz_songtype_segment_analysis_sep_2019.wav_147.wav,2,comb,3425.132759,1674.7602011226031,164.67244113019822,0.0,-0.10999611828102039,1.0,100
long-billed_hermits,long-billed_hermits/44kKz_songtype_segment_analysis_sep_2019.wav_147.wav,2,comb_noexempt,3425.132759,1690.7056443290917,156.7368073370174,0.0,0.20961812031931545,1.0,100
long-billed_hermits,long-billed_hermits/44kKz_songtype_segment_analysis_sep_2019.wav_147.wav,2,pyin,3425.132759,2335.2955980884967,64.70440191150335,0.0,,0.03,3
long-billed_hermits,long-billed_hermits/44kKz_songtype_segment_analysis_sep_2019.wav_147.wav,3,comb,3425.132759,1798.5251209240078,151.20483039191078,0.0,0.2867476796864646,1.0,100
long-billed_hermits,long-billed_hermits/44kKz_songtype_segment_analysis_sep_2019.wav_147.wav,3,comb_noexempt,3425.132759,2335.6692510739613,176.82149910159836,0.0,-0.2575393453593283,1.0,100
long-billed_hermits,long-billed_hermits/44kKz_songtype_segment_analysis_sep_2019.wav_149.wav,0,comb,5292.6418140000005,2527.4976938306577,221.13672916142693,0.0,-0.8028305469156836,1.0,100
long-billed_hermits,long-billed_hermits/44kKz_songtype_segment_analysis_sep_2019.wav_149.wav,0,comb_noexempt,5292.6418140000005,264.7503859826519,240.21076091183028,1.0,0.8296812262055622,1.0,100
long-billed_hermits,long-billed_hermits/44kKz_songtype_segment_analysis_sep_2019.wav_149.wav,0,pyin,5292.6418140000005,58.0783434073595,58.0783434073595,1.0,,0.02,2
long-billed_hermits,long-billed_hermits/44kKz_songtype_segment_analysis_sep_2019.wav_149.wav,1,comb,5292.6418140000005,1426.5335935708008,92.89552598551893,0.0,0.5574929509937371,1.0,100
long-billed_hermits,long-billed_hermits/44kKz_songtype_segment_analysis_sep_2019.wav_149.wav,1,comb_noexempt,5292.6418140000005,679.0742323530056,179.80053357029243,1.0,-0.39883725669367553,1.0,100
long-billed_hermits,long-billed_hermits/44kKz_songtype_segment_analysis_sep_2019.wav_149.wav,1,pyin,5292.6418140000005,1107.6173459179154,281.3972250951749,0.0,6.58435240258797e-16,0.18,18
long-billed_hermits,long-billed_hermits/44kKz_songtype_segment_analysis_sep_2019.wav_149.wav,2,comb,5292.6418140000005,2489.586403284796,235.5523413424658,0.0,0.27292634621828027,1.0,100
long-billed_hermits,long-billed_hermits/44kKz_songtype_segment_analysis_sep_2019.wav_149.wav,2,comb_noexempt,5292.6418140000005,1732.5587815581716,122.51006026611628,0.0,0.4003392937782841,1.0,100
long-billed_hermits,long-billed_hermits/44kKz_songtype_segment_analysis_sep_2019.wav_149.wav,2,pyin,5292.6418140000005,3253.157571832252,853.1575718322524,0.0,,0.07,7
long-billed_hermits,long-billed_hermits/44kKz_songtype_segment_analysis_sep_2019.wav_149.wav,3,comb,5292.6418140000005,2622.68714972818,247.53882494664987,0.0,0.4558461853702571,1.0,100
long-billed_hermits,long-billed_hermits/44kKz_songtype_segment_analysis_sep_2019.wav_149.wav,3,comb_noexempt,5292.6418140000005,2179.617943803263,171.65810339065834,0.0,0.10078099884316478,1.0,100
long-billed_hermits,long-billed_hermits/44kKz_songtype_segment_analysis_sep_2019.wav_149.wav,3,pyin,5292.6418140000005,460.61875647590944,255.11118717249536,1.0,9.121194192607062e-17,0.36,36
long-billed_hermits,long-billed_hermits/44kKz_songtype_segment_analysis_sep_2019.wav_15.wav,0,comb,6065.840566000001,2764.1675178775045,364.16751787750445,0.0,0.516771508681719,1.0,100
long-billed_hermits,long-billed_hermits/44kKz_songtype_segment_analysis_sep_2019.wav_15.wav,0,comb_noexempt,6065.840566000001,1076.8834842947988,195.17987245853533,0.0,0.19929396321617376,1.0,100
long-billed_hermits,long-billed_hermits/44kKz_songtype_segment_analysis_sep_2019.wav_15.wav,0,pyin,6065.840566000001,162.27732672385005,149.97098588582534,1.0,0.7751382033161281,0.68,68
long-billed_hermits,long-billed_hermits/44kKz_songtype_segment_analysis_sep_2019.wav_15.wav,1,comb,6065.840566000001,2787.044115308425,387.04411530842424,0.0,0.45574674734704085,1.0,100
long-billed_hermits,long-billed_hermits/44kKz_songtype_segment_analysis_sep_2019.wav_15.wav,1,comb_noexempt,6065.840566000001,901.7611890887033,301.66423089181984,0.0,-0.18628310965582168,1.0,100
long-billed_hermits,long-billed_hermits/44kKz_songtype_segment_analysis_sep_2019.wav_15.wav,1,pyin,6065.840566000001,997.5918355285019,286.275167154327,0.0,0.5547860351367967,0.98,98
long-billed_hermits,long-billed_hermits/44kKz_songtype_segment_analysis_sep_2019.wav_15.wav,2,comb,6065.840566000001,2698.3213012837914,298.3213012837915,0.0,0.13563314758182454,1.0,100
long-billed_hermits,long-billed_hermits/44kKz_songtype_segment_analysis_sep_2019.wav_15.wav,2,comb_noexempt,6065.840566000001,1704.45432612095,191.13961977472422,0.0,0.668201769512885,1.0,100
long-billed_hermits,long-billed_hermits/44kKz_songtype_segment_analysis_sep_2019.wav_151.wav,0,comb,6063.9320365,2516.600220388637,182.13847196002857,0.0,0.47873049415880164,1.0,100
long-billed_hermits,long-billed_hermits/44kKz_songtype_segment_analysis_sep_2019.wav_151.wav,0,comb_noexempt,6063.9320365,278.13902269004313,221.5628860406119,1.0,0.7157976878369792,1.0,100
long-billed_hermits,long-billed_hermits/44kKz_songtype_segment_analysis_sep_2019.wav_151.wav,0,pyin,6063.9320365,112.89922600504654,112.89922600504654,1.0,0.8371815404143028,0.75,75
long-billed_hermits,long-billed_hermits/44kKz_songtype_segment_analysis_sep_2019.wav_151.wav,1,comb,6063.9320365,2753.954836443383,353.9548364433832,0.0,-0.5775130024711634,1.0,100
long-billed_hermits,long-billed_hermits/44kKz_songtype_segment_analysis_sep_2019.wav_151.wav,1,comb_noexempt,6063.9320365,811.890163655024,388.10983634497586,0.0,-0.6152605719480949,1.0,100
long-billed_hermits,long-billed_hermits/44kKz_songtype_segment_analysis_sep_2019.wav_151.wav,1,pyin,6063.9320365,1031.3751448231192,202.65080340813742,0.0,0.16465814250782262,0.99,99
long-billed_hermits,long-billed_hermits/44kKz_songtype_segment_analysis_sep_2019.wav_151.wav,2,comb,6063.9320365,2793.416611104907,393.41661110490713,0.0,-0.287389397708842,1.0,100
long-billed_hermits,long-billed_hermits/44kKz_songtype_segment_analysis_sep_2019.wav_151.wav,2,comb_noexempt,6063.9320365,1757.1446828096346,238.04141253213572,0.0,0.6315573464327177,1.0,100
long-billed_hermits,long-billed_hermits/44kKz_songtype_segment_analysis_sep_2019.wav_151.wav,2,pyin,6063.9320365,593.65670425293,410.7887405070735,1.0,-0.04067779409982864,0.88,88
long-billed_hermits,long-billed_hermits/44kKz_songtype_segment_analysis_sep_2019.wav_152.wav,0,comb,5639.592583,2449.9374110809276,186.78184001120604,0.0,0.027540354855142737,1.0,100
long-billed_hermits,long-billed_hermits/44kKz_songtype_segment_analysis_sep_2019.wav_152.wav,0,comb_noexempt,5639.592583,988.8871879195265,125.19242807806191,0.0,0.3996634891276445,1.0,100
long-billed_hermits,long-billed_hermits/44kKz_songtype_segment_analysis_sep_2019.wav_152.wav,0,pyin,5639.592583,263.02122296586873,215.31504335274155,1.0,-0.33659379918300086,0.99,99
long-billed_hermits,long-billed_hermits/44kKz_songtype_segment_analysis_sep_2019.wav_152.wav,1,comb,5639.592583,2670.87887590238,285.43323386134153,0.0,-0.660941403075491,1.0,100
long-billed_hermits,long-billed_hermits/44kKz_songtype_segment_analysis_sep_2019.wav_152.wav,1,comb_noexempt,5639.592583,457.7562217514545,162.18804355771334,1.0,-0.576573296740712,1.0,100
long-billed_hermits,long-billed_hermits/44kKz_songtype_segment_analysis_sep_2019.wav_152.wav,1,pyin,5639.592583,1071.8818485663037,190.17689340044433,0.0,0.7698777167823835,0.78,78
long-billed_hermits,long-billed_hermits/44kKz_songtype_segment_analysis_sep_2019.wav_152.wav,2,comb,5639.592583,2609.5603263352186,279.6763398374669,0.0,-0.5314342491814161,1.0,100
long-billed_hermits,long-billed_hermits/44kKz_songtype_segment_analysis_sep_2019.wav_152.wav,2,comb_noexempt,5639.592583,1652.5760340570698,159.31682041837885,0.0,-0.666336448710665,1.0,100
long-billed_hermits,long-billed_hermits/44kKz_songtype_segment_analysis_sep_2019.wav_152.wav,2,pyin,5639.592583,1693.1711541858049,194.58599543432393,0.0,0.1487882693731715,0.87,87
long-billed_hermits,long-billed_hermits/44kKz_songtype_segment_analysis_sep_2019.wav_152.wav,3,comb,5639.592583,2702.2033892968893,332.3374107413349,0.0,-0.3374472629994007,1.0,100
long-billed_hermits,long-billed_hermits/44kKz_songtype_segment_analysis_sep_2019.wav_152.wav,3,comb_noexempt,5639.592583,1025.4946369480615,241.39448876028354,0.0,0.4175177943693485,1.0,100
long-billed_hermits,long-billed_hermits/44kKz_songtype_segment_analysis_sep_2019.wav_154.wav,0,comb,7040.0887965,2856.9575069713337,459.22958620453164,0.0,-0.914880745178432,1.0,100
long-billed_hermits,long-billed_hermits/44kKz_songtype_segment_analysis_sep_2019.wav_154.wav,0,comb_noexempt,7040.0887965,95.16644502651974,95.16644502651974,1.0,0.9310507404068727,1.0,100
long-billed_hermits,long-billed_hermits/44kKz_songtype_segment_analysis_sep_2019.wav_154.wav,0,pyin,7040.0887965,90.18611658284661,90.18611658284661,1.0,,0.01,1
long-billed_hermits,long-billed_hermits/44kKz_songtype_segment_analysis_sep_2019.wav_154.wav,1,comb,7040.0887965,2985.669366505963,585.6693665059631,0.0,-0.40410669086726503,1.0,100
long-billed_hermits,long-billed_hermits/44kKz_songtype_segment_analysis_sep_2019.wav_154.wav,1,comb_noexempt,7040.0887965,1137.6456619185515,175.2084590550431,0.0,0.2103594425959851,1.0,100
long-billed_hermits,long-billed_hermits/44kKz_songtype_segment_analysis_sep_2019.wav_154.wav,1,pyin,7040.0887965,1168.4972618542256,53.308979102072044,0.0,,0.19,19
long-billed_hermits,long-billed_hermits/44kKz_songtype_segment_analysis_sep_2019.wav_154.wav,2,comb,7040.0887965,3100.760946959652,700.7609469596521,0.0,-0.14338877995081747,1.0,100
long-billed_hermits,long-billed_hermits/44kKz_songtype_segment_analysis_sep_2019.wav_154.wav,2,comb_noexempt,7040.0887965,1677.2190128774682,283.357283026967,0.0,0.6498670202045447,1.0,100
long-billed_hermits,long-billed_hermits/44kKz_songtype_segment_analysis_sep_2019.wav_154.wav,2,pyin,7040.0887965,550.3553194119771,266.6910208979281,1.0,0.0,0.47,47
long-billed_hermits,long-billed_hermits/44kKz_songtype_segment_analysis_sep_2019.wav_156.wav,0,comb,3963.785148,98.02089398730212,89.05505911828843,1.0,0.628118874339116,1.0,100
long-billed_hermits,long-billed_hermits/44kKz_songtype_segment_analysis_sep_2019.wav_156.wav,0,comb_noexempt,3963.785148,99.81156649337724,91.08296080613343,1.0,0.6035070038503386,1.0,100
long-billed_hermits,long-billed_hermits/44kKz_songtype_segment_analysis_sep_2019.wav_156.wav,0,pyin,3963.785148,84.94565056109263,84.94565056109263,1.0,0.8451591276212463,0.86,86
long-billed_hermits,long-billed_hermits/44kKz_songtype_segment_analysis_sep_2019.wav_156.wav,1,comb,3963.785148,1949.9764498175473,139.56308108689558,0.0,-0.1337096303475232,1.0,100
long-billed_hermits,long-billed_hermits/44kKz_songtype_segment_analysis_sep_2019.wav_156.wav,1,comb_noexempt,3963.785148,1137.7422519565994,89.07562477241146,0.0,0.44041723155578244,1.0,100
long-billed_hermits,long-billed_hermits/44kKz_songtype_segment_analysis_sep_2019.wav_156.wav,1,pyin,3963.785148,1146.3320170208685,80.8152653946155,0.0,0.18135635200463038,1.0,100
long-billed_hermits,long-billed_hermits/44kKz_songtype_segment_analysis_sep_2019.wav_156.wav,2,comb,3963.785148,102.45079984367044,97.06564206546906,1.0,0.6407288748297442,1.0,100
long-billed_hermits,long-billed_hermits/44kKz_songtype_segment_analysis_sep_2019.wav_156.wav,2,comb_noexempt,3963.785148,102.45079984367044,94.8327116374636,1.0,0.6413428643474911,1.0,100
long-billed_hermits,long-billed_hermits/44kKz_songtype_segment_analysis_sep_2019.wav_156.wav,2,pyin,3963.785148,1742.2662560916215,138.11168776814034,0.0,-0.5392637215287669,0.77,77
long-billed_hermits,long-billed_hermits/44kKz_songtype_segment_analysis_sep_2019.wav_156.wav,3,comb,3963.785148,1811.5732177379634,138.194231358023,0.0,0.41479377294597297,1.0,100
long-billed_hermits,long-billed_hermits/44kKz_songtype_segment_analysis_sep_2019.wav_156.wav,3,comb_noexempt,3963.785148,1927.7525023617457,79.1393367586137,0.0,0.691135750736274,1.0,100
long-billed_hermits,long-billed_hermits/44kKz_songtype_segment_analysis_sep_2019.wav_156.wav,3,pyin,3963.785148,2809.6130900739345,409.61309007393425,0.0,-0.4296006818656788,0.45,45
long-billed_hermits,long-billed_hermits/44kKz_songtype_segment_analysis_sep_2019.wav_157.wav,0,comb,4380.99383,2207.008468562388,180.4135937174849,0.0,-0.53220487659748,1.0,100
long-billed_hermits,long-billed_hermits/44kKz_songtype_segment_analysis_sep_2019.wav_157.wav,0,comb_noexempt,4380.99383,554.1212221587311,282.0344046395691,1.0,0.21730601558103121,1.0,100
long-billed_hermits,long-billed_hermits/44kKz_songtype_segment_analysis_sep_2019.wav_157.wav,0,pyin,4380.99383,85.54658258367981,85.54658258367981,1.0,,0.05,5
long-billed_hermits,long-billed_hermits/44kKz_songtype_segment_analysis_sep_2019.wav_157.wav,1,comb,4380.99383,2190.7181287921308,192.63551591335263,0.0,-0.3595091685623565,1.0,100
long-billed_hermits,long-billed_hermits/44kKz_songtype_segment_analysis_sep_2019.wav_157.wav,1,comb_noexempt,4380.99383,906.5174315091663,163.0481856784003,0.0,-0.3623283981547937,1.0,100
long-billed_hermits,long-billed_hermits/44kKz_songtype_segment_analysis_sep_2019.wav_157.wav,1,pyin,4380.99383,649.3828558795044,550.6171441204957,0.0,,0.05,5
long-billed_hermits,long-billed_hermits/44kKz_songtype_segment_analysis_sep_2019.wav_157.wav,2,comb,4380.99383,392.85190345230205,165.66898222696713,1.0,0.5169888533138282,1.0,100
long-billed_hermits,long-billed_hermits/44kKz_songtype_segment_analysis_sep_2019.wav_157.wav,2,comb_noexempt,4380.99383,1587.222520511245,157.32422436289215,0.0,-0.0787820064245367,1.0,100
long-billed_hermits,long-billed_hermits/44kKz_songtype_segment_analysis_sep_2019.wav_157.wav,2,pyin,4380.99383,2753.0456761935407,353.0456761935406,0.0,3.69586135942505e-16,0.19,19
long-billed_hermits,long-billed_hermits/44kKz_songtype_segment_analysis_sep_2019.wav_157.wav,3,comb,4380.99383,2254.621006569276,208.92958518142714,0.0,0.016481209161308207,1.0,100
long-billed_hermits,long-billed_hermits/44kKz_songtype_segment_analysis_sep_2019.wav_157.wav,3,comb_noexempt,4380.99383,2261.8596613339378,213.39108156485332,0.0,0.14165333136124705,1.0,100
long-billed_hermits,long-billed_hermits/44kKz_songtype_segment_analysis_sep_2019.wav_157.wav,3,pyin,4380.99383,436.25411767048894,305.8563767585578,1.0,3.726127091119635e-16,0.99,99
long-billed_hermits,long-billed_hermits/44kKz_songtype_segment_analysis_sep_2019.wav_159.wav,0,comb,6692.92697,2923.0348895738125,523.0348895738123,0.0,-0.36167575111914646,1.0,100
long-billed_hermits,long-billed_hermits/44kKz_songtype_segment_analysis_sep_2019.wav_159.wav,0,comb_noexempt,6692.92697,1305.000818169922,131.5071683300989,0.0,0.7644957087683645,1.0,100
long-billed_hermits,long-billed_hermits/44kKz_songtype_segment_analysis_sep_2019.wav_159.wav,0,pyin,6692.92697,127.19637254873784,127.19637254873784,1.0,3.40785708682198e-16,0.35,35
long-billed_hermits,long-billed_hermits/44kKz_songtype_segment_analysis_sep_2019.wav_159.wav,1,comb,6692.92697,2943.5257959941164,543.5257959941166,0.0,0.2187119956491195,1.0,100
long-billed_hermits,long-billed_hermits/44kKz_songtype_segment_analysis_sep_2019.wav_159.wav,1,comb_noexempt,6692.92697,759.3971460052886,431.0462069527776,0.0,-0.5065124675370023,1.0,100
long-billed_hermits,long-billed_hermits/44kKz_songtype_segment_analysis_sep_2019.wav_159.wav,2,comb,6692.92697,3004.698096606113,604.6980966061129,0.0,-0.03456440629581336,1.0,100
long-billed_hermits,long-billed_hermits/44kKz_songtype_segment_analysis_sep_2019.wav_159.wav,2,comb_noexempt,6692.92697,1760.2273485129745,257.35915383400925,0.0,0.26756103040003193,1.0,100
long-billed_hermits,long-billed_hermits/44kKz_songtype_segment_analysis_sep_2019.wav_159.wav,2,pyin,6692.92697,242.8898693385326,146.00239827026198,1.0,9.438420550717177e-17,0.62,62
long-billed_hermits,long-billed_hermits/44kKz_songtype_segment_analysis_sep_2019.wav_16.wav,0,comb,6195.4317,2833.4415008216756,433.4415008216758,0.0,0.06002813019519305,1.0,100
long-billed_hermits,long-billed_hermits/44kKz_songtype_segment_analysis_sep_2019.wav_16.wav,0,comb_noexempt,6195.4317,223.0576664410324,104.78109581567517,1.0,0.3236496806028002,1.0,100
long-billed_hermits,long-billed_hermits/44kKz_songtype_segment_analysis_sep_2019.wav_16.wav,0,pyin,6195.4317,101.04851299673912,101.04851299673912,1.0,0.806998460325079,0.43,43
long-billed_hermits,long-billed_hermits/44kKz_songtype_segment_analysis_sep_2019.wav_16.wav,1,comb,6195.4317,2844.824605974587,444.824605974587,0.0,0.24542796729938313,1.0,100
long-billed_hermits,long-billed_hermits/44kKz_songtype_segment_analysis_sep_2019.wav_16.wav,1,comb_noexempt,6195.4317,1022.2643021394476,212.63709419213683,0.0,0.05315928828979119,1.0,100
long-billed_hermits,long-billed_hermits/44kKz_songtype_segment_analysis_sep_2019.wav_16.wav,1,pyin,6195.4317,998.99255661234,238.18034456749257,0.0,0.38337346921936694,1.0,100
long-billed_hermits,long-billed_hermits/44kKz_songtype_segment_analysis_sep_2019.wav_16.wav,2,comb,6195.4317,2751.2800515730405,351.2800515730404,0.0,-0.3913561420289436,1.0,100
long-billed_hermits,long-billed_hermits/44kKz_songtype_segment_analysis_sep_2019.wav_16.wav,2,comb_noexempt,6195.4317,1647.1371945654707,171.0869016924115,0.0,0.17346416477422366,1.0,100
long-billed_hermits,long-billed_hermits/44kKz_songtype_segment_analysis_sep_2019.wav_161.wav,0,comb,7358.7634105,1830.6600878190561,89.56413890922676,0.0,-0.2019589787831724,1.0,100
long-billed_hermits,long-billed_hermits/44kKz_songtype_segment_analysis_sep_2019.wav_161.wav,0,comb_noexempt,7358.7634105,87.11075412863534,87.11075412863534,1.0,0.9240945966865115,1.0,100
long-billed_hermits,long-billed_hermits/44kKz_songtype_segment_analysis_sep_2019.wav_161.wav,0,pyin,7358.7634105,80.17412925087949,80.17412925087949,1.0,-1.4748912859809146e-15,0.23,23
long-billed_hermits,long-billed_hermits/44kKz_songtype_segment_analysis_sep_2019.wav_161.wav,1,comb,7358.7634105,2960.949445754002,560.9494457540025,0.0,-0.9029854289722733,1.0,100
long-billed_hermits,long-billed_hermits/44kKz_songtype_segment_analysis_sep_2019.wav_161.wav,1,comb_noexempt,7358.7634105,1196.1970398917165,126.81395816508454,0.0,0.6821527470066816,1.0,100
long-billed_hermits,long-billed_hermits/44kKz_songtype_segment_analysis_sep_2019.wav_161.wav,1,pyin,7358.7634105,1267.057601955555,86.65236162767872,0.0,6.339372168431252e-16,0.13,13
long-billed_hermits,long-billed_hermits/44kKz_songtype_segment_analysis_sep_2019.wav_161.wav,2,comb,7358.7634105,3181.5263152139178,781.526315213918,0.0,-0.5575989897196708,1.0,100
long-billed_hermits,long-billed_hermits/44kKz_songtype_segment_analysis_sep_2019.wav_161.wav,2,comb_noexempt,7358.7634105,1617.7811131326498,293.2709260413477,0.0,-0.2587432079052329,1.0,100
long-billed_hermits,long-billed_hermits/44kKz_songtype_segment_analysis_sep_2019.wav_161.wav,2,pyin,7358.7634105,818.4341072960129,369.8807047522156,0.0,6.182443871709889e-16,0.53,53
long-billed_hermits,long-billed_hermits/44kKz_songtype_segment_analysis_sep_2019.wav_163.wav,0,comb,5483.9818925,2538.4364303664042,298.8973576314644,0.0,-0.06769006929871944,1.0,100
long-billed_hermits,long-billed_hermits/44kKz_songtype_segment_analysis_sep_2019.wav_163.wav,0,comb_noexempt,5483.9818925,363.4894730365701,184.9269664619029,1.0,-0.16764770563934717,1.0,100
long-billed_hermits,long-billed_hermits/44kKz_songtype_segment_analysis_sep_2019.wav_163.wav,0,pyin,5483.9818925,275.1588560878697,211.18253236905525,1.0,0.6750155970175147,0.83,83
long-billed_hermits,long-billed_hermits/44kKz_songtype_segment_analysis_sep_2019.wav_163.wav,1,comb,5483.9818925,2295.13207372735,235.30077619416568,0.0,0.6468854529830861,1.0,100
long-billed_hermits,long-billed_hermits/44kKz_songtype_segment_analysis_sep_2019.wav_163.wav,1,comb_noexempt,5483.9818925,534.7105260624974,200.70302316429257,1.0,-0.44970953224126453,1.0,100
long-billed_hermits,long-billed_hermits/44kKz_songtype_segment_analysis_sep_2019.wav_163.wav,1,pyin,5483.9818925,596.673807293188,213.2628379399285,1.0,-0.6586141437433132,1.0,100
long-billed_hermits,long-billed_hermits/44kKz_songtype_segment_analysis_sep_2019.wav_163.wav,2,comb,5483.9818925,2668.4412985682748,302.092446344576,0.0,0.041311850525013204,1.0,100
long-billed_hermits,long-billed_hermits/44kKz_songtype_segment_analysis_sep_2019.wav_163.wav,2,comb_noexempt,5483.9818925,1701.2749805803242,173.71873259236634,0.0,-0.1673148643734366,1.0,100
long-billed_hermits,long-billed_hermits/44kKz_songtype_segment_analysis_sep_2019.wav_163.wav,2,pyin,5483.9818925,1839.2392475415886,205.56919897142242,0.0,-0.028916374925389017,1.0,100
long-billed_hermits,long-billed_hermits/44kKz_songtype_segment_analysis_sep_2019.wav_163.wav,3,comb,5483.9818925,2668.748685583771,302.1651608906234,0.0,-0.3800312959123444,1.0,100
long-billed_hermits,long-billed_hermits/44kKz_songtype_segment_analysis_sep_2019.wav_163.wav,3,comb_noexempt,5483.9818925,1067.24378414172,253.84104770738867,0.0,-0.31010416853176276,1.0,100
long-billed_hermits,long-billed_hermits/44kKz_songtype_segment_analysis_sep_2019.wav_17.wav,0,comb,3751.974511,143.7970011986125,106.68861472307182,1.0,0.3652531709942546,1.0,100
long-billed_hermits,long-billed_hermits/44kKz_songtype_segment_analysis_sep_2019.wav_17.wav,0,comb_noexempt,3751.974511,139.40875344020634,120.2118055982414,1.0,0.6711854448039828,1.0,100
long-billed_hermits,long-billed_hermits/44kKz_songtype_segment_analysis_sep_2019.wav_17.wav,0,pyin,3751.974511,113.24170457706626,113.24170457706626,1.0,0.8857627060835805,1.0,100
long-billed_hermits,long-billed_hermits/44kKz_songtype_segment_analysis_sep_2019.wav_17.wav,1,comb,3751.974511,1991.4726229572834,157.77137864398838,0.0,-0.20018096981035458,1.0,100
long-billed_hermits,long-billed_hermits/44kKz_songtype_segment_analysis_sep_2019.wav_17.wav,1,comb_noexempt,3751.974511,858.2851072723238,95.278546841582,0.0,-0.023688829253968674,1.0,100
long-billed_hermits,long-billed_hermits/44kKz_songtype_segment_analysis_sep_2019.wav_17.wav,1,pyin,3751.974511,988.124107320716,76.63150756475623,0.0,-0.0994307432090261,0.92,92
long-billed_hermits,long-billed_hermits/44kKz_songtype_segment_analysis_sep_2019.wav_17.wav,2,comb,3751.974511,2012.762585176974,255.21187685707946,0.0,-0.133574600914508,1.0,100
long-billed_hermits,long-billed_hermits/44kKz_songtype_segment_analysis_sep_2019.wav_17.wav,2,comb_noexempt,3751.974511,1744.6035277264664,110.89185370973976,0.0,0.4736134495430062,1.0,100
long-billed_hermits,long-billed_hermits/44kKz_songtype_segment_analysis_sep_2019.wav_17.wav,2,pyin,3751.974511,1810.5810024789391,97.46006837971528,0.0,0.592627497075582,0.99,99
long-billed_hermits,long-billed_hermits/44kKz_songtype_segment_analysis_sep_2019.wav_17.wav,3,comb,3751.974511,1922.3229227863221,274.50601988082815,0.0,-0.16054009153038037,1.0,100
long-billed_hermits,long-billed_hermits/44kKz_songtype_segment_analysis_sep_2019.wav_17.wav,3,comb_noexempt,3751.974511,2276.085820189842,268.901006214364,0.0,0.07547043702041203,1.0,100
long-billed_hermits,long-billed_hermits/44kKz_songtype_segment_analysis_sep_2019.wav_17.wav,3,pyin,3751.974511,2436.5586339061206,291.63814139745165,0.0,0.17660038968098152,1.0,100
long-billed_hermits,long-billed_hermits/44kKz_songtype_segment_analysis_sep_2019.wav_19.wav,0,comb,5603.6824240000005,2442.350799141445,111.18447874169432,0.0,0.49384730503607216,1.0,100
long-billed_hermits,long-billed_hermits/44kKz_songtype_segment_analysis_sep_2019.wav_19.wav,0,comb_noexempt,5603.6824240000005,2438.9714618039147,109.20489035118497,0.0,-0.577501034232213,1.0,100
long-billed_hermits,long-billed_hermits/44kKz_songtype_segment_analysis_sep_2019.wav_19.wav,0,pyin,5603.6824240000005,76.12735890140692,76.12735890140692,1.0,0.6585959779391084,0.4,40
long-billed_hermits,long-billed_hermits/44kKz_songtype_segment_analysis_sep_2019.wav_19.wav,1,comb,5603.6824240000005,2555.621237563986,243.61685172701692,0.0,-0.541583007577588,1.0,100
long-billed_hermits,long-billed_hermits/44kKz_songtype_segment_analysis_sep_2019.wav_19.wav,1,comb_noexempt,5603.6824240000005,655.9269629400915,407.56754627228116,0.0,0.4057345008382457,1.0,100
long-billed_hermits,long-billed_hermits/44kKz_songtype_segment_analysis_sep_2019.wav_19.wav,1,pyin,5603.6824240000005,1100.1135913058904,255.99981649494967,0.0,0.6037585343242086,0.61,61
long-billed_hermits,long-billed_hermits/44kKz_songtype_segment_analysis_sep_2019.wav_19.wav,2,comb,5603.6824240000005,2624.4739937807835,245.69746773237316,0.0,-0.007810999633251045,1.0,100
long-billed_hermits,long-billed_hermits/44kKz_songtype_segment_analysis_sep_2019.wav_19.wav,2,comb_noexempt,5603.6824240000005,1701.4536162593913,164.72977669183166,0.0,-0.19026287281352977,1.0,100
long-billed_hermits,long-billed_hermits/44kKz_songtype_segment_analysis_sep_2019.wav_19.wav,2,pyin,5603.6824240000005,1713.4664712652398,164.1777532688746,0.0,0.06652388795717902,0.64,64
long-billed_hermits,long-billed_hermits/44kKz_songtype_segment_analysis_sep_2019.wav_19.wav,3,comb,5603.6824240000005,2719.3918826062018,325.5642622342866,0.0,-0.33926366036145456,1.0,100
long-billed_hermits,long-billed_hermits/44kKz_songtype_segment_analysis_sep_2019.wav_19.wav,3,comb_noexempt,5603.6824240000005,1024.0595069294045,258.49345236505707,0.0,0.2711961711295563,1.0,100
long-billed_hermits,long-billed_hermits/44kKz_songtype_segment_analysis_sep_2019.wav_2.wav,0,comb,6183.918459500001,1749.1775726638768,95.22958354712807,0.0,-0.2770816402945888,1.0,100
long-billed_hermits,long-billed_hermits/44kKz_songtype_segment_analysis_sep_2019.wav_2.wav,0,comb_noexempt,6183.918459500001,193.9663516403619,91.81598353787734,1.0,-0.9165266128536573,1.0,100
long-billed_hermits,long-billed_hermits/44kKz_songtype_segment_analysis_sep_2019.wav_2.wav,0,pyin,6183.918459500001,115.74226366904068,105.13482777510941,1.0,0.042473485731909635,0.9,90
long-billed_hermits,long-billed_hermits/44kKz_songtype_segment_analysis_sep_2019.wav_2.wav,1,comb,6183.918459500001,2798.353439070276,398.3534390702758,0.0,-0.016121859664772035,1.0,100
long-billed_hermits,long-billed_hermits/44kKz_songtype_segment_analysis_sep_2019.wav_2.wav,1,comb_noexempt,6183.918459500001,771.728351656044,428.27164834395603,0.0,-0.49874614633691416,1.0,100
long-billed_hermits,long-billed_hermits/44kKz_songtype_segment_analysis_sep_2019.wav_2.wav,2,comb,6183.918459500001,2805.6906248080004,405.6906248080004,0.0,0.633487131427335,1.0,100
long-billed_hermits,long-billed_hermits/44kKz_songtype_segment_analysis_sep_2019.wav_2.wav,2,comb_noexempt,6183.918459500001,1883.7282529912743,180.13804472974803,0.0,0.8358527690512334,1.0,100
long-billed_hermits,long-billed_hermits/44kKz_songtype_segment_analysis_sep_2019.wav_2.wav,2,pyin,6183.918459500001,556.373578075694,185.05705461604754,1.0,-0.6287114388736575,1.0,100
long-billed_hermits,long-billed_hermits/44kKz_songtype_segment_analysis_sep_2019.wav_21.wav,0,comb,4812.563433,1971.1285969794346,106.35009049309369,0.0,0.3500496012371395,1.0,100
long-billed_hermits,long-billed_hermits/44kKz_songtype_segment_analysis_sep_2019.wav_21.wav,0,comb_noexempt,4812.563433,144.31619285249394,144.31619285249394,1.0,0.5527969277455111,1.0,100
long-billed_hermits,long-billed_hermits/44kKz_songtype_segment_analysis_sep_2019.wav_21.wav,0,pyin,4812.563433,79.61687417194051,79.61687417194051,1.0,0.974618568949551,0.4,40
long-billed_hermits,long-billed_hermits/44kKz_songtype_segment_analysis_sep_2019.wav_21.wav,1,comb,4812.563433,2434.196588191083,169.1552693525254,0.0,0.5645270189164421,1.0,100
long-billed_hermits,long-billed_hermits/44kKz_songtype_segment_analysis_sep_2019.wav_21.wav,1,comb_noexempt,4812.563433,1117.4151519255122,133.71388193039644,0.0,0.47658478201568827,1.0,100
long-billed_hermits,long-billed_hermits/44kKz_songtype_segment_analysis_sep_2019.wav_21.wav,1,pyin,4812.563433,1148.183491564611,176.52125768525758,0.0,0.696926234600245,1.0,100
long-billed_hermits,long-billed_hermits/44kKz_songtype_segment_analysis_sep_2019.wav_21.wav,2,comb,4812.563433,2394.144699101568,166.09596041035354,0.0,-0.1394982531400878,1.0,100
long-billed_hermits,long-billed_hermits/44kKz_songtype_segment_analysis_sep_2019.wav_21.wav,2,comb_noexempt,4812.563433,1812.7328327716434,171.0294285684448,0.0,-0.23652536258655185,1.0,100
long-billed_hermits,long-billed_hermits/44kKz_songtype_segment_analysis_sep_2019.wav_21.wav,2,pyin,4812.563433,1920.4032938677597,119.49672476868227,0.0,-0.39624590659334674,1.0,100
long-billed_hermits,long-billed_hermits/44kKz_songtype_segment_analysis_sep_2019.wav_21.wav,3,comb,4812.563433,2371.4061832574307,153.1553756868234,0.0,-0.03913734482453972,1.0,100
long-billed_hermits,long-billed_hermits/44kKz_songtype_segment_analysis_sep_2019.wav_21.wav,3,comb_noexempt,4812.563433,2333.692061315477,173.38986340331016,0.0,-0.003605911826424134,1.0,100
long-billed_hermits,long-billed_hermits/44kKz_songtype_segment_analysis_sep_2019.wav_23.wav,0,comb,5735.353008,2492.161152798136,150.80882329679088,0.0,0.43348496973647455,1.0,100
long-billed_hermits,long-billed_hermits/44kKz_songtype_segment_analysis_sep_2019.wav_23.wav,0,comb_noexempt,5735.353008,141.39317973780294,132.3264038025947,1.0,0.8612099682123208,1.0,100
long-billed_hermits,long-billed_hermits/44kKz_songtype_segment_analysis_sep_2019.wav_23.wav,0,pyin,5735.353008,96.42526047282308,96.42526047282308,1.0,0.2535361833398556,0.58,58
long-billed_hermits,long-billed_hermits/44kKz_songtype_segment_analysis_sep_2019.wav_23.wav,1,comb,5735.353008,2707.3632431197393,314.716669146748,0.0,0.10206852572825087,1.0,100
long-billed_hermits,long-billed_hermits/44kKz_songtype_segment_analysis_sep_2019.wav_23.wav,1,comb_noexempt,5735.353008,680.1763081552529,356.7948714902843,0.0,-0.5553513723343679,1.0,100
long-billed_hermits,long-billed_hermits/44kKz_songtype_segment_analysis_sep_2019.wav_23.wav,1,pyin,5735.353008,850.6793367477264,347.90917238210744,0.0,0.052508395777774546,1.0,100
long-billed_hermits,long-billed_hermits/44kKz_songtype_segment_analysis_sep_2019.wav_23.wav,2,comb,5735.353008,2722.176781171419,323.4767249129379,0.0,-0.5478058198938189,1.0,100
long-billed_hermits,long-billed_hermits/44kKz_songtype_segment_analysis_sep_2019.wav_23.wav,2,comb_noexempt,5735.353008,1721.0740843204906,222.0618260365984,0.0,-0.048536518030088634,1.0,100
long-billed_hermits,long-billed_hermits/44kKz_songtype_segment_analysis_sep_2019.wav_23.wav,2,pyin,5735.353008,1637.4478271846026,223.6035050378152,0.0,0.27449416307721436,0.49,49
long-billed_hermits,long-billed_hermits/44kKz_songtype_segment_analysis_sep_2019.wav_23.wav,3,comb,5735.353008,2700.095468991919,300.4063203846157,0.0,0.27799222122610306,1.0,100
long-billed_hermits,long-billed_hermits/44kKz_songtype_segment_analysis_sep_2019.wav_23.wav,3,comb_noexempt,5735.353008,993.3609300165913,224.49578499057628,0.0,0.2627502441735643,1.0,100
long-billed_hermits,long-billed_hermits/44kKz_songtype_segment_analysis_sep_2019.wav_23.wav,3,pyin,5735.353008,1134.4161601958508,149.49117167367723,0.0,-0.13925242743469027,1.0,100
long-billed_hermits,long-billed_hermits/44kKz_songtype_segment_analysis_sep_2019.wav_24.wav,0,comb,5783.23322,2459.328152847126,124.56544635916575,0.0,0.7874576969632264,1.0,100
long-billed_hermits,long-billed_hermits/44kKz_songtype_segment_analysis_sep_2019.wav_24.wav,0,comb_noexempt,5783.23322,182.2293407060373,125.75092229045589,1.0,-0.5810107178393775,1.0,100
long-billed_hermits,long-billed_hermits/44kKz_songtype_segment_analysis_sep_2019.wav_24.wav,0,pyin,5783.23322,112.68672275342068,112.68672275342068,1.0,0.006552884273622798,0.85,85
long-billed_hermits,long-billed_hermits/44kKz_songtype_segment_analysis_sep_2019.wav_24.wav,1,comb,5783.23322,2714.7185574510377,317.44990117903626,0.0,-0.2638603999667991,1.0,100
long-billed_hermits,long-billed_hermits/44kKz_songtype_segment_analysis_sep_2019.wav_24.wav,1,comb_noexempt,5783.23322,806.6843592976545,389.1441288145454,0.0,-0.6164906325288465,1.0,100
long-billed_hermits,long-billed_hermits/44kKz_songtype_segment_analysis_sep_2019.wav_24.wav,1,pyin,5783.23322,865.6875631740072,333.0399705632169,0.0,0.15067813417610668,1.0,100
long-billed_hermits,long-billed_hermits/44kKz_songtype_segment_analysis_sep_2019.wav_24.wav,2,comb,5783.23322,2678.8503382147237,280.96927429835205,0.0,-0.3426398080234699,1.0,100
long-billed_hermits,long-billed_hermits/44kKz_songtype_segment_analysis_sep_2019.wav_24.wav,2,comb_noexempt,5783.23322,1691.2662827499753,233.05137329347565,0.0,-0.553959072399133,1.0,100
long-billed_hermits,long-billed_hermits/44kKz_songtype_segment_analysis_sep_2019.wav_24.wav,2,pyin,5783.23322,1692.6867227534208,204.36599566563524,0.0,0.19786418414037182,0.43,43
long-billed_hermits,long-billed_hermits/44kKz_songtype_segment_analysis_sep_2019.wav_24.wav,3,comb,5783.23322,2710.3671957904785,322.02852024333305,0.0,-0.13692996712286426,1.0,100
long-billed_hermits,long-billed_hermits/44kKz_songtype_segment_analysis_sep_2019.wav_24.wav,3,comb_noexempt,5783.23322,2060.932238918688,171.3099258975232,0.0,0.7775002312637552,1.0,100
long-billed_hermits,long-billed_hermits/44kKz_songtype_segment_analysis_sep_2019.wav_24.wav,3,pyin,5783.23322,1121.1330789108652,131.8100235927195,0.0,-0.06832962149184327,1.0,100
long-billed_hermits,long-billed_hermits/44kKz_songtype_segment_analysis_sep_2019.wav_26.wav,0,comb,5543.83215809176,2420.264742694757,95.64833726279407,0.0,0.4925573275179285,1.0,100
long-billed_hermits,long-billed_hermits/44kKz_songtype_segment_analysis_sep_2019.wav_26.wav,0,comb_noexempt,5543.83215809176,224.01104843463042,146.5505104786804,1.0,0.20138410261343173,1.0,100
long-billed_hermits,long-billed_hermits/44kKz_songtype_segment_analysis_sep_2019.wav_26.wav,0,pyin,5543.83215809176,21.801720447266376,21.801720447266376,1.0,,0.03,3
long-billed_hermits,long-billed_hermits/44kKz_songtype_segment_analysis_sep_2019.wav_26.wav,1,comb,5543.83215809176,2525.612218325003,193.174593916318,0.0,0.4811854262278274,1.0,100
long-billed_hermits,long-billed_hermits/44kKz_songtype_segment_analysis_sep_2019.wav_26.wav,1,comb_noexempt,5543.83215809176,572.5195954194166,349.87763732466044,1.0,-0.5170805568802783,1.0,100
long-billed_hermits,long-billed_hermits/44kKz_songtype_segment_analysis_sep_2019.wav_26.wav,1,pyin,5543.83215809176,1123.1720225396498,76.82797746035013,0.0,,0.01,1
long-billed_hermits,long-billed_hermits/44kKz_songtype_segment_analysis_sep_2019.wav_26.wav,2,comb,5543.83215809176,2613.2257285687483,231.60536038286,0.0,0.11162951313653723,1.0,100
long-billed_hermits,long-billed_hermits/44kKz_songtype_segment_analysis_sep_2019.wav_26.wav,2,comb_noexempt,5543.83215809176,1734.2957627725516,205.07908605418618,0.0,0.0569447433926138,1.0,100
long-billed_hermits,long-billed_hermits/44kKz_songtype_segment_analysis_sep_2019.wav_26.wav,2,pyin,5543.83215809176,1502.0964080417189,260.61483704869005,0.0,0.0,0.07,7
long-billed_hermits,long-billed_hermits/44kKz_songtype_segment_analysis_sep_2019.wav_26.wav,3,comb,5543.83215809176,2713.2453191211,313.2453191210999,0.0,-0.5434074261484358,1.0,100
long-billed_hermits,long-billed_hermits/44kKz_songtype_segment_analysis_sep_2019.wav_26.wav,3,comb_noexempt,5543.83215809176,1001.5884837386066,231.6482757017654,0.0,0.05552086768255603,1.0,100
long-billed_hermits,long-billed_hermits/44kKz_songtype_segment_analysis_sep_2019.wav_26.wav,3,pyin,5543.83215809176,1817.5374501108115,84.41755075457593,0.0,,0.05,5
long-billed_hermits,long-billed_hermits/44kKz_songtype_segment_analysis_sep_2019.wav_28.wav,0,comb,4945.32950291634,2325.542855968877,136.6628820346258,0.0,-0.4077381640363368,1.0,100
long-billed_hermits,long-billed_hermits/44kKz_songtype_segment_analysis_sep_2019.wav_28.wav,0,comb_noexempt,4945.32950291634,246.32012482841077,127.57597007163984,1.0,0.36589749280848344,1.0,100
long-billed_hermits,long-billed_hermits/44kKz_songtype_segment_analysis_sep_2019.wav_28.wav,0,pyin,4945.32950291634,98.99583314362087,95.40047266571662,1.0,0.5771822861421907,0.56,56
long-billed_hermits,long-billed_hermits/44kKz_songtype_segment_analysis_sep_2019.wav_28.wav,1,comb,4945.32950291634,2452.337779868254,150.34903522863164,0.0,0.054959092310700446,1.0,100
long-billed_hermits,long-billed_hermits/44kKz_songtype_segment_analysis_sep_2019.wav_28.wav,1,comb_noexempt,4945.32950291634,667.4776353667621,340.32803895501706,0.0,-0.37788240492341585,1.0,100
long-billed_hermits,long-billed_hermits/44kKz_songtype_segment_analysis_sep_2019.wav_28.wav,1,pyin,4945.32950291634,802.5355380283913,180.58622314923622,0.0,-0.6075852030706712,1.0,100
long-billed_hermits,long-billed_hermits/44kKz_songtype_segment_analysis_sep_2019.wav_28.wav,2,comb,4945.32950291634,2468.183162113574,151.63933074054796,0.0,-0.19877908633327215,1.0,100
long-billed_hermits,long-billed_hermits/44kKz_songtype_segment_analysis_sep_2019.wav_28.wav,2,comb_noexempt,4945.32950291634,1843.5253269078023,114.63100079592948,0.0,0.1393208218677574,1.0,100
long-billed_hermits,long-billed_hermits/44kKz_songtype_segment_analysis_sep_2019.wav_28.wav,2,pyin,4945.32950291634,1888.8869559348916,143.91056591962615,0.0,0.6726135827265387,0.68,68
long-billed_hermits,long-billed_hermits/44kKz_songtype_segment_analysis_sep_2019.wav_28.wav,3,comb,4945.32950291634,2486.6489611402994,216.26944632420197,0.0,0.08621323001202523,1.0,100
long-billed_hermits,long-billed_hermits/44kKz_songtype_segment_analysis_sep_2019.wav_28.wav,3,comb_noexempt,4945.32950291634,2235.6493216089757,164.3506783910245,0.0,-0.20351617231946867,1.0,100
long-billed_hermits,long-billed_hermits/44kKz_songtype_segment_analysis_sep_2019.wav_29.wav,0,comb,4666.4793549999995,2386.1100636628553,130.71395700389078,0.0,-0.10012070497964252,1.0,100
long-billed_hermits,long-billed_hermits/44kKz_songtype_segment_analysis_sep_2019.wav_29.wav,0,comb_noexempt,4666.4793549999995,197.732143105491,174.72438465418486,1.0,0.6189469918963383,1.0,100
long-billed_hermits,long-billed_hermits/44kKz_songtype_segment_analysis_sep_2019.wav_29.wav,1,comb,4666.4793549999995,2388.797180456551,145.5789362946959,0.0,0.08465791242675375,1.0,100
long-billed_hermits,long-billed_hermits/44kKz_songtype_segment_analysis_sep_2019.wav_29.wav,1,comb_noexempt,4666.4793549999995,834.6415042844666,311.2181038908061,0.0,0.41863749811403017,1.0,100
long-billed_hermits,long-billed_hermits/44kKz_songtype_segment_analysis_sep_2019.wav_29.wav,1,pyin,4666.4793549999995,917.9259479218099,292.07112938494214,0.0,0.6929312286466695,1.0,100
long-billed_hermits,long-billed_hermits/44kKz_songtype_segment_analysis_sep_2019.wav_29.wav,2,comb,4666.4793549999995,2263.1897282527607,144.9377745070131,0.0,0.4293124007906312,1.0,100
long-billed_hermits,long-billed_hermits/44kKz_songtype_segment_analysis_sep_2019.wav_29.wav,2,comb_noexempt,4666.4793549999995,1931.3415431919657,232.74406962664142,0.0,-0.47566978631537393,1.0,100
long-billed_hermits,long-billed_hermits/44kKz_songtype_segment_analysis_sep_2019.wav_29.wav,2,pyin,4666.4793549999995,2037.3811297826178,201.59562440463787,0.0,-0.6537596860676986,1.0,100
long-billed_hermits,long-billed_hermits/44kKz_songtype_segment_analysis_sep_2019.wav_29.wav,3,comb,4666.4793549999995,2330.1252809878815,118.89027849752927,0.0,-0.3185438477079968,1.0,100
long-billed_hermits,long-billed_hermits/44kKz_songtype_segment_analysis_sep_2019.wav_29.wav,3,comb_noexempt,4666.4793549999995,2313.391837180421,190.55698042201652,0.0,0.04995410880462325,1.0,100
long-billed_hermits,long-billed_hermits/44kKz_songtype_segment_analysis_sep_2019.wav_30.wav,0,comb,4517.222943,2249.7652097045348,150.23479029546513,0.0,0.4074671054497369,1.0,100
long-billed_hermits,long-billed_hermits/44kKz_songtype_segment_analysis_sep_2019.wav_30.wav,0,comb_noexempt,4517.222943,1272.3031980068736,130.5467719345992,0.0,-0.3571088134104112,1.0,100
long-billed_hermits,long-billed_hermits/44kKz_songtype_segment_analysis_sep_2019.wav_30.wav,1,comb,4517.222943,2291.5504554392064,168.9593430622819,0.0,0.2976166619948731,1.0,100
long-billed_hermits,long-billed_hermits/44kKz_songtype_segment_analysis_sep_2019.wav_30.wav,1,comb_noexempt,4517.222943,685.0647776039943,230.06939159470994,1.0,-0.17865985991084912,1.0,100
long-billed_hermits,long-billed_hermits/44kKz_songtype_segment_analysis_sep_2019.wav_30.wav,1,pyin,4517.222943,845.9988812793387,266.3518599419432,0.0,0.06485008471831875,1.0,100
long-billed_hermits,long-billed_hermits/44kKz_songtype_segment_analysis_sep_2019.wav_30.wav,2,comb,4517.222943,2257.93502814565,159.76173487425905,0.0,0.24610750508249357,1.0,100
long-billed_hermits,long-billed_hermits/44kKz_songtype_segment_analysis_sep_2019.wav_30.wav,2,comb_noexempt,4517.222943,1963.6440696507339,214.96053603341448,0.0,0.3924351172329046,1.0,100
long-billed_hermits,long-billed_hermits/44kKz_songtype_segment_analysis_sep_2019.wav_30.wav,2,pyin,4517.222943,2067.360607335843,210.88851431258405,0.0,-0.7198004551582562,0.99,99
long-billed_hermits,long-billed_hermits/44kKz_songtype_segment_analysis_sep_2019.wav_30.wav,3,comb,4517.222943,2285.333963108048,162.64051944415516,0.0,0.04350627380385824,1.0,100
long-billed_hermits,long-billed_hermits/44kKz_songtype_segment_analysis_sep_2019.wav_30.wav,3,comb_noexempt,4517.222943,2216.2503894185,199.93816156740294,0.0,-0.19267119236771757,1.0,100
long-billed_hermits,long-billed_hermits/44kKz_songtype_segment_analysis_sep_2019.wav_31.wav,0,comb,4155.305998,129.36705198090604,119.96591386445678,1.0,0.6128747211289306,1.0,100
long-billed_hermits,long-billed_hermits/44kKz_songtype_segment_analysis_sep_2019.wav_31.wav,0,comb_noexempt,4155.305998,122.57456013222819,118.18650763682965,1.0,0.6142149199120577,1.0,100
long-billed_hermits,long-billed_hermits/44kKz_songtype_segment_analysis_sep_2019.wav_31.wav,0,pyin,4155.305998,87.73426981898425,87.73426981898425,1.0,0.6672027018283292,0.74,74
long-billed_hermits,long-billed_hermits/44kKz_songtype_segment_analysis_sep_2019.wav_31.wav,1,comb,4155.305998,2221.9591434877966,131.505101739858,0.0,0.04677831569320524,1.0,100
long-billed_hermits,long-billed_hermits/44kKz_songtype_segment_analysis_sep_2019.wav_31.wav,1,comb_noexempt,4155.305998,1069.674567139808,149.3263807209073,0.0,0.4402063321456989,1.0,100
long-billed_hermits,long-billed_hermits/44kKz_songtype_segment_analysis_sep_2019.wav_31.wav,1,pyin,4155.305998,1109.0377616837673,143.03291933639434,0.0,0.44312065657177097,1.0,100
long-billed_hermits,long-billed_hermits/44kKz_songtype_segment_analysis_sep_2019.wav_31.wav,2,comb,4155.305998,2123.707587585453,146.67740606133566,0.0,0.22383120029578213,1.0,100
long-billed_hermits,long-billed_hermits/44kKz_songtype_segment_analysis_sep_2019.wav_31.wav,2,comb_noexempt,4155.305998,1804.16902662528,149.70389673124907,0.0,-0.20092830226926223,1.0,100
long-billed_hermits,long-billed_hermits/44kKz_songtype_segment_analysis_sep_2019.wav_31.wav,2,pyin,4155.305998,2266.9047836675186,130.6451232920208,0.0,0.27131833719188997,0.39,39
long-billed_hermits,long-billed_hermits/44kKz_songtype_segment_analysis_sep_2019.wav_31.wav,3,comb,4155.305998,2122.150999751796,118.61475040331645,0.0,0.037413561689225175,1.0,100
long-billed_hermits,long-billed_hermits/44kKz_songtype_segment_analysis_sep_2019.wav_31.wav,3,comb_noexempt,4155.305998,2327.148802970662,130.01329839035867,0.0,0.4334739832297818,1.0,100
long-billed_hermits,long-billed_hermits/44kKz_songtype_segment_analysis_sep_2019.wav_31.wav,3,pyin,4155.305998,2382.559304844069,190.9036471827105,0.0,-0.414771121006427,0.41,41
long-billed_hermits,long-billed_hermits/44kKz_songtype_segment_analysis_sep_2019.wav_33.wav,0,comb,3820.14451118656,128.18421484272545,109.68583038897387,1.0,0.4380351015445978,1.0,100
long-billed_hermits,long-billed_hermits/44kKz_songtype_segment_analysis_sep_2019.wav_33.wav,0,comb_noexempt,3820.14451118656,109.68583038897387,101.13781198933633,1.0,0.4144579605577773,1.0,100
long-billed_hermits,long-billed_hermits/44kKz_songtype_segment_analysis_sep_2019.wav_33.wav,0,pyin,3820.14451118656,95.73325289474084,94.27499586691843,1.0,0.5662903836920941,0.78,78
long-billed_hermits,long-billed_hermits/44kKz_songtype_segment_analysis_sep_2019.wav_33.wav,1,comb,3820.14451118656,1971.3155931888546,163.79189331743237,0.0,-0.16884445827242872,1.0,100
long-billed_hermits,long-billed_hermits/44kKz_songtype_segment_analysis_sep_2019.wav_33.wav,1,comb_noexempt,3820.14451118656,1129.8481609422838,138.71852660634147,0.0,0.1877946043471044,1.0,100
long-billed_hermits,long-billed_hermits/44kKz_songtype_segment_analysis_sep_2019.wav_33.wav,1,pyin,3820.14451118656,1080.7489235192904,146.90693907684778,0.0,-0.02460247498784559,1.0,100
long-billed_hermits,long-billed_hermits/44kKz_songtype_segment_analysis_sep_2019.wav_33.wav,2,comb,3820.14451118656,1925.9103471458475,120.48899716266232,0.0,0.1935578692575206,1.0,100
long-billed_hermits,long-billed_hermits/44kKz_songtype_segment_analysis_sep_2019.wav_33.wav,2,comb_noexempt,3820.14451118656,1771.3409078448856,115.7526291644738,0.0,0.010280979740961402,1.0,100
long-billed_hermits,long-billed_hermits/44kKz_songtype_segment_analysis_sep_2019.wav_33.wav,3,comb,3820.14451118656,2060.83417461507,186.15424776900198,0.0,0.2891242042406487,1.0,100
long-billed_hermits,long-billed_hermits/44kKz_songtype_segment_analysis_sep_2019.wav_33.wav,3,comb_noexempt,3820.14451118656,2362.3083687161425,183.93663052325178,0.0,0.39380857840139266,1.0,100
long-billed_hermits,long-billed_hermits/44kKz_songtype_segment_analysis_sep_2019.wav_33.wav,3,pyin,3820.14451118656,2368.8769053716087,121.56212115451754,0.0,0.20473287808561932,0.72,72
long-billed_hermits,long-billed_hermits/44kKz_songtype_segment_analysis_sep_2019.wav_35.wav,0,comb,3951.8150953251497,1449.8481146668073,119.44370416339231,0.0,-0.447905014664298,1.0,100
long-billed_hermits,long-billed_hermits/44kKz_songtype_segment_analysis_sep_2019.wav_35.wav,0,comb_noexempt,3951.8150953251497,247.17373501329268,145.06881423113504,1.0,0.6858121343060829,1.0,100
long-billed_hermits,long-billed_hermits/44kKz_songtype_segment_analysis_sep_2019.wav_35.wav,0,pyin,3951.8150953251497,166.46826494333735,144.47823413467495,1.0,0.6724725507671733,0.61,61
long-billed_hermits,long-billed_hermits/44kKz_songtype_segment_analysis_sep_2019.wav_35.wav,1,comb,3951.8150953251497,1784.252295404735,162.65595277815726,0.0,0.48322087806844327,1.0,100
long-billed_hermits,long-billed_hermits/44kKz_songtype_segment_analysis_sep_2019.wav_35.wav,1,comb_noexempt,3951.8150953251497,908.8408365984862,169.72442109784157,0.0,0.10789215814881127,1.0,100
long-billed_hermits,long-billed_hermits/44kKz_songtype_segment_analysis_sep_2019.wav_35.wav,1,pyin,3951.8150953251497,923.8951198872079,140.73919879995515,0.0,-0.09693505189913278,1.0,100
long-billed_hermits,long-billed_hermits/44kKz_songtype_segment_analysis_sep_2019.wav_35.wav,2,comb,3951.8150953251497,1762.145895257342,159.7115173918362,0.0,-0.5470472883536498,1.0,100
long-billed_hermits,long-billed_hermits/44kKz_songtype_segment_analysis_sep_2019.wav_35.wav,2,comb_noexempt,3951.8150953251497,1818.6941300516382,167.73216137464703,0.0,0.30097056060629107,1.0,100
long-billed_hermits,long-billed_hermits/44kKz_songtype_segment_analysis_sep_2019.wav_35.wav,2,pyin,3951.8150953251497,1844.9198123950182,171.57912514308873,0.0,0.1647776376868652,0.98,98
long-billed_hermits,long-billed_hermits/44kKz_songtype_segment_analysis_sep_2019.wav_35.wav,3,comb,3951.8150953251497,2052.0692245793643,178.71476611830175,0.0,0.06132905107931033,1.0,100
long-billed_hermits,long-billed_hermits/44kKz_songtype_segment_analysis_sep_2019.wav_35.wav,3,comb_noexempt,3951.8150953251497,2303.845779976623,210.06423223575217,0.0,0.5870472434156391,1.0,100
long-billed_hermits,long-billed_hermits/44kKz_songtype_segment_analysis_sep_2019.wav_35.wav,3,pyin,3951.8150953251497,2370.6319981780744,228.86041712752655,0.0,0.12163697692388738,1.0,100
long-billed_hermits,long-billed_hermits/44kKz_songtype_segment_analysis_sep_2019.wav_36.wav,0,comb,4058.2002555248555,1607.726078716932,109.84262788364836,0.0,-0.44144959610422935,1.0,100
long-billed_hermits,long-billed_hermits/44kKz_songtype_segment_analysis_sep_2019.wav_36.wav,0,comb_noexempt,4058.2002555248555,239.05312404152423,185.85456717887564,1.0,0.8327035121883457,1.0,100
long-billed_hermits,long-billed_hermits/44kKz_songtype_segment_analysis_sep_2019.wav_36.wav,0,pyin,4058.2002555248555,141.94090843915953,120.62347582456962,1.0,0.7145128613752685,0.51,51
long-billed_hermits,long-billed_hermits/44kKz_songtype_segment_analysis_sep_2019.wav_36.wav,1,comb,4058.2002555248555,2001.0726626630267,132.4815368840471,0.0,0.4408687256150601,1.0,100
long-billed_hermits,long-billed_hermits/44kKz_songtype_segment_analysis_sep_2019.wav_36.wav,1,comb_noexempt,4058.2002555248555,840.9518860483686,148.89601551106128,1.0,-0.05623790229142617,1.0,100
long-billed_hermits,long-billed_hermits/44kKz_songtype_segment_analysis_sep_2019.wav_36.wav,1,pyin,4058.2002555248555,918.4778233636666,123.43209667202353,1.0,-0.37831261535543786,1.0,100
long-billed_hermits,long-billed_hermits/44kKz_songtype_segment_analysis_sep_2019.wav_36.wav,2,comb,4058.2002555248555,1588.2825038615676,111.02553337625669,0.0,-0.5418682297675328,1.0,100
long-billed_hermits,long-billed_hermits/44kKz_songtype_segment_analysis_sep_2019.wav_36.wav,2,comb_noexempt,4058.2002555248555,1817.21759233613,172.357220095124,0.0,0.19277149748116157,1.0,100
long-billed_hermits,long-billed_hermits/44kKz_songtype_segment_analysis_sep_2019.wav_36.wav,2,pyin,4058.2002555248555,1937.6448586944118,164.1530971232446,0.0,0.08855656060840329,0.6,60
long-billed_hermits,long-billed_hermits/44kKz_songtype_segment_analysis_sep_2019.wav_36.wav,3,comb,4058.2002555248555,2002.4656141760836,182.47691396976302,0.0,-0.20714249263394685,1.0,100
long-billed_hermits,long-billed_hermits/44kKz_songtype_segment_analysis_sep_2019.wav_36.wav,3,comb_noexempt,4058.2002555248555,2358.750277527184,234.44665594434184,0.0,0.6565255644073975,1.0,100
long-billed_hermits,long-billed_hermits/44kKz_songtype_segment_analysis_sep_2019.wav_36.wav,3,pyin,4058.2002555248555,2023.7909719389704,222.81187658081342,0.0,0.18958546293956544,0.36,36
long-billed_hermits,long-billed_hermits/44kKz_songtype_segment_analysis_sep_2019.wav_38.wav,0,comb,4117.733099,1867.9984987192374,122.59071207365746,0.0,-0.6432853439747485,1.0,100
long-billed_hermits,long-billed_hermits/44kKz_songtype_segment_analysis_sep_2019.wav_38.wav,0,comb_noexempt,4117.733099,157.72599746546325,151.9683644978531,1.0,0.81382082771679,1.0,100
long-billed_hermits,long-billed_hermits/44kKz_songtype_segment_analysis_sep_2019.wav_38.wav,0,pyin,4117.733099,142.31402134643895,120.40967164322676,1.0,0.760110053519943,0.49,49
long-billed_hermits,long-billed_hermits/44kKz_songtype_segment_analysis_sep_2019.wav_38.wav,1,comb,4117.733099,1973.4695205288892,135.87640246443917,0.0,0.03673973181754887,1.0,100
long-billed_hermits,long-billed_hermits/44kKz_songtype_segment_analysis_sep_2019.wav_38.wav,1,comb_noexempt,4117.733099,859.4111071653927,174.53026888649163,0.0,-0.18791892404766547,1.0,100
long-billed_hermits,long-billed_hermits/44kKz_songtype_segment_analysis_sep_2019.wav_38.wav,1,pyin,4117.733099,931.8060676151682,192.87839543553923,0.0,-0.11189812534865089,0.89,89
long-billed_hermits,long-billed_hermits/44kKz_songtype_segment_analysis_sep_2019.wav_38.wav,2,comb,4117.733099,2049.449220372183,176.5732598370625,0.0,0.3575006566498229,1.0,100
long-billed_hermits,long-billed_hermits/44kKz_songtype_segment_analysis_sep_2019.wav_38.wav,2,comb_noexempt,4117.733099,1554.4455978804162,183.47857521908446,0.0,-0.2815791581456148,1.0,100
long-billed_hermits,long-billed_hermits/44kKz_songtype_segment_analysis_sep_2019.wav_38.wav,3,comb,4117.733099,2115.8430372030116,186.87845146409666,0.0,0.06665326669395107,1.0,100
long-billed_hermits,long-billed_hermits/44kKz_songtype_segment_analysis_sep_2019.wav_38.wav,3,comb_noexempt,4117.733099,2334.9081126773967,238.4661022930935,0.0,0.5778765388910543,1.0,100
long-billed_hermits,long-billed_hermits/44kKz_songtype_segment_analysis_sep_2019.wav_38.wav,3,pyin,4117.733099,2070.7337937014727,186.75882754153483,0.0,0.6259894452776618,0.56,56
long-billed_hermits,long-billed_hermits/44kKz_songtype_segment_analysis_sep_2019.wav_39.wav,0,comb,4298.946635,1924.0913737973733,122.6390395315078,0.0,0.6512986935218466,1.0,100
long-billed_hermits,long-billed_hermits/44kKz_songtype_segment_analysis_sep_2019.wav_39.wav,0,comb_noexempt,4298.946635,640.5908880834332,145.47822668117485,0.0,0.30626257967378656,1.0,100
long-billed_hermits,long-billed_hermits/44kKz_songtype_segment_analysis_sep_2019.wav_39.wav,0,pyin,4298.946635,137.3677410018411,137.3677410018411,1.0,0.6572586706623647,0.91,91
long-billed_hermits,long-billed_hermits/44kKz_songtype_segment_analysis_sep_2019.wav_39.wav,1,comb,4298.946635,2215.963958421502,160.80311596782389,0.0,-0.2628943410318844,1.0,100
long-billed_hermits,long-billed_hermits/44kKz_songtype_segment_analysis_sep_2019.wav_39.wav,1,comb_noexempt,4298.946635,882.9468916028175,293.4201007115146,0.0,-0.4856542405060753,1.0,100
long-billed_hermits,long-billed_hermits/44kKz_songtype_segment_analysis_sep_2019.wav_39.wav,1,pyin,4298.946635,969.3818496240225,230.6181503759775,0.0,-0.4170026918268288,1.0,100
long-billed_hermits,long-billed_hermits/44kKz_songtype_segment_analysis_sep_2019.wav_39.wav,2,comb,4298.946635,2108.6737053860443,181.16734471308007,0.0,-0.046667041906191996,1.0,100
long-billed_hermits,long-billed_hermits/44kKz_songtype_segment_analysis_sep_2019.wav_39.wav,2,comb_noexempt,4298.946635,1877.58294895663,122.89962853032216,0.0,0.12027783281919296,1.0,100
long-billed_hermits,long-billed_hermits/44kKz_songtype_segment_analysis_sep_2019.wav_39.wav,2,pyin,4298.946635,1958.842668241938,111.80323302917878,0.0,0.35491125307743604,0.24,24
long-billed_hermits,long-billed_hermits/44kKz_songtype_segment_analysis_sep_2019.wav_39.wav,3,comb,4298.946635,2186.642997570883,184.35872094687585,0.0,-0.02606004078033136,1.0,100
long-billed_hermits,long-billed_hermits/44kKz_songtype_segment_analysis_sep_2019.wav_39.wav,3,comb_noexempt,4298.946635,2208.923641873119,235.04303192166265,0.0,-0.5322397605884591,1.0,100
long-billed_hermits,long-billed_hermits/44kKz_songtype_segment_analysis_sep_2019.wav_39.wav,3,pyin,4298.946635,2168.3854583117495,168.1118104160799,0.0,-0.10899943300184849,0.47,47
long-billed_hermits,long-billed_hermits/44kKz_songtype_segment_analysis_sep_2019.wav_40.wav,0,comb,4203.1862105,1942.2940794941264,105.49634205345697,0.0,0.42544619493902924,1.0,100
long-billed_hermits,long-billed_hermits/44kKz_songtype_segment_analysis_sep_2019.wav_40.wav,0,comb_noexempt,4203.1862105,105.26296380508353,102.30486910459184,1.0,0.7221854386199457,1.0,100
long-billed_hermits,long-billed_hermits/44kKz_songtype_segment_analysis_sep_2019.wav_40.wav,0,pyin,4203.1862105,131.8466505037999,131.8466505037999,1.0,0.5970689746395123,0.93,93
long-billed_hermits,long-billed_hermits/44kKz_songtype_segment_analysis_sep_2019.wav_40.wav,1,comb,4203.1862105,2193.5670417057404,157.7387302822248,0.0,0.10864411898160967,1.0,100
long-billed_hermits,long-billed_hermits/44kKz_songtype_segment_analysis_sep_2019.wav_40.wav,1,comb_noexempt,4203.1862105,918.8248657578677,287.9862030894252,0.0,-0.1597751125408543,1.0,100
long-billed_hermits,long-billed_hermits/44kKz_songtype_segment_analysis_sep_2019.wav_40.wav,1,pyin,4203.1862105,1063.0620079470914,182.50671463820817,0.0,-0.22621187760959705,1.0,100
long-billed_hermits,long-billed_hermits/44kKz_songtype_segment_analysis_sep_2019.wav_40.wav,2,comb,4203.1862105,2086.8910397800855,171.35992258789815,0.0,0.3912916435576506,1.0,100
long-billed_hermits,long-billed_hermits/44kKz_songtype_segment_analysis_sep_2019.wav_40.wav,2,comb_noexempt,4203.1862105,1869.2593302098517,145.45956262034872,0.0,0.3817168669874415,1.0,100
long-billed_hermits,long-billed_hermits/44kKz_songtype_segment_analysis_sep_2019.wav_40.wav,2,pyin,4203.1862105,2048.933016511371,220.19480703216055,0.0,0.41323764469523755,0.74,74
long-billed_hermits,long-billed_hermits/44kKz_songtype_segment_analysis_sep_2019.wav_40.wav,3,comb,4203.1862105,2052.684516514817,196.16056393283702,0.0,0.6789022297985242,1.0,100
long-billed_hermits,long-billed_hermits/44kKz_songtype_segment_analysis_sep_2019.wav_40.wav,3,comb_noexempt,4203.1862105,2231.692467463307,225.11792037585178,0.0,0.15715769683403505,1.0,100
long-billed_hermits,long-billed_hermits/44kKz_songtype_segment_analysis_sep_2019.wav_40.wav,3,pyin,4203.1862105,2303.7223532249086,231.90526861751437,0.0,-0.48123490807616615,1.0,100
long-billed_hermits,long-billed_hermits/44kKz_songtype_segment_analysis_sep_2019.wav_44.wav,0,comb,3425.1327587707847,1673.1336519760011,220.95590945820726,0.0,0.43369013211418045,1.0,100
long-billed_hermits,long-billed_hermits/44kKz_songtype_segment_analysis_sep_2019.wav_44.wav,0,comb_noexempt,3425.1327587707847,156.27228395693115,123.41952509552911,1.0,0.6257527487777595,1.0,100
long-billed_hermits,long-billed_hermits/44kKz_songtype_segment_analysis_sep_2019.wav_44.wav,0,pyin,3425.1327587707847,1017.0252481148559,182.9747518851442,0.0,,0.02,2
long-billed_hermits,long-billed_hermits/44kKz_songtype_segment_analysis_sep_2019.wav_44.wav,1,comb,3425.1327587707847,1617.7722531710685,233.18962450283556,0.0,0.21821360229205525,1.0,100
long-billed_hermits,long-billed_hermits/44kKz_songtype_segment_analysis_sep_2019.wav_44.wav,1,comb_noexempt,3425.1327587707847,1064.3414512893603,111.2108634292004,0.0,0.5670759243816139,1.0,100
long-billed_hermits,long-billed_hermits/44kKz_songtype_segment_analysis_sep_2019.wav_44.wav,1,pyin,3425.1327587707847,1289.5641081626422,89.56410816264241,0.0,,0.09,9
long-billed_hermits,long-billed_hermits/44kKz_songtype_segment_analysis_sep_2019.wav_44.wav,2,comb,3425.1327587707847,1770.3508190945076,211.53023350117275,0.0,0.3237501251468211,1.0,100
long-billed_hermits,long-billed_hermits/44kKz_songtype_segment_analysis_sep_2019.wav_44.wav,2,comb_noexempt,3425.1327587707847,1672.7525388701406,169.22738093903473,0.0,0.0032081253231178238,1.0,100
long-billed_hermits,long-billed_hermits/44kKz_songtype_segment_analysis_sep_2019.wav_44.wav,2,pyin,3425.1327587707847,1896.9854433843568,6.866148339404704,0.0,,0.02,2
long-billed_hermits,long-billed_hermits/44kKz_songtype_segment_analysis_sep_2019.wav_44.wav,3,comb,3425.1327587707847,1707.213173125505,245.334808368015,0.0,-0.5650727552000877,1.0,100
long-billed_hermits,long-billed_hermits/44kKz_songtype_segment_analysis_sep_2019.wav_44.wav,3,comb_noexempt,3425.1327587707847,2516.788176021093,246.8222742323817,0.0,0.12162849423927843,1.0,100
long-billed_hermits,long-billed_hermits/44kKz_songtype_segment_analysis_sep_2019.wav_44.wav,3,pyin,3425.1327587707847,2763.095681572233,363.09568157223293,0.0,,0.06,6
long-billed_hermits,long-billed_hermits/44kKz_songtype_segment_analysis_sep_2019.wav_45.wav,0,comb,3784.8356355,1856.0113007575972,192.20548765974286,0.0,-0.2592066727184996,1.0,100
long-billed_hermits,long-billed_hermits/44kKz_songtype_segment_analysis_sep_2019.wav_45.wav,0,comb_noexempt,3784.8356355,198.69995929822716,147.20149199880888,1.0,0.5971237408535705,1.0,100
long-billed_hermits,long-billed_hermits/44kKz_songtype_segment_analysis_sep_2019.wav_45.wav,0,pyin,3784.8356355,90.6500339331093,90.6500339331093,1.0,,0.04,4
long-billed_hermits,long-billed_hermits/44kKz_songtype_segment_analysis_sep_2019.wav_45.wav,1,comb,3784.8356355,1850.5197945348143,188.02095100961654,0.0,0.1716749826162111,1.0,100
long-billed_hermits,long-billed_hermits/44kKz_songtype_segment_analysis_sep_2019.wav_45.wav,1,comb_noexempt,3784.8356355,975.0854217000848,159.7616142812368,0.0,0.03185395336459411,1.0,100
long-billed_hermits,long-billed_hermits/44kKz_songtype_segment_analysis_sep_2019.wav_45.wav,1,pyin,3784.8356355,1123.4816899705743,141.83963383570034,0.0,3.422428643221666e-16,0.37,37
long-billed_hermits,long-billed_hermits/44kKz_songtype_segment_analysis_sep_2019.wav_45.wav,2,comb,3784.8356355,2011.8971019600895,233.45152477583383,0.0,-0.43383143191906437,1.0,100
long-billed_hermits,long-billed_hermits/44kKz_songtype_segment_analysis_sep_2019.wav_45.wav,2,comb_noexempt,3784.8356355,1685.1708391560724,169.75084452184814,0.0,0.4276287709634553,1.0,100
long-billed_hermits,long-billed_hermits/44kKz_songtype_segment_analysis_sep_2019.wav_45.wav,2,pyin,3784.8356355,1267.4168905266326,67.41689052663254,0.0,,0.01,1
long-billed_hermits,long-billed_hermits/44kKz_songtype_segment_analysis_sep_2019.wav_45.wav,3,comb,3784.8356355,1987.2518625913028,215.16379135463052,0.0,-0.5031006310272401,1.0,100
long-billed_hermits,long-billed_hermits/44kKz_songtype_segment_analysis_sep_2019.wav_45.wav,3,comb_noexempt,3784.8356355,2492.9186686325365,233.67709080592465,0.0,0.0020443479761243955,1.0,100
long-billed_hermits,long-billed_hermits/44kKz_songtype_segment_analysis_sep_2019.wav_45.wav,3,pyin,3784.8356355,2761.639330206188,361.6393302061881,0.0,,0.02,2
long-billed_hermits,long-billed_hermits/44kKz_songtype_segment_analysis_sep_2019.wav_47.wav,0,comb,3508.92313049534,95.10729056447175,95.10729056447175,1.0,0.7889652171760367,1.0,100
long-billed_hermits,long-billed_hermits/44kKz_songtype_segment_analysis_sep_2019.wav_47.wav,0,comb_noexempt,3508.92313049534,94.65247284974461,94.65247284974461,1.0,0.7885363370149755,1.0,100
long-billed_hermits,long-billed_hermits/44kKz_songtype_segment_analysis_sep_2019.wav_47.wav,0,pyin,3508.92313049534,78.90159051617688,78.90159051617688,1.0,0.9637550071650736,0.89,89
long-billed_hermits,long-billed_hermits/44kKz_songtype_segment_analysis_sep_2019.wav_47.wav,1,comb,3508.92313049534,1618.3942234604915,193.76609384306622,0.0,0.732363125876231,1.0,100
long-billed_hermits,long-billed_hermits/44kKz_songtype_segment_analysis_sep_2019.wav_47.wav,1,comb_noexempt,3508.92313049534,103.90536975273272,102.88488396995952,1.0,0.4409917042262107,1.0,100
long-billed_hermits,long-billed_hermits/44kKz_songtype_segment_analysis_sep_2019.wav_47.wav,1,pyin,3508.92313049534,1108.6786925688166,92.72725008079203,0.0,0.7435767583861878,0.91,91
long-billed_hermits,long-billed_hermits/44kKz_songtype_segment_analysis_sep_2019.wav_47.wav,2,comb,3508.92313049534,95.84271742148093,95.84271742148093,1.0,0.7874884545306122,1.0,100
long-billed_hermits,long-billed_hermits/44kKz_songtype_segment_analysis_sep_2019.wav_47.wav,2,comb_noexempt,3508.92313049534,93.40881447542844,93.40881447542844,1.0,0.7902838297411413,1.0,100
long-billed_hermits,long-billed_hermits/44kKz_songtype_segment_analysis_sep_2019.wav_47.wav,2,pyin,3508.92313049534,91.83073870516552,91.83073870516552,1.0,0.9869891228444324,0.52,52
long-billed_hermits,long-billed_hermits/44kKz_songtype_segment_analysis_sep_2019.wav_47.wav,3,comb,3508.92313049534,1811.4236104406336,170.97182101073327,0.0,-0.21538984812991263,1.0,100
long-billed_hermits,long-billed_hermits/44kKz_songtype_segment_analysis_sep_2019.wav_47.wav,3,comb_noexempt,3508.92313049534,2349.1314911842856,114.01914498550695,0.0,0.7359305572694184,1.0,100
long-billed_hermits,long-billed_hermits/44kKz_songtype_segment_analysis_sep_2019.wav_47.wav,3,pyin,3508.92313049534,2514.9793507565696,160.6245082559853,0.0,-0.017271417774975033,1.0,100
long-billed_hermits,long-billed_hermits/44kKz_songtype_segment_analysis_sep_2019.wav_48.wav,0,comb,3580.74344911639,103.41413615638558,103.41413615638558,1.0,0.8023299626226822,1.0,100
long-billed_hermits,long-billed_hermits/44kKz_songtype_segment_analysis_sep_2019.wav_48.wav,0,comb_noexempt,3580.74344911639,103.41413615638558,103.41413615638558,1.0,0.8046802041360765,1.0,100
long-billed_hermits,long-billed_hermits/44kKz_songtype_segment_analysis_sep_2019.wav_48.wav,0,pyin,3580.74344911639,84.6177256922057,84.6177256922057,1.0,0.9669914628121332,0.89,89
long-billed_hermits,long-billed_hermits/44kKz_songtype_segment_analysis_sep_2019.wav_48.wav,1,comb,3580.74344911639,104.11120342394311,104.11120342394311,1.0,0.8004182270603166,1.0,100
long-billed_hermits,long-billed_hermits/44kKz_songtype_segment_analysis_sep_2019.wav_48.wav,1,comb_noexempt,3580.74344911639,112.53010515553679,112.21087452032185,1.0,0.5717746086825255,1.0,100
long-billed_hermits,long-billed_hermits/44kKz_songtype_segment_analysis_sep_2019.wav_48.wav,1,pyin,3580.74344911639,1090.9504218120017,114.82221300888375,0.0,0.7129443863634178,0.99,99
long-billed_hermits,long-billed_hermits/44kKz_songtype_segment_analysis_sep_2019.wav_48.wav,2,comb,3580.74344911639,105.21167521655346,105.21167521655346,1.0,0.8030004694374704,1.0,100
long-billed_hermits,long-billed_hermits/44kKz_songtype_segment_analysis_sep_2019.wav_48.wav,2,comb_noexempt,3580.74344911639,102.82148250098697,102.82148250098697,1.0,0.8010765506881188,1.0,100
long-billed_hermits,long-billed_hermits/44kKz_songtype_segment_analysis_sep_2019.wav_48.wav,2,pyin,3580.74344911639,100.51044763863234,100.51044763863234,1.0,0.8638222389517881,0.85,85
long-billed_hermits,long-billed_hermits/44kKz_songtype_segment_analysis_sep_2019.wav_48.wav,3,comb,3580.74344911639,103.41413615638558,103.41413615638558,1.0,0.7838770742081268,1.0,100
long-billed_hermits,long-billed_hermits/44kKz_songtype_segment_analysis_sep_2019.wav_48.wav,3,comb_noexempt,3580.74344911639,115.29900752912714,98.8728067147486,1.0,0.36276740222544085,1.0,100
long-billed_hermits,long-billed_hermits/44kKz_songtype_segment_analysis_sep_2019.wav_48.wav,3,pyin,3580.74344911639,2516.755290343277,154.6331488417706,0.0,-0.22758601383581878,1.0,100
long-billed_hermits,long-billed_hermits/44kKz_songtype_segment_analysis_sep_2019.wav_5.wav,0,comb,4511.705685999999,1818.881164974151,106.2991433356724,0.0,0.19271907498641105,1.0,100
long-billed_hermits,long-billed_hermits/44kKz_songtype_segment_analysis_sep_2019.wav_5.wav,0,comb_noexempt,4511.705685999999,79.8610579839596,77.6384045959102,1.0,0.07040818581057326,1.0,100
long-billed_hermits,long-billed_hermits/44kKz_songtype_segment_analysis_sep_2019.wav_5.wav,0,pyin,4511.705685999999,30.43100657126483,30.43100657126483,1.0,,0.04,4
long-billed_hermits,long-billed_hermits/44kKz_songtype_segment_analysis_sep_2019.wav_5.wav,1,comb,4511.705685999999,2173.9656357533604,163.88728156667827,0.0,0.04744877377770235,1.0,100
long-billed_hermits,long-billed_hermits/44kKz_songtype_segment_analysis_sep_2019.wav_5.wav,1,comb_noexempt,4511.705685999999,652.0924343624081,308.49957542250155,0.0,-0.13924436241610685,1.0,100
long-billed_hermits,long-billed_hermits/44kKz_songtype_segment_analysis_sep_2019.wav_5.wav,1,pyin,4511.705685999999,125.51376817279714,125.51376817279714,1.0,,0.02,2
long-billed_hermits,long-billed_hermits/44kKz_songtype_segment_analysis_sep_2019.wav_5.wav,2,comb,4511.705685999999,2299.837595134375,110.4886193577387,0.0,0.3840312953706333,1.0,100
long-billed_hermits,long-billed_hermits/44kKz_songtype_segment_analysis_sep_2019.wav_5.wav,2,comb_noexempt,4511.705685999999,1976.3184099650498,103.09215008171557,0.0,-0.08829968919744921,1.0,100
long-billed_hermits,long-billed_hermits/44kKz_songtype_segment_analysis_sep_2019.wav_5.wav,2,pyin,4511.705685999999,2082.5184304378736,41.132237549971144,0.0,5.586549585542441e-16,0.3,30
long-billed_hermits,long-billed_hermits/44kKz_songtype_segment_analysis_sep_2019.wav_5.wav,3,comb,4511.705685999999,2256.4681255113105,138.1398338895815,0.0,0.41638447028865466,1.0,100
long-billed_hermits,long-billed_hermits/44kKz_songtype_segment_analysis_sep_2019.wav_5.wav,3,comb_noexempt,4511.705685999999,2379.2697906040357,175.9648927923862,0.0,0.3705148628598502,1.0,100
long-billed_hermits,long-billed_hermits/44kKz_songtype_segment_analysis_sep_2019.wav_5.wav,3,pyin,4511.705685999999,1024.5912166028113,175.4087833971888,0.0,-4.247458147423828e-15,0.07,7
long-billed_hermits,long-billed_hermits/44kKz_songtype_segment_analysis_sep_2019.wav_51.wav,0,comb,3484.9830242883304,1277.1044217639173,65.983140506371,0.0,0.25587537190326426,1.0,100
long-billed_hermits,long-billed_hermits/44kKz_songtype_segment_analysis_sep_2019.wav_51.wav,0,comb_noexempt,3484.9830242883304,100.88969134965052,70.71667791064438,1.0,0.2996623394012028,1.0,100
long-billed_hermits,long-billed_hermits/44kKz_songtype_segment_analysis_sep_2019.wav_51.wav,0,pyin,3484.9830242883304,27.93819823091063,27.93819823091063,1.0,,0.02,2
long-billed_hermits,long-billed_hermits/44kKz_songtype_segment_analysis_sep_2019.wav_51.wav,1,comb,3484.9830242883304,1642.5871299337346,246.01955442683146,0.0,0.02813760503369935,1.0,100
long-billed_hermits,long-billed_hermits/44kKz_songtype_segment_analysis_sep_2019.wav_51.wav,1,comb_noexempt,3484.9830242883304,1127.3180949480543,65.51545610073435,0.0,0.2562130783975522,1.0,100
long-billed_hermits,long-billed_hermits/44kKz_songtype_segment_analysis_sep_2019.wav_51.wav,2,comb,3484.9830242883304,1268.9980755120414,90.07555811068264,0.0,0.31488863468024025,1.0,100
long-billed_hermits,long-billed_hermits/44kKz_songtype_segment_analysis_sep_2019.wav_51.wav,2,comb_noexempt,3484.9830242883304,1826.5394799296462,79.65571279943137,0.0,0.21713986479463612,1.0,100
long-billed_hermits,long-billed_hermits/44kKz_songtype_segment_analysis_sep_2019.wav_51.wav,2,pyin,3484.9830242883304,647.8082213982544,552.1917786017457,0.0,,0.09,9
long-billed_hermits,long-billed_hermits/44kKz_songtype_segment_analysis_sep_2019.wav_51.wav,3,comb,3484.9830242883304,1717.2806927108304,197.72995086786887,0.0,0.19734928075772307,1.0,100
long-billed_hermits,long-billed_hermits/44kKz_songtype_segment_analysis_sep_2019.wav_51.wav,3,comb_noexempt,3484.9830242883304,2733.3003658556963,337.84687901072596,0.0,-0.14699746263971214,1.0,100
long-billed_hermits,long-billed_hermits/44kKz_songtype_segment_analysis_sep_2019.wav_52.wav,0,comb,3583.892617,1939.5231373598488,88.154260970184,0.0,-0.09538036762391604,1.0,100
long-billed_hermits,long-billed_hermits/44kKz_songtype_segment_analysis_sep_2019.wav_52.wav,0,comb_noexempt,3583.892617,113.87232442796736,98.14303800855805,1.0,0.2860354412392899,1.0,100
long-billed_hermits,long-billed_hermits/44kKz_songtype_segment_analysis_sep_2019.wav_52.wav,0,pyin,3583.892617,61.855709336223576,61.855709336223576,1.0,,0.04,4
long-billed_hermits,long-billed_hermits/44kKz_songtype_segment_analysis_sep_2019.wav_52.wav,1,comb,3583.892617,1656.4306516960382,167.9031695650159,0.0,-0.17244408245214374,1.0,100
long-billed_hermits,long-billed_hermits/44kKz_songtype_segment_analysis_sep_2019.wav_52.wav,1,comb_noexempt,3583.892617,1105.6491893965458,89.98352817361175,0.0,0.10855256803330177,1.0,100
long-billed_hermits,long-billed_hermits/44kKz_songtype_segment_analysis_sep_2019.wav_52.wav,1,pyin,3583.892617,1138.1442906637765,61.855709336223576,0.0,,0.03,3
long-billed_hermits,long-billed_hermits/44kKz_songtype_segment_analysis_sep_2019.wav_52.wav,2,comb,3583.892617,1889.3442712550268,53.11983775765103,0.0,-0.2398060988603548,1.0,100
long-billed_hermits,long-billed_hermits/44kKz_songtype_segment_analysis_sep_2019.wav_52.wav,2,comb_noexempt,3583.892617,1518.261060082212,259.06560852361224,0.0,0.36060125002509275,1.0,100
long-billed_hermits,long-billed_hermits/44kKz_songtype_segment_analysis_sep_2019.wav_52.wav,3,comb,3583.892617,1729.621558400246,193.0828031183891,0.0,0.13923704259186334,1.0,100
long-billed_hermits,long-billed_hermits/44kKz_songtype_segment_analysis_sep_2019.wav_52.wav,3,comb_noexempt,3583.892617,2717.479953388401,317.4799533884013,0.0,0.5155319456629396,1.0,100
long-billed_hermits,long-billed_hermits/44kKz_songtype_segment_analysis_sep_2019.wav_52.wav,3,pyin,3583.892617,1538.1442906637765,338.1442906637766,0.0,,0.17,17
long-billed_hermits,long-billed_hermits/44kKz_songtype_segment_analysis_sep_2019.wav_54.wav,0,comb,5559.6109525,2432.6688173905154,137.18084679791968,0.0,-0.3394232637302256,1.0,100
long-billed_hermits,long-billed_hermits/44kKz_songtype_segment_analysis_sep_2019.wav_54.wav,0,comb_noexempt,5559.6109525,1275.1949010762341,85.17936602891427,0.0,0.9252684006180707,1.0,100
long-billed_hermits,long-billed_hermits/44kKz_songtype_segment_analysis_sep_2019.wav_54.wav,0,pyin,5559.6109525,637.7214015405818,562.2785984594182,0.0,,0.02,2
long-billed_hermits,long-billed_hermits/44kKz_songtype_segment_analysis_sep_2019.wav_54.wav,1,comb,5559.6109525,2614.765579107614,232.61225219849095,0.0,0.0021183989616238574,1.0,100
long-billed_hermits,long-billed_hermits/44kKz_songtype_segment_analysis_sep_2019.wav_54.wav,1,comb_noexempt,5559.6109525,951.8091955709726,223.6793725593298,0.0,-0.046459035916930694,1.0,100
long-billed_hermits,long-billed_hermits/44kKz_songtype_segment_analysis_sep_2019.wav_54.wav,1,pyin,5559.6109525,1155.6741466417898,44.325853358210225,0.0,,0.03,3
long-billed_hermits,long-billed_hermits/44kKz_songtype_segment_analysis_sep_2019.wav_54.wav,2,comb,5559.6109525,2595.4703620740133,249.73588884016712,0.0,-0.5917627638493046,1.0,100
long-billed_hermits,long-billed_hermits/44kKz_songtype_segment_analysis_sep_2019.wav_54.wav,2,comb_noexempt,5559.6109525,1740.8796092349266,102.4069284793117,0.0,-0.5767070268574922,1.0,100
long-billed_hermits,long-billed_hermits/44kKz_songtype_segment_analysis_sep_2019.wav_54.wav,3,comb,5559.6109525,2691.6015178249954,291.60151782499577,0.0,-0.28247257196373105,1.0,100
long-billed_hermits,long-billed_hermits/44kKz_songtype_segment_analysis_sep_2019.wav_54.wav,3,comb_noexempt,5559.6109525,1027.92456517841,222.64398712948156,0.0,-0.13140642024541385,1.0,100
long-billed_hermits,long-billed_hermits/44kKz_songtype_segment_analysis_sep_2019.wav_55.wav,0,comb,4281.9222165,303.90228132173854,253.07870068627102,1.0,-0.11746873958693525,1.0,100
long-billed_hermits,long-billed_hermits/44kKz_songtype_segment_analysis_sep_2019.wav_55.wav,0,comb_noexempt,4281.9222165,299.84594237979286,254.69020804726853,1.0,-0.13748572600029432,1.0,100
long-billed_hermits,long-billed_hermits/44kKz_songtype_segment_analysis_sep_2019.wav_55.wav,0,pyin,4281.9222165,95.96124266672975,95.96124266672975,1.0,-2.686328419251251e-14,0.03,3
long-billed_hermits,long-billed_hermits/44kKz_songtype_segment_analysis_sep_2019.wav_55.wav,1,comb,4281.9222165,478.3071510073345,286.13561978967823,1.0,-0.5528172797873011,1.0,100
long-billed_hermits,long-billed_hermits/44kKz_songtype_segment_analysis_sep_2019.wav_55.wav,1,comb_noexempt,4281.9222165,727.2006288972113,291.86277287869336,0.0,-0.317542500545405,1.0,100
long-billed_hermits,long-billed_hermits/44kKz_songtype_segment_analysis_sep_2019.wav_55.wav,2,comb,4281.9222165,2149.884380411451,117.17971034696599,0.0,-0.6556612803544283,1.0,100
long-billed_hermits,long-billed_hermits/44kKz_songtype_segment_analysis_sep_2019.wav_55.wav,2,comb_noexempt,4281.9222165,1928.9812199835142,185.79857555395628,0.0,-0.31087978967865243,1.0,100
long-billed_hermits,long-billed_hermits/44kKz_songtype_segment_analysis_sep_2019.wav_55.wav,2,pyin,4281.9222165,1077.808221398254,122.19177860174577,0.0,,0.01,1
long-billed_hermits,long-billed_hermits/44kKz_songtype_segment_analysis_sep_2019.wav_55.wav,3,comb,4281.9222165,2257.9618966499966,95.21169526597785,0.0,0.39097842936563953,1.0,100
long-billed_hermits,long-billed_hermits/44kKz_songtype_segment_analysis_sep_2019.wav_55.wav,3,comb_noexempt,4281.9222165,2326.0994919453315,176.76469908312515,0.0,-0.3485820879281687,1.0,100
long-billed_hermits,long-billed_hermits/44kKz_songtype_segment_analysis_sep_2019.wav_55.wav,3,pyin,4281.9222165,271.9381766273159,271.9381766273159,1.0,-9.919867118828042e-15,0.05,5
long-billed_hermits,long-billed_hermits/44kKz_songtype_segment_analysis_sep_2019.wav_57.wav,0,comb,3465.5825160000004,1119.1848672826418,81.90123504473239,0.0,0.3107294983524907,1.0,100
long-billed_hermits,long-billed_hermits/44kKz_songtype_segment_analysis_sep_2019.wav_57.wav,0,comb_noexempt,3465.5825160000004,86.62139450381927,86.62139450381927,1.0,0.9459938294535161,1.0,100
long-billed_hermits,long-billed_hermits/44kKz_songtype_segment_analysis_sep_2019.wav_57.wav,0,pyin,3465.5825160000004,1829.8785416016597,72.07645926372753,0.0,,0.04,4
long-billed_hermits,long-billed_hermits/44kKz_songtype_segment_analysis_sep_2019.wav_57.wav,1,comb,3465.5825160000004,1133.644577936688,84.01825184251572,0.0,0.272080277139344,1.0,100
long-billed_hermits,long-billed_hermits/44kKz_songtype_segment_analysis_sep_2019.wav_57.wav,1,comb_noexempt,3465.5825160000004,89.55342167756726,89.55342167756726,1.0,0.9460259817863444,1.0,100
long-billed_hermits,long-billed_hermits/44kKz_songtype_segment_analysis_sep_2019.wav_57.wav,1,pyin,3465.5825160000004,1829.8785416016597,72.07645926372753,0.0,,0.03,3
long-billed_hermits,long-billed_hermits/44kKz_songtype_segment_analysis_sep_2019.wav_57.wav,2,comb,3465.5825160000004,1254.7466178348877,92.80567460099202,0.0,0.15573590297049075,1.0,100
long-billed_hermits,long-billed_hermits/44kKz_songtype_segment_analysis_sep_2019.wav_57.wav,2,comb_noexempt,3465.5825160000004,1597.4328783998426,90.3951849441722,0.0,0.8951486731915476,1.0,100
long-billed_hermits,long-billed_hermits/44kKz_songtype_segment_analysis_sep_2019.wav_57.wav,2,pyin,3465.5825160000004,74.70440191150296,74.70440191150296,1.0,,0.02,2
long-billed_hermits,long-billed_hermits/44kKz_songtype_segment_analysis_sep_2019.wav_57.wav,3,comb,3465.5825160000004,1044.9656247004807,89.4117570390068,0.0,0.39385100049463506,1.0,100
long-billed_hermits,long-billed_hermits/44kKz_songtype_segment_analysis_sep_2019.wav_57.wav,3,comb_noexempt,3465.5825160000004,1822.2943044521758,93.713141915612,0.0,0.7011855361285847,1.0,100
long-billed_hermits,long-billed_hermits/44kKz_songtype_segment_analysis_sep_2019.wav_57.wav,3,pyin,3465.5825160000004,1283.7830548214924,83.78305482149243,0.0,,0.05,5
long-billed_hermits,long-billed_hermits/44kKz_songtype_segment_analysis_sep_2019.wav_59.wav,0,comb,3595.7236275,115.8344489689768,104.28898857026229,1.0,0.33828262664864023,1.0,100
long-billed_hermits,long-billed_hermits/44kKz_songtype_segment_analysis_sep_2019.wav_59.wav,0,comb_noexempt,3595.7236275,115.8344489689768,104.77101597924009,1.0,0.45690879777624355,1.0,100
long-billed_hermits,long-billed_hermits/44kKz_songtype_segment_analysis_sep_2019.wav_59.wav,0,pyin,3595.7236275,359.46917374436117,106.30048924748561,1.0,0.3799132490957836,0.94,94
long-billed_hermits,long-billed_hermits/44kKz_songtype_segment_analysis_sep_2019.wav_59.wav,1,comb,3595.7236275,115.8344489689768,104.28898857026229,1.0,0.3909769200070283,1.0,100
long-billed_hermits,long-billed_hermits/44kKz_songtype_segment_analysis_sep_2019.wav_59.wav,1,comb_noexempt,3595.7236275,115.8344489689768,104.77101597924009,1.0,0.46547252403270073,1.0,100
long-billed_hermits,long-billed_hermits/44kKz_songtype_segment_analysis_sep_2019.wav_59.wav,1,pyin,3595.7236275,1152.2794239690738,88.45075208705117,0.0,-0.6945086858549709,1.0,100
long-billed_hermits,long-billed_hermits/44kKz_songtype_segment_analysis_sep_2019.wav_59.wav,2,comb,3595.7236275,115.98644555847864,109.66101298246012,1.0,0.23675750998788375,1.0,100
long-billed_hermits,long-billed_hermits/44kKz_songtype_segment_analysis_sep_2019.wav_59.wav,2,comb_noexempt,3595.7236275,113.48982826426831,103.07266656302501,1.0,0.40802827653900176,1.0,100
long-billed_hermits,long-billed_hermits/44kKz_songtype_segment_analysis_sep_2019.wav_59.wav,2,pyin,3595.7236275,1843.047271421366,83.71693212076195,0.0,0.341342159327636,1.0,100
long-billed_hermits,long-billed_hermits/44kKz_songtype_segment_analysis_sep_2019.wav_59.wav,3,comb,3595.7236275,115.6607919123152,107.00495406286602,1.0,0.6407099102977465,1.0,100
long-billed_hermits,long-billed_hermits/44kKz_songtype_segment_analysis_sep_2019.wav_59.wav,3,comb_noexempt,3595.7236275,1132.0606671009054,102.64169279517134,0.0,-0.5387914474357497,1.0,100
long-billed_hermits,long-billed_hermits/44kKz_songtype_segment_analysis_sep_2019.wav_59.wav,3,pyin,3595.7236275,2502.497130037983,226.98849035336198,0.0,0.0561800492462831,1.0,100
long-billed_hermits,long-billed_hermits/44kKz_songtype_segment_analysis_sep_2019.wav_6.wav,0,comb,4601.359491,105.89828948776801,92.69282024419626,1.0,0.3330325104087749,1.0,100
long-billed_hermits,long-billed_hermits/44kKz_songtype_segment_analysis_sep_2019.wav_6.wav,0,comb_noexempt,4601.359491,86.13210371689598,85.35963870750743,1.0,0.7587895153109305,1.0,100
long-billed_hermits,long-billed_hermits/44kKz_songtype_segment_analysis_sep_2019.wav_6.wav,0,pyin,4601.359491,33.94927505481841,33.94927505481841,1.0,,0.02,2
long-billed_hermits,long-billed_hermits/44kKz_songtype_segment_analysis_sep_2019.wav_6.wav,1,comb,4601.359491,2272.6826337317825,110.38497920514287,0.0,0.14881309299818138,1.0,100
long-billed_hermits,long-billed_hermits/44kKz_songtype_segment_analysis_sep_2019.wav_6.wav,1,comb_noexempt,4601.359491,1113.778618322623,103.7540750031537,0.0,0.27981659157203626,1.0,100
long-billed_hermits,long-billed_hermits/44kKz_songtype_segment_analysis_sep_2019.wav_6.wav,1,pyin,4601.359491,1639.9883552900637,261.9666455753237,0.0,,0.03,3
long-billed_hermits,long-billed_hermits/44kKz_songtype_segment_analysis_sep_2019.wav_6.wav,2,comb,4601.359491,2087.224981460159,202.6631939642736,0.0,0.18141045081810755,1.0,100
long-billed_hermits,long-billed_hermits/44kKz_songtype_segment_analysis_sep_2019.wav_6.wav,2,comb_noexempt,4601.359491,1157.149019709794,90.34867249515943,0.0,0.2737078588332139,1.0,100
long-billed_hermits,long-billed_hermits/44kKz_songtype_segment_analysis_sep_2019.wav_6.wav,2,pyin,4601.359491,1961.0668807781346,59.11187991274727,0.0,,0.03,3
long-billed_hermits,long-billed_hermits/44kKz_songtype_segment_analysis_sep_2019.wav_6.wav,3,comb,4601.359491,2285.1552525140874,154.59465371530175,0.0,0.49772994519059,1.0,100
long-billed_hermits,long-billed_hermits/44kKz_songtype_segment_analysis_sep_2019.wav_6.wav,3,comb_noexempt,4601.359491,2357.4390318442865,121.33867098779062,0.0,0.5942224544754955,1.0,100
long-billed_hermits,long-billed_hermits/44kKz_songtype_segment_analysis_sep_2019.wav_6.wav,3,pyin,4601.359491,410.0116447099363,410.0116447099363,1.0,-2.182881882194964e-15,0.3,30
long-billed_hermits,long-billed_hermits/44kKz_songtype_segment_analysis_sep_2019.wav_61.wav,0,comb,3484.983024,973.2437369759871,100.26395275376736,0.0,0.025448577727071472,1.0,100
long-billed_hermits,long-billed_hermits/44kKz_songtype_segment_analysis_sep_2019.wav_61.wav,0,comb_noexempt,3484.983024,100.26395275376736,100.11053517578478,1.0,0.48521391756494314,1.0,100
long-billed_hermits,long-billed_hermits/44kKz_songtype_segment_analysis_sep_2019.wav_61.wav,1,comb,3484.983024,1692.2976331479667,135.42997676724872,0.0,-0.0854554292652714,1.0,100
long-billed_hermits,long-billed_hermits/44kKz_songtype_segment_analysis_sep_2019.wav_61.wav,1,comb_noexempt,3484.983024,115.13683598438453,108.15515483260631,1.0,0.44306940321774174,1.0,100
long-billed_hermits,long-billed_hermits/44kKz_songtype_segment_analysis_sep_2019.wav_61.wav,2,comb,3484.983024,1751.3650783187713,135.23399035323433,0.0,0.57110509234156,1.0,100
long-billed_hermits,long-billed_hermits/44kKz_songtype_segment_analysis_sep_2019.wav_61.wav,2,comb_noexempt,3484.983024,1831.7129464673665,97.11505323431248,0.0,-0.409410232003123,1.0,100
long-billed_hermits,long-billed_hermits/44kKz_songtype_segment_analysis_sep_2019.wav_61.wav,2,pyin,3484.983024,1218.3854583117493,149.50902135890152,0.0,-5.647455430199565e-16,0.27,27
long-billed_hermits,long-billed_hermits/44kKz_songtype_segment_analysis_sep_2019.wav_61.wav,3,comb,3484.983024,1872.3882177540447,78.03819682488472,0.0,-0.11577664391669112,1.0,100
long-billed_hermits,long-billed_hermits/44kKz_songtype_segment_analysis_sep_2019.wav_61.wav,3,comb_noexempt,3484.983024,2276.9679072882195,155.74462299379482,0.0,-0.041027945923937825,1.0,100
long-billed_hermits,long-billed_hermits/44kKz_songtype_segment_analysis_sep_2019.wav_61.wav,3,pyin,3484.983024,2419.934999991215,19.93499999121493,0.0,,0.02,2
long-billed_hermits,long-billed_hermits/44kKz_songtype_segment_analysis_sep_2019.wav_62.wav,0,comb,3499.083833,1236.3390149270501,84.5407941809548,0.0,-0.19451736628335942,1.0,100
long-billed_hermits,long-billed_hermits/44kKz_songtype_segment_analysis_sep_2019.wav_62.wav,0,comb_noexempt,3499.083833,85.83095278160948,84.58934316516842,1.0,0.7785069467658354,1.0,100
long-billed_hermits,long-billed_hermits/44kKz_songtype_segment_analysis_sep_2019.wav_62.wav,0,pyin,3499.083833,84.70440191150324,84.70440191150324,1.0,,0.02,2
long-billed_hermits,long-billed_hermits/44kKz_songtype_segment_analysis_sep_2019.wav_62.wav,1,comb,3499.083833,1755.9522040438264,152.80763716759026,0.0,0.434169064891594,1.0,100
long-billed_hermits,long-billed_hermits/44kKz_songtype_segment_analysis_sep_2019.wav_62.wav,1,comb_noexempt,3499.083833,1090.9248302672283,193.2796826980613,0.0,-0.25122900606175863,1.0,100
long-billed_hermits,long-billed_hermits/44kKz_songtype_segment_analysis_sep_2019.wav_62.wav,1,pyin,3499.083833,1845.2955980884967,56.65940277689054,0.0,,0.02,2
long-billed_hermits,long-billed_hermits/44kKz_songtype_segment_analysis_sep_2019.wav_62.wav,2,comb,3499.083833,1807.786600014032,133.80314480890075,0.0,0.5813694931284112,1.0,100
long-billed_hermits,long-billed_hermits/44kKz_songtype_segment_analysis_sep_2019.wav_62.wav,2,comb_noexempt,3499.083833,1795.4209554971505,104.38944719743468,0.0,-0.24442886122206967,1.0,100
long-billed_hermits,long-billed_hermits/44kKz_songtype_segment_analysis_sep_2019.wav_62.wav,2,pyin,3499.083833,84.70440191150324,84.70440191150324,1.0,,0.03,3
long-billed_hermits,long-billed_hermits/44kKz_songtype_segment_analysis_sep_2019.wav_62.wav,3,comb,3499.083833,1847.896500171117,116.4489165874911,0.0,-0.18571783665345554,1.0,100
long-billed_hermits,long-billed_hermits/44kKz_songtype_segment_analysis_sep_2019.wav_62.wav,3,comb_noexempt,3499.083833,2309.9691834925898,160.18936334847405,0.0,-0.17651595739468984,1.0,100
long-billed_hermits,long-billed_hermits/44kKz_songtype_segment_analysis_sep_2019.wav_62.wav,3,pyin,3499.083833,2765.7143879116925,365.7143879116925,0.0,,0.03,3
long-billed_hermits,long-billed_hermits/44kKz_songtype_segment_analysis_sep_2019.wav_64.wav,0,comb,3149.8215375,164.0515662079357,58.18559301589075,1.0,0.04942417424216163,1.0,100
long-billed_hermits,long-billed_hermits/44kKz_songtype_segment_analysis_sep_2019.wav_64.wav,0,comb_noexempt,3149.8215375,164.0515662079357,58.18559301589075,1.0,0.049813604004155354,1.0,100
long-billed_hermits,long-billed_hermits/44kKz_songtype_segment_analysis_sep_2019.wav_64.wav,0,pyin,3149.8215375,1092.1158210969043,43.5215817696037,1.0,-0.6926451742287855,1.0,100
long-billed_hermits,long-billed_hermits/44kKz_songtype_segment_analysis_sep_2019.wav_64.wav,1,comb,3149.8215375,192.8957286103651,57.2616149806362,1.0,0.04638013689930788,1.0,100
long-billed_hermits,long-billed_hermits/44kKz_songtype_segment_analysis_sep_2019.wav_64.wav,1,comb_noexempt,3149.8215375,193.95144580837382,57.2616149806362,1.0,0.04750310735445964,1.0,100
long-billed_hermits,long-billed_hermits/44kKz_songtype_segment_analysis_sep_2019.wav_64.wav,1,pyin,3149.8215375,1083.5704889680135,45.24812792446944,1.0,-0.6164918535846566,1.0,100
long-billed_hermits,long-billed_hermits/44kKz_songtype_segment_analysis_sep_2019.wav_64.wav,2,comb,3149.8215375,142.15484906190233,56.956791912684075,1.0,0.04692940420582385,1.0,100
long-billed_hermits,long-billed_hermits/44kKz_songtype_segment_analysis_sep_2019.wav_64.wav,2,comb_noexempt,3149.8215375,1765.3228164926657,56.978395398882284,0.0,0.826663959753208,1.0,100
long-billed_hermits,long-billed_hermits/44kKz_songtype_segment_analysis_sep_2019.wav_64.wav,2,pyin,3149.8215375,1794.7976098763597,53.22326551556616,0.0,0.7208659947668208,1.0,100
long-billed_hermits,long-billed_hermits/44kKz_songtype_segment_analysis_sep_2019.wav_64.wav,3,comb,3149.8215375,148.85533873490672,68.25753113134735,1.0,0.2651151844098659,1.0,100
long-billed_hermits,long-billed_hermits/44kKz_songtype_segment_analysis_sep_2019.wav_64.wav,3,comb_noexempt,3149.8215375,69.0866561889817,55.51772568904808,1.0,0.5467759811824948,1.0,100
long-billed_hermits,long-billed_hermits/44kKz_songtype_segment_analysis_sep_2019.wav_64.wav,3,pyin,3149.8215375,81.90753632251639,64.82498849038473,1.0,0.48958647796226745,0.7,70
long-billed_hermits,long-billed_hermits/44kKz_songtype_segment_analysis_sep_2019.wav_66.wav,0,comb,3820.512821,1166.8842113170665,157.98155013726068,0.0,-0.6321518671279569,1.0,100
long-billed_hermits,long-billed_hermits/44kKz_songtype_segment_analysis_sep_2019.wav_66.wav,0,comb_noexempt,3820.512821,158.38599013853823,139.7806041276113,1.0,0.7906795571705535,1.0,100
long-billed_hermits,long-billed_hermits/44kKz_songtype_segment_analysis_sep_2019.wav_66.wav,0,pyin,3820.512821,710.634756310332,141.1306301813692,1.0,-0.6106640272385994,1.0,100
long-billed_hermits,long-billed_hermits/44kKz_songtype_segment_analysis_sep_2019.wav_66.wav,1,comb,3820.512821,2067.862231304776,165.59821625988548,0.0,-0.3378159527889442,1.0,100
long-billed_hermits,long-billed_hermits/44kKz_songtype_segment_analysis_sep_2019.wav_66.wav,1,comb_noexempt,3820.512821,756.096502839243,138.66386916808202,0.0,-0.5094304083416027,1.0,100
long-billed_hermits,long-billed_hermits/44kKz_songtype_segment_analysis_sep_2019.wav_66.wav,1,pyin,3820.512821,821.927978619414,153.48036834388284,0.0,-0.43363996944445743,1.0,100
long-billed_hermits,long-billed_hermits/44kKz_songtype_segment_analysis_sep_2019.wav_66.wav,2,comb,3820.512821,1982.6923763353693,150.40794068253933,0.0,0.4915471088288977,1.0,100
long-billed_hermits,long-billed_hermits/44kKz_songtype_segment_analysis_sep_2019.wav_66.wav,2,comb_noexempt,3820.512821,1512.0021237064234,138.90842584651432,0.0,0.49207612624187497,1.0,100
long-billed_hermits,long-billed_hermits/44kKz_songtype_segment_analysis_sep_2019.wav_66.wav,2,pyin,3820.512821,1268.781185044935,68.78118504493509,0.0,0.8964930967347722,0.06,6
long-billed_hermits,long-billed_hermits/44kKz_songtype_segment_analysis_sep_2019.wav_66.wav,3,comb,3820.512821,1989.0105384406515,173.33484168240113,0.0,-0.48377757081202205,1.0,100
long-billed_hermits,long-billed_hermits/44kKz_songtype_segment_analysis_sep_2019.wav_66.wav,3,comb_noexempt,3820.512821,2408.8492941500954,194.5353272446946,0.0,0.5616706963806269,1.0,100
long-billed_hermits,long-billed_hermits/44kKz_songtype_segment_analysis_sep_2019.wav_66.wav,3,pyin,3820.512821,2471.7239182667618,209.5230866539087,0.0,-0.32175087880230524,1.0,100
long-billed_hermits,long-billed_hermits/44kKz_songtype_segment_analysis_sep_2019.wav_67.wav,0,comb,4379.584131,2047.159120849096,171.68361422306845,0.0,0.1219856398487279,1.0,100
long-billed_hermits,long-billed_hermits/44kKz_songtype_segment_analysis_sep_2019.wav_67.wav,0,comb_noexempt,4379.584131,65.72034683402921,65.72034683402921,1.0,0.9310805076243163,1.0,100
long-billed_hermits,long-billed_hermits/44kKz_songtype_segment_analysis_sep_2019.wav_67.wav,0,pyin,4379.584131,70.28121440693194,70.28121440693194,1.0,,0.06,6
long-billed_hermits,long-billed_hermits/44kKz_songtype_segment_analysis_sep_2019.wav_67.wav,1,comb,4379.584131,2066.592536167074,241.45185090227852,0.0,0.5846313894251132,1.0,100
long-billed_hermits,long-billed_hermits/44kKz_songtype_segment_analysis_sep_2019.wav_67.wav,1,comb_noexempt,4379.584131,907.4737814144089,84.84694619168667,1.0,-0.7085950006351704,1.0,100
long-billed_hermits,long-billed_hermits/44kKz_songtype_segment_analysis_sep_2019.wav_67.wav,1,pyin,4379.584131,54.13270512140143,54.13270512140143,1.0,,0.04,4
long-billed_hermits,long-billed_hermits/44kKz_songtype_segment_analysis_sep_2019.wav_67.wav,2,comb,4379.584131,2188.2646199441706,264.1394347786655,0.0,-0.17815650503698088,1.0,100
long-billed_hermits,long-billed_hermits/44kKz_songtype_segment_analysis_sep_2019.wav_67.wav,2,comb_noexempt,4379.584131,1766.7472132106973,122.1409915339467,0.0,0.157151049383636,1.0,100
long-billed_hermits,long-billed_hermits/44kKz_songtype_segment_analysis_sep_2019.wav_67.wav,2,pyin,4379.584131,1160.2898528018466,39.710147198153415,0.0,,0.04,4
long-billed_hermits,long-billed_hermits/44kKz_songtype_segment_analysis_sep_2019.wav_67.wav,3,comb,4379.584131,2309.9217936971863,286.19287121455744,0.0,0.12474128718728532,1.0,100
long-billed_hermits,long-billed_hermits/44kKz_songtype_segment_analysis_sep_2019.wav_67.wav,3,comb_noexempt,4379.584131,2270.1982526135043,292.083628867834,0.0,0.2606082632264877,1.0,100
long-billed_hermits,long-billed_hermits/44kKz_songtype_segment_analysis_sep_2019.wav_67.wav,3,pyin,4379.584131,1867.4490577670967,34.505943098290686,0.0,,0.03,3
long-billed_hermits,long-billed_hermits/44kKz_songtype_segment_analysis_sep_2019.wav_69.wav,0,comb,6118.394707,2819.657270672261,419.65727067226084,0.0,-0.758695597736246,1.0,100
long-billed_hermits,long-billed_hermits/44kKz_songtype_segment_analysis_sep_2019.wav_69.wav,0,comb_noexempt,6118.394707,207.10929292886556,207.10929292886556,1.0,0.6384663113740243,1.0,100
long-billed_hermits,long-billed_hermits/44kKz_songtype_segment_analysis_sep_2019.wav_69.wav,0,pyin,6118.394707,102.64285609113432,102.64285609113432,1.0,0.7387457363467079,0.92,92
long-billed_hermits,long-billed_hermits/44kKz_songtype_segment_analysis_sep_2019.wav_69.wav,1,comb,6118.394707,2804.5384322937543,404.53843229375445,0.0,0.5529890158443647,1.0,100
long-billed_hermits,long-billed_hermits/44kKz_songtype_segment_analysis_sep_2019.wav_69.wav,1,comb_noexempt,6118.394707,1097.2133584838048,158.18122919810628,0.0,-0.23556748598161467,1.0,100
long-billed_hermits,long-billed_hermits/44kKz_songtype_segment_analysis_sep_2019.wav_69.wav,1,pyin,6118.394707,1180.2930671507593,118.41102666289888,0.0,0.5373366799415923,0.84,84
long-billed_hermits,long-billed_hermits/44kKz_songtype_segment_analysis_sep_2019.wav_69.wav,2,comb,6118.394707,2829.017272444643,429.0172724446429,0.0,0.5386859016006007,1.0,100
long-billed_hermits,long-billed_hermits/44kKz_songtype_segment_analysis_sep_2019.wav_69.wav,2,comb_noexempt,6118.394707,1796.7162717033057,174.83514517054158,0.0,0.34712812376451097,1.0,100
long-billed_hermits,long-billed_hermits/44kKz_songtype_segment_analysis_sep_2019.wav_69.wav,2,pyin,6118.394707,633.3453777331497,445.70774984343257,0.0,0.4692840500912023,1.0,100
long-billed_hermits,long-billed_hermits/44kKz_songtype_segment_analysis_sep_2019.wav_7.wav,0,comb,4180.2171015,1983.6080569022415,104.41987110979358,0.0,0.4672519006009516,1.0,100
long-billed_hermits,long-billed_hermits/44kKz_songtype_segment_analysis_sep_2019.wav_7.wav,0,comb_noexempt,4180.2171015,74.45692845701714,72.57859566389361,1.0,0.8262367091707765,1.0,100
long-billed_hermits,long-billed_hermits/44kKz_songtype_segment_analysis_sep_2019.wav_7.wav,0,pyin,4180.2171015,148.35317625997135,104.42698303941779,1.0,-0.5837816363028484,0.49,49
long-billed_hermits,long-billed_hermits/44kKz_songtype_segment_analysis_sep_2019.wav_7.wav,1,comb,4180.2171015,2181.4441277160704,219.31006017524783,0.0,-0.3900631414954188,1.0,100
long-billed_hermits,long-billed_hermits/44kKz_songtype_segment_analysis_sep_2019.wav_7.wav,1,comb_noexempt,4180.2171015,953.6294472773066,254.53686445425802,0.0,0.07913058212573598,1.0,100
long-billed_hermits,long-billed_hermits/44kKz_songtype_segment_analysis_sep_2019.wav_7.wav,1,pyin,4180.2171015,950.6999820218437,96.61254437588451,1.0,-0.6342953150522761,1.0,100
long-billed_hermits,long-billed_hermits/44kKz_songtype_segment_analysis_sep_2019.wav_7.wav,2,comb,4180.2171015,2078.517105243579,149.74451899807394,0.0,-0.08028070981948757,1.0,100
long-billed_hermits,long-billed_hermits/44kKz_songtype_segment_analysis_sep_2019.wav_7.wav,2,comb_noexempt,4180.2171015,1691.9364236428858,90.01253219490762,0.0,0.40463842194917277,1.0,100
long-billed_hermits,long-billed_hermits/44kKz_songtype_segment_analysis_sep_2019.wav_7.wav,3,comb,4180.2171015,2192.7523091970406,182.25477221888622,0.0,-0.38832154971412175,1.0,100
long-billed_hermits,long-billed_hermits/44kKz_songtype_segment_analysis_sep_2019.wav_7.wav,3,comb_noexempt,4180.2171015,2273.827545112005,204.46714632096098,0.0,-0.11048045369202937,1.0,100
long-billed_hermits,long-billed_hermits/44kKz_songtype_segment_analysis_sep_2019.wav_71.wav,0,comb,4927.564758,2347.5308989265723,180.12713847768475,0.0,-0.29263144210671443,1.0,100
long-billed_hermits,long-billed_hermits/44kKz_songtype_segment_analysis_sep_2019.wav_71.wav,0,comb_noexempt,4927.564758,731.8000217215867,144.08984424708257,0.0,0.3873686376682227,1.0,100
long-billed_hermits,long-billed_hermits/44kKz_songtype_segment_analysis_sep_2019.wav_71.wav,0,pyin,4927.564758,215.7529817822804,141.83504289894555,1.0,0.6398506383069172,0.89,89
long-billed_hermits,long-billed_hermits/44kKz_songtype_segment_analysis_sep_2019.wav_71.wav,1,comb,4927.564758,2092.158674867049,138.14548670238997,0.0,-0.1836469891390964,1.0,100
long-billed_hermits,long-billed_hermits/44kKz_songtype_segment_analysis_sep_2019.wav_71.wav,1,comb_noexempt,4927.564758,463.68740342109277,138.64307328539203,1.0,0.36406136904486525,1.0,100
long-billed_hermits,long-billed_hermits/44kKz_songtype_segment_analysis_sep_2019.wav_71.wav,2,comb,4927.564758,2416.7119118694022,254.17509872858963,0.0,-0.23886232514986686,1.0,100
long-billed_hermits,long-billed_hermits/44kKz_songtype_segment_analysis_sep_2019.wav_71.wav,2,comb_noexempt,4927.564758,1598.0158476260895,116.11613054067138,0.0,0.08002647598904818,1.0,100
long-billed_hermits,long-billed_hermits/44kKz_songtype_segment_analysis_sep_2019.wav_71.wav,2,pyin,4927.564758,1947.640661834845,220.09513181029715,0.0,-0.690807044468703,0.96,96
long-billed_hermits,long-billed_hermits/44kKz_songtype_segment_analysis_sep_2019.wav_71.wav,3,comb,4927.564758,2487.4436271893333,249.3785320334541,0.0,0.06257323939537565,1.0,100
long-billed_hermits,long-billed_hermits/44kKz_songtype_segment_analysis_sep_2019.wav_71.wav,3,comb_noexempt,4927.564758,2293.3460060816956,191.2049045104028,0.0,0.26422323912760837,1.0,100
long-billed_hermits,long-billed_hermits/44kKz_songtype_segment_analysis_sep_2019.wav_73.wav,0,comb,6011.383646,2724.6332270129874,341.05929046803976,0.0,0.4038704040600336,1.0,100
long-billed_hermits,long-billed_hermits/44kKz_songtype_segment_analysis_sep_2019.wav_73.wav,0,comb_noexempt,6011.383646,258.3890743695148,174.5477493807786,1.0,0.4200625871095054,1.0,100
long-billed_hermits,long-billed_hermits/44kKz_songtype_segment_analysis_sep_2019.wav_73.wav,0,pyin,6011.383646,138.56450286655465,138.56450286655465,1.0,2.01459527365801e-15,0.13,13
long-billed_hermits,long-billed_hermits/44kKz_songtype_segment_analysis_sep_2019.wav_73.wav,1,comb,6011.383646,2674.556126628937,321.2042388025993,0.0,0.29968940035020686,1.0,100
long-billed_hermits,long-billed_hermits/44kKz_songtype_segment_analysis_sep_2019.wav_73.wav,1,comb_noexempt,6011.383646,724.462557206405,386.5206301168909,0.0,0.4407813836496948,1.0,100
long-billed_hermits,long-billed_hermits/44kKz_songtype_segment_analysis_sep_2019.wav_73.wav,2,comb,6011.383646,2736.3663344083575,339.3019945054656,0.0,0.4435792701288116,1.0,100
long-billed_hermits,long-billed_hermits/44kKz_songtype_segment_analysis_sep_2019.wav_73.wav,2,comb_noexempt,6011.383646,1897.2692432433068,188.3405482724457,0.0,0.3390595198104513,1.0,100
long-billed_hermits,long-billed_hermits/44kKz_songtype_segment_analysis_sep_2019.wav_73.wav,2,pyin,6011.383646,139.42285863674334,139.42285863674334,1.0,,0.16,16
long-billed_hermits,long-billed_hermits/44kKz_songtype_segment_analysis_sep_2019.wav_74.wav,0,comb,4979.838672,2283.920773374447,198.6795663241,0.0,-0.7488590150179287,1.0,100
long-billed_hermits,long-billed_hermits/44kKz_songtype_segment_analysis_sep_2019.wav_74.wav,0,comb_noexempt,4979.838672,198.51059422051253,158.26734648719247,1.0,0.7823609282769873,1.0,100
long-billed_hermits,long-billed_hermits/44kKz_songtype_segment_analysis_sep_2019.wav_74.wav,0,pyin,4979.838672,172.29632700525912,152.68028533396495,1.0,0.7859347304084258,0.92,92
long-billed_hermits,long-billed_hermits/44kKz_songtype_segment_analysis_sep_2019.wav_74.wav,1,comb,4979.838672,2142.8722383347863,191.62657003208562,0.0,0.6553857997350692,1.0,100
long-billed_hermits,long-billed_hermits/44kKz_songtype_segment_analysis_sep_2019.wav_74.wav,1,comb_noexempt,4979.838672,681.8576357905397,128.16506665495191,1.0,-0.11408070472843405,1.0,100
long-billed_hermits,long-billed_hermits/44kKz_songtype_segment_analysis_sep_2019.wav_74.wav,1,pyin,4979.838672,665.8303780350154,110.24443060333033,1.0,-0.27256769337797404,1.0,100
long-billed_hermits,long-billed_hermits/44kKz_songtype_segment_analysis_sep_2019.wav_74.wav,2,comb,4979.838672,2299.3203120342387,203.11306027794524,0.0,0.4410968495520567,1.0,100
long-billed_hermits,long-billed_hermits/44kKz_songtype_segment_analysis_sep_2019.wav_74.wav,2,comb_noexempt,4979.838672,1689.6422222069639,198.82208604727623,0.0,-0.3586990344526834,1.0,100
long-billed_hermits,long-billed_hermits/44kKz_songtype_segment_analysis_sep_2019.wav_74.wav,2,pyin,4979.838672,1874.4352113598834,126.5213827755827,0.0,-0.19873097162540937,1.0,100
long-billed_hermits,long-billed_hermits/44kKz_songtype_segment_analysis_sep_2019.wav_74.wav,3,comb,4979.838672,2472.4814039891116,226.27508970835567,0.0,-0.5864446226732555,1.0,100
long-billed_hermits,long-billed_hermits/44kKz_songtype_segment_analysis_sep_2019.wav_74.wav,3,comb_noexempt,4979.838672,2205.3940837241726,262.0146901860231,0.0,0.07674559658456413,1.0,100
long-billed_hermits,long-billed_hermits/44kKz_songtype_segment_analysis_sep_2019.wav_74.wav,3,pyin,4979.838672,1207.9866054878298,226.31938000753124,0.0,0.21171182229935062,0.84,84
long-billed_hermits,long-billed_hermits/44kKz_songtype_segment_analysis_sep_2019.wav_76.wav,0,comb,4438.7391815,1851.1030608669807,91.65087473961637,0.0,0.5986349255227877,1.0,100
long-billed_hermits,long-billed_hermits/44kKz_songtype_segment_analysis_sep_2019.wav_76.wav,0,comb_noexempt,4438.7391815,180.47002139953406,144.80387989417636,1.0,0.5544082935770949,1.0,100
long-billed_hermits,long-billed_hermits/44kKz_songtype_segment_analysis_sep_2019.wav_76.wav,1,comb,4438.7391815,2174.719867449895,174.1433904515876,0.0,-0.15496970289957637,1.0,100
long-billed_hermits,long-billed_hermits/44kKz_songtype_segment_analysis_sep_2019.wav_76.wav,1,comb_noexempt,4438.7391815,545.354521224168,179.2119223031564,1.0,0.6382074387034344,1.0,100
long-billed_hermits,long-billed_hermits/44kKz_songtype_segment_analysis_sep_2019.wav_76.wav,1,pyin,4438.7391815,732.6350359171645,291.27179684905707,0.0,-0.5974298783351506,1.0,100
long-billed_hermits,long-billed_hermits/44kKz_songtype_segment_analysis_sep_2019.wav_76.wav,2,comb,4438.7391815,2166.532403784113,227.55489621364396,0.0,-0.5564721270636086,1.0,100
long-billed_hermits,long-billed_hermits/44kKz_songtype_segment_analysis_sep_2019.wav_76.wav,2,comb_noexempt,4438.7391815,1774.4448856143736,125.68256409650758,0.0,0.6897664188855906,1.0,100
long-billed_hermits,long-billed_hermits/44kKz_songtype_segment_analysis_sep_2019.wav_76.wav,3,comb,4438.7391815,2127.595176365672,210.09628396943572,0.0,-0.3794171578347931,1.0,100
long-billed_hermits,long-billed_hermits/44kKz_songtype_segment_analysis_sep_2019.wav_76.wav,3,comb_noexempt,4438.7391815,2405.097696847766,232.2291278970065,0.0,0.03819019656298497,1.0,100
long-billed_hermits,long-billed_hermits/44kKz_songtype_segment_analysis_sep_2019.wav_76.wav,3,pyin,4438.7391815,1150.0411980128874,204.92866742216205,0.0,0.3226560696500552,0.99,99
long-billed_hermits,long-billed_hermits/44kKz_songtype_segment_analysis_sep_2019.wav_78.wav,0,comb,3510.9148437476697,1680.7907562553378,156.5585179790018,0.0,0.08267887208969917,1.0,100
long-billed_hermits,long-billed_hermits/44kKz_songtype_segment_analysis_sep_2019.wav_78.wav,0,comb_noexempt,3510.9148437476697,167.9521972128988,152.3908532541925,1.0,0.3722865541745023,1.0,100
long-billed_hermits,long-billed_hermits/44kKz_songtype_segment_analysis_sep_2019.wav_78.wav,1,comb,3510.9148437476697,1673.0819278002282,158.73106131916097,0.0,0.2554412140616846,1.0,100
long-billed_hermits,long-billed_hermits/44kKz_songtype_segment_analysis_sep_2019.wav_78.wav,1,comb_noexempt,3510.9148437476697,1026.3492134983762,267.3417323876321,0.0,-0.2973695426684963,1.0,100
long-billed_hermits,long-billed_hermits/44kKz_songtype_segment_analysis_sep_2019.wav_78.wav,1,pyin,3510.9148437476697,1173.1177056692845,138.2393767084796,0.0,-0.19147707497448432,1.0,100
long-billed_hermits,long-billed_hermits/44kKz_songtype_segment_analysis_sep_2019.wav_78.wav,2,comb,3510.9148437476697,1895.7901748591141,115.68454265317968,0.0,-0.24434921288700104,1.0,100
long-billed_hermits,long-billed_hermits/44kKz_songtype_segment_analysis_sep_2019.wav_78.wav,2,comb_noexempt,3510.9148437476697,1711.2029237199854,145.66942940452014,0.0,0.20095586660709963,1.0,100
long-billed_hermits,long-billed_hermits/44kKz_songtype_segment_analysis_sep_2019.wav_78.wav,2,pyin,3510.9148437476697,1739.8261501799893,141.17080588754084,0.0,-0.0809621350951492,1.0,100
long-billed_hermits,long-billed_hermits/44kKz_songtype_segment_analysis_sep_2019.wav_78.wav,3,comb,3510.9148437476697,1866.138236792468,109.08946718175328,0.0,-0.1105249194942716,1.0,100
long-billed_hermits,long-billed_hermits/44kKz_songtype_segment_analysis_sep_2019.wav_78.wav,3,comb_noexempt,3510.9148437476697,2284.019892442482,147.52596420207846,0.0,0.04481184176229989,1.0,100
long-billed_hermits,long-billed_hermits/44kKz_songtype_segment_analysis_sep_2019.wav_78.wav,3,pyin,3510.9148437476697,2372.303316913378,101.01880137760031,0.0,0.2420898937630102,0.52,52
long-billed_hermits,long-billed_hermits/44kKz_songtype_segment_analysis_sep_2019.wav_79.wav,0,comb,4916.5455355,2333.5953656580023,120.44028899616922,0.0,-0.12247330805255668,1.0,100
long-billed_hermits,long-billed_hermits/44kKz_songtype_segment_analysis_sep_2019.wav_79.wav,0,comb_noexempt,4916.5455355,128.8481147753227,118.24410819975662,1.0,0.8540977483875619,1.0,100
long-billed_hermits,long-billed_hermits/44kKz_songtype_segment_analysis_sep_2019.wav_79.wav,0,pyin,4916.5455355,125.03029446118428,117.02990757291342,1.0,0.8756115256915864,0.95,95
long-billed_hermits,long-billed_hermits/44kKz_songtype_segment_analysis_sep_2019.wav_79.wav,1,comb,4916.5455355,2319.787282358712,142.00729196048698,0.0,0.600340899621901,1.0,100
long-billed_hermits,long-billed_hermits/44kKz_songtype_segment_analysis_sep_2019.wav_79.wav,1,comb_noexempt,4916.5455355,808.6714344315965,233.57147581652652,0.0,0.3290612610894607,1.0,100
long-billed_hermits,long-billed_hermits/44kKz_songtype_segment_analysis_sep_2019.wav_79.wav,1,pyin,4916.5455355,923.9783731759555,249.64727114314343,0.0,0.6111059261275239,1.0,100
long-billed_hermits,long-billed_hermits/44kKz_songtype_segment_analysis_sep_2019.wav_79.wav,2,comb,4916.5455355,2482.563866997455,228.0948124231477,0.0,0.11887400916082085,1.0,100
long-billed_hermits,long-billed_hermits/44kKz_songtype_segment_analysis_sep_2019.wav_79.wav,2,comb_noexempt,4916.5455355,1819.4846493062066,201.6759579788336,0.0,0.8058492268822554,1.0,100
long-billed_hermits,long-billed_hermits/44kKz_songtype_segment_analysis_sep_2019.wav_79.wav,2,pyin,4916.5455355,1964.6522612171354,234.92697272739156,0.0,-0.6375986189295453,1.0,100
long-billed_hermits,long-billed_hermits/44kKz_songtype_segment_analysis_sep_2019.wav_79.wav,3,comb,4916.5455355,2425.748057744137,251.37212508754695,0.0,0.0802189964213015,1.0,100
long-billed_hermits,long-billed_hermits/44kKz_songtype_segment_analysis_sep_2019.wav_79.wav,3,comb_noexempt,4916.5455355,2318.4617656457845,204.92760632686668,0.0,0.5123940828842071,1.0,100
long-billed_hermits,long-billed_hermits/44kKz_songtype_segment_analysis_sep_2019.wav_80.wav,0,comb,4945.329503000001,2286.253775042377,104.19801007589078,0.0,-0.006799463049214915,1.0,100
long-billed_hermits,long-billed_hermits/44kKz_songtype_segment_analysis_sep_2019.wav_80.wav,0,comb_noexempt,4945.329503000001,132.3436347897375,130.43249135503083,1.0,0.8412627675831914,1.0,100
long-billed_hermits,long-billed_hermits/44kKz_songtype_segment_analysis_sep_2019.wav_80.wav,0,pyin,4945.329503000001,106.27499504462104,102.55765834377624,1.0,0.8675453620182569,0.96,96
long-billed_hermits,long-billed_hermits/44kKz_songtype_segment_analysis_sep_2019.wav_80.wav,1,comb,4945.329503000001,2330.4957114306417,217.8335522175151,0.0,0.5255982362091925,1.0,100
long-billed_hermits,long-billed_hermits/44kKz_songtype_segment_analysis_sep_2019.wav_80.wav,1,comb_noexempt,4945.329503000001,817.9956215214055,225.14848933162216,1.0,0.2647066432521358,1.0,100
long-billed_hermits,long-billed_hermits/44kKz_songtype_segment_analysis_sep_2019.wav_80.wav,1,pyin,4945.329503000001,921.6069001468454,274.49340357587755,0.0,0.6440529583673109,1.0,100
long-billed_hermits,long-billed_hermits/44kKz_songtype_segment_analysis_sep_2019.wav_80.wav,2,comb,4945.329503000001,2269.493149711303,125.47396707103013,0.0,-0.6144234821923993,1.0,100
long-billed_hermits,long-billed_hermits/44kKz_songtype_segment_analysis_sep_2019.wav_80.wav,2,comb_noexempt,4945.329503000001,1830.672049618176,244.9232479458104,0.0,0.27467409767198403,1.0,100
long-billed_hermits,long-billed_hermits/44kKz_songtype_segment_analysis_sep_2019.wav_80.wav,2,pyin,4945.329503000001,1959.2728714430855,203.88083277916917,0.0,-0.45019358145902355,1.0,100
long-billed_hermits,long-billed_hermits/44kKz_songtype_segment_analysis_sep_2019.wav_80.wav,3,comb,4945.329503000001,2439.839954189781,237.5892082907949,0.0,0.6302733343055769,1.0,100
long-billed_hermits,long-billed_hermits/44kKz_songtype_segment_analysis_sep_2019.wav_80.wav,3,comb_noexempt,4945.329503000001,2244.213753322473,207.06915151363495,0.0,0.5033060873812204,1.0,100
long-billed_hermits,long-billed_hermits/44kKz_songtype_segment_analysis_sep_2019.wav_82.wav,0,comb,5160.790459,2372.3591648389693,172.2732429824478,0.0,0.33061902399889637,1.0,100
long-billed_hermits,long-billed_hermits/44kKz_songtype_segment_analysis_sep_2019.wav_82.wav,0,comb_noexempt,5160.790459,1140.3590436694108,115.09453723084223,0.0,-0.34747247856753444,1.0,100
long-billed_hermits,long-billed_hermits/44kKz_songtype_segment_analysis_sep_2019.wav_82.wav,1,comb,5160.790459,2363.525744414288,167.00967441139807,0.0,0.4323047054747818,1.0,100
long-billed_hermits,long-billed_hermits/44kKz_songtype_segment_analysis_sep_2019.wav_82.wav,1,comb_noexempt,5160.790459,713.2570276184922,322.5240085287919,0.0,-0.6555495044757665,1.0,100
long-billed_hermits,long-billed_hermits/44kKz_songtype_segment_analysis_sep_2019.wav_82.wav,1,pyin,5160.790459,915.6274008966024,290.10756262237567,0.0,0.17382318567609228,1.0,100
long-billed_hermits,long-billed_hermits/44kKz_songtype_segment_analysis_sep_2019.wav_82.wav,2,comb,5160.790459,2467.49938542888,199.94665871025538,0.0,0.08264402929597617,1.0,100
long-billed_hermits,long-billed_hermits/44kKz_songtype_segment_analysis_sep_2019.wav_82.wav,2,comb_noexempt,5160.790459,1790.2511708816774,166.67163899062996,0.0,0.5951500140913211,1.0,100
long-billed_hermits,long-billed_hermits/44kKz_songtype_segment_analysis_sep_2019.wav_82.wav,2,pyin,5160.790459,1907.0513782283379,174.61081442802083,0.0,-0.45445643637363903,0.97,97
long-billed_hermits,long-billed_hermits/44kKz_songtype_segment_analysis_sep_2019.wav_82.wav,3,comb,5160.790459,2503.3973996315044,228.95750630048363,0.0,-0.3328710396969151,1.0,100
long-billed_hermits,long-billed_hermits/44kKz_songtype_segment_analysis_sep_2019.wav_82.wav,3,comb_noexempt,5160.790459,2238.5480873417655,181.92058647206363,0.0,0.18364382807313345,1.0,100
long-billed_hermits,long-billed_hermits/44kKz_songtype_segment_analysis_sep_2019.wav_84.wav,0,comb,5424.131627000001,2484.0412993478803,222.62051267566818,0.0,-0.6637963194540685,1.0,100
long-billed_hermits,long-billed_hermits/44kKz_songtype_segment_analysis_sep_2019.wav_84.wav,0,comb_noexempt,5424.131627000001,429.8668193781566,211.29983770964466,1.0,0.6609884893794609,1.0,100
long-billed_hermits,long-billed_hermits/44kKz_songtype_segment_analysis_sep_2019.wav_84.wav,0,pyin,5424.131627000001,77.0227788084806,77.0227788084806,1.0,,0.05,5
long-billed_hermits,long-billed_hermits/44kKz_songtype_segment_analysis_sep_2019.wav_84.wav,1,comb,5424.131627000001,2509.3925725311838,242.3888779875283,0.0,-0.6265462421718497,1.0,100
long-billed_hermits,long-billed_hermits/44kKz_songtype_segment_analysis_sep_2019.wav_84.wav,1,comb_noexempt,5424.131627000001,834.567080648073,275.793086591523,0.0,0.08779531118495608,1.0,100
long-billed_hermits,long-billed_hermits/44kKz_songtype_segment_analysis_sep_2019.wav_84.wav,1,pyin,5424.131627000001,1789.9372453556043,58.97777967386771,0.0,-2.2605157986586757e-16,0.19,19
long-billed_hermits,long-billed_hermits/44kKz_songtype_segment_analysis_sep_2019.wav_84.wav,2,comb,5424.131627000001,2559.82481746781,287.5091720100719,0.0,0.07179276600120325,1.0,100
long-billed_hermits,long-billed_hermits/44kKz_songtype_segment_analysis_sep_2019.wav_84.wav,2,comb_noexempt,5424.131627000001,1846.4907157338018,197.1234297190798,0.0,-0.24509883481375674,1.0,100
long-billed_hermits,long-billed_hermits/44kKz_songtype_segment_analysis_sep_2019.wav_84.wav,2,pyin,5424.131627000001,1603.5859683881972,113.34083650391138,0.0,4.3537384704017245e-16,0.45,45
long-billed_hermits,long-billed_hermits/44kKz_songtype_segment_analysis_sep_2019.wav_84.wav,3,comb,5424.131627000001,2658.736335321317,258.73633532131663,0.0,0.05693524882139849,1.0,100
long-billed_hermits,long-billed_hermits/44kKz_songtype_segment_analysis_sep_2019.wav_84.wav,3,comb_noexempt,5424.131627000001,2183.913880121131,222.84693156521826,0.0,0.13631375302055623,1.0,100
long-billed_hermits,long-billed_hermits/44kKz_songtype_segment_analysis_sep_2019.wav_86.wav,0,comb,3808.21957,1765.9998350037208,213.30662746530604,0.0,-0.5171905617980257,1.0,100
long-billed_hermits,long-billed_hermits/44kKz_songtype_segment_analysis_sep_2019.wav_86.wav,0,comb_noexempt,3808.21957,588.3683863464407,165.09713727233304,1.0,0.55221211059353,1.0,100
long-billed_hermits,long-billed_hermits/44kKz_songtype_segment_analysis_sep_2019.wav_86.wav,1,comb,3808.21957,1923.6307954754384,226.08812584200092,0.0,0.1465173086750259,1.0,100
long-billed_hermits,long-billed_hermits/44kKz_songtype_segment_analysis_sep_2019.wav_86.wav,1,comb_noexempt,3808.21957,863.7355890357779,167.16469228786718,0.0,0.18497384568036235,1.0,100
long-billed_hermits,long-billed_hermits/44kKz_songtype_segment_analysis_sep_2019.wav_86.wav,1,pyin,3808.21957,1031.1483243038217,122.30553959609155,0.0,-0.41647379291967795,1.0,100
long-billed_hermits,long-billed_hermits/44kKz_songtype_segment_analysis_sep_2019.wav_86.wav,2,comb,3808.21957,1927.6376451563674,229.09563143267323,0.0,0.06273890677615643,1.0,100
long-billed_hermits,long-billed_hermits/44kKz_songtype_segment_analysis_sep_2019.wav_86.wav,2,comb_noexempt,3808.21957,1602.6687349300043,201.03068454289706,0.0,0.36531942706567533,1.0,100
long-billed_hermits,long-billed_hermits/44kKz_songtype_segment_analysis_sep_2019.wav_86.wav,3,comb,3808.21957,1974.7415487942742,228.6693065443919,0.0,-0.4648090257823443,1.0,100
long-billed_hermits,long-billed_hermits/44kKz_songtype_segment_analysis_sep_2019.wav_86.wav,3,comb_noexempt,3808.21957,2456.609981288495,279.85744105073627,0.0,0.4197572927083125,1.0,100
long-billed_hermits,long-billed_hermits/44kKz_songtype_segment_analysis_sep_2019.wav_86.wav,3,pyin,3808.21957,2455.1466678056904,284.2264332675229,0.0,-0.5299236191448318,1.0,100
long-billed_hermits,long-billed_hermits/44kKz_songtype_segment_analysis_sep_2019.wav_87.wav,0,comb,3796.8508005,1861.7885964847537,207.5543133688518,0.0,-0.17696766600927216,1.0,100
long-billed_hermits,long-billed_hermits/44kKz_songtype_segment_analysis_sep_2019.wav_87.wav,0,comb_noexempt,3796.8508005,634.071798611552,202.7823232050531,0.0,0.5425609585344097,1.0,100
long-billed_hermits,long-billed_hermits/44kKz_songtype_segment_analysis_sep_2019.wav_87.wav,1,comb,3796.8508005,1841.4456711271982,198.40993034965413,0.0,-0.01233969762361988,1.0,100
long-billed_hermits,long-billed_hermits/44kKz_songtype_segment_analysis_sep_2019.wav_87.wav,1,comb_noexempt,3796.8508005,941.3845798533946,183.84927279647337,0.0,-0.19712883328992642,1.0,100
long-billed_hermits,long-billed_hermits/44kKz_songtype_segment_analysis_sep_2019.wav_87.wav,1,pyin,3796.8508005,991.1741378718596,163.60072424530892,0.0,-0.3680616141594939,1.0,100
long-billed_hermits,long-billed_hermits/44kKz_songtype_segment_analysis_sep_2019.wav_87.wav,2,comb,3796.8508005,1952.9495392399647,209.62891049519055,0.0,-0.42092244097223663,1.0,100
long-billed_hermits,long-billed_hermits/44kKz_songtype_segment_analysis_sep_2019.wav_87.wav,2,comb_noexempt,3796.8508005,1545.6391232015258,184.39044602777005,0.0,0.30285439904688327,1.0,100
long-billed_hermits,long-billed_hermits/44kKz_songtype_segment_analysis_sep_2019.wav_87.wav,3,comb,3796.8508005,2012.9213207387988,217.70239252054773,0.0,0.4352339119237007,1.0,100
long-billed_hermits,long-billed_hermits/44kKz_songtype_segment_analysis_sep_2019.wav_87.wav,3,comb_noexempt,3796.8508005,2375.7722006041363,249.76526879631925,0.0,0.15823539770336664,1.0,100
long-billed_hermits,long-billed_hermits/44kKz_songtype_segment_analysis_sep_2019.wav_87.wav,3,pyin,3796.8508005,2435.0665831893502,226.34887098092727,0.0,-0.46314486803321786,1.0,100
long-billed_hermits,long-billed_hermits/44kKz_songtype_segment_analysis_sep_2019.wav_89.wav,0,comb,4741.8386,2221.761464586203,136.84333886746447,0.0,-0.09061801239028709,1.0,100
long-billed_hermits,long-billed_hermits/44kKz_songtype_segment_analysis_sep_2019.wav_89.wav,0,comb_noexempt,4741.8386,855.8162719039414,73.8756275570066,0.0,-0.5671360523843232,1.0,100
long-billed_hermits,long-billed_hermits/44kKz_songtype_segment_analysis_sep_2019.wav_89.wav,0,pyin,4741.8386,66.30993395183633,66.30993395183633,1.0,,0.02,2
long-billed_hermits,long-billed_hermits/44kKz_songtype_segment_analysis_sep_2019.wav_89.wav,1,comb,4741.8386,2368.731828472448,167.96891777055757,0.0,-0.419655875414593,1.0,100
long-billed_hermits,long-billed_hermits/44kKz_songtype_segment_analysis_sep_2019.wav_89.wav,1,comb_noexempt,4741.8386,1065.6262638817582,228.43067774961736,0.0,-0.4340370879434,1.0,100
long-billed_hermits,long-billed_hermits/44kKz_songtype_segment_analysis_sep_2019.wav_89.wav,1,pyin,4741.8386,1857.4834643849224,44.47153648046496,0.0,,0.07,7
long-billed_hermits,long-billed_hermits/44kKz_songtype_segment_analysis_sep_2019.wav_89.wav,2,comb,4741.8386,2160.367546128927,147.92862953661125,0.0,0.05369630671183937,1.0,100
long-billed_hermits,long-billed_hermits/44kKz_songtype_segment_analysis_sep_2019.wav_89.wav,2,comb_noexempt,4741.8386,1616.1766180042655,96.05936248587477,0.0,-0.19485419056551234,1.0,100
long-billed_hermits,long-billed_hermits/44kKz_songtype_segment_analysis_sep_2019.wav_89.wav,3,comb,4741.8386,2359.3831592428564,225.55243352298936,0.0,-0.5710376013479354,1.0,100
long-billed_hermits,long-billed_hermits/44kKz_songtype_segment_analysis_sep_2019.wav_89.wav,3,comb_noexempt,4741.8386,2266.742915228694,221.1199222024738,0.0,0.27809553563075545,1.0,100
long-billed_hermits,long-billed_hermits/44kKz_songtype_segment_analysis_sep_2019.wav_9.wav,0,comb,4298.9466354999995,2089.4420567709203,172.59767330030968,0.0,0.41972411844519514,1.0,100
long-billed_hermits,long-billed_hermits/44kKz_songtype_segment_analysis_sep_2019.wav_9.wav,0,comb_noexempt,4298.9466354999995,263.86698166412623,141.1854402783555,1.0,0.6888818658523864,1.0,100
long-billed_hermits,long-billed_hermits/44kKz_songtype_segment_analysis_sep_2019.wav_9.wav,0,pyin,4298.9466354999995,99.7117645011371,92.4090220265857,1.0,0.7938160101934152,0.91,91
long-billed_hermits,long-billed_hermits/44kKz_songtype_segment_analysis_sep_2019.wav_9.wav,1,comb,4298.9466354999995,2152.213980469227,172.57578279179575,0.0,-0.4477371836504581,1.0,100
long-billed_hermits,long-billed_hermits/44kKz_songtype_segment_analysis_sep_2019.wav_9.wav,1,comb_noexempt,4298.9466354999995,740.2930269619542,122.11866363116283,1.0,-0.5502890389729823,1.0,100
long-billed_hermits,long-billed_hermits/44kKz_songtype_segment_analysis_sep_2019.wav_9.wav,1,pyin,4298.9466354999995,1037.606072980952,101.89250108559762,1.0,-0.802289490302168,1.0,100
long-billed_hermits,long-billed_hermits/44kKz_songtype_segment_analysis_sep_2019.wav_9.wav,2,comb,4298.9466354999995,2221.902562213365,156.26084041668264,0.0,-0.2717404102346435,1.0,100
long-billed_hermits,long-billed_hermits/44kKz_songtype_segment_analysis_sep_2019.wav_9.wav,2,comb_noexempt,4298.9466354999995,1806.2921993908726,123.88347275630196,0.0,-0.14343436622697078,1.0,100
long-billed_hermits,long-billed_hermits/44kKz_songtype_segment_analysis_sep_2019.wav_9.wav,3,comb,4298.9466354999995,2218.1992400732624,199.64447403207168,0.0,-0.44455193830472445,1.0,100
long-billed_hermits,long-billed_hermits/44kKz_songtype_segment_analysis_sep_2019.wav_9.wav,3,comb_noexempt,4298.9466354999995,2233.2114455629862,272.39616913870304,0.0,0.31010273697767937,1.0,100
long-billed_hermits,long-billed_hermits/44kKz_songtype_segment_analysis_sep_2019.wav_9.wav,3,pyin,4298.9466354999995,700.3558443776097,370.75217331128476,0.0,-0.16529023154474623,0.62,62
long-billed_hermits,long-billed_hermits/44kKz_songtype_segment_analysis_sep_2019.wav_91.wav,0,comb,5591.712371,2394.8184966904064,133.218398885557,0.0,-0.7729819548657902,1.0,100
long-billed_hermits,long-billed_hermits/44kKz_songtype_segment_analysis_sep_2019.wav_91.wav,0,comb_noexempt,5591.712371,138.12031718471553,130.60090863565233,1.0,0.8793549948771898,1.0,100
long-billed_hermits,long-billed_hermits/44kKz_songtype_segment_analysis_sep_2019.wav_91.wav,0,pyin,5591.712371,266.32388977834876,114.84369472223503,1.0,-0.6540284585825951,1.0,100
long-billed_hermits,long-billed_hermits/44kKz_songtype_segment_analysis_sep_2019.wav_91.wav,1,comb,5591.712371,2665.5318038400533,267.16615894275776,0.0,0.05278766907588966,1.0,100
long-billed_hermits,long-billed_hermits/44kKz_songtype_segment_analysis_sep_2019.wav_91.wav,1,comb_noexempt,5591.712371,671.7642077864186,257.1427341935231,1.0,0.5248928546165753,1.0,100
long-billed_hermits,long-billed_hermits/44kKz_songtype_segment_analysis_sep_2019.wav_91.wav,1,pyin,5591.712371,885.7346050928137,306.09580124473024,0.0,0.5068890461889853,0.97,97
long-billed_hermits,long-billed_hermits/44kKz_songtype_segment_analysis_sep_2019.wav_91.wav,2,comb,5591.712371,2619.8364844812804,246.27758550714384,0.0,0.09740954860714769,1.0,100
long-billed_hermits,long-billed_hermits/44kKz_songtype_segment_analysis_sep_2019.wav_91.wav,2,comb_noexempt,5591.712371,1718.0941420718889,264.91198508212943,0.0,-0.7430866027224162,1.0,100
long-billed_hermits,long-billed_hermits/44kKz_songtype_segment_analysis_sep_2019.wav_91.wav,2,pyin,5591.712371,1776.4354741216903,257.1006628163745,0.0,-0.6495439921394911,1.0,100
long-billed_hermits,long-billed_hermits/44kKz_songtype_segment_analysis_sep_2019.wav_91.wav,3,comb,5591.712371,2672.3514235205475,288.7375710261254,0.0,0.2610826838341292,1.0,100
long-billed_hermits,long-billed_hermits/44kKz_songtype_segment_analysis_sep_2019.wav_91.wav,3,comb_noexempt,5591.712371,1012.7271264104158,207.32254539797708,0.0,-0.41857931895122674,1.0,100
long-billed_hermits,long-billed_hermits/44kKz_songtype_segment_analysis_sep_2019.wav_93.wav,0,comb,5950.81396340903,2422.5915658918157,119.3059459242975,0.0,0.5300193515713715,1.0,100
long-billed_hermits,long-billed_hermits/44kKz_songtype_segment_analysis_sep_2019.wav_93.wav,0,comb_noexempt,5950.81396340903,110.8204511744365,93.42957537610016,1.0,-0.6426456388116267,1.0,100
long-billed_hermits,long-billed_hermits/44kKz_songtype_segment_analysis_sep_2019.wav_93.wav,0,pyin,5950.81396340903,126.15652581907698,120.74536811422156,1.0,0.25019345051341874,0.94,94
long-billed_hermits,long-billed_hermits/44kKz_songtype_segment_analysis_sep_2019.wav_93.wav,1,comb,5950.81396340903,2725.9418456358035,325.94184563580336,0.0,0.22123606991948797,1.0,100
long-billed_hermits,long-billed_hermits/44kKz_songtype_segment_analysis_sep_2019.wav_93.wav,1,comb_noexempt,5950.81396340903,1160.1620868844307,138.34328905496932,0.0,0.6019838529930771,1.0,100
long-billed_hermits,long-billed_hermits/44kKz_songtype_segment_analysis_sep_2019.wav_93.wav,1,pyin,5950.81396340903,1172.1746649399001,121.97778727948852,0.0,0.40102402528350073,1.0,100
long-billed_hermits,long-billed_hermits/44kKz_songtype_segment_analysis_sep_2019.wav_93.wav,2,comb,5950.81396340903,2728.051958515968,330.6000205600105,0.0,0.1559139285180382,1.0,100
long-billed_hermits,long-billed_hermits/44kKz_songtype_segment_analysis_sep_2019.wav_93.wav,2,comb_noexempt,5950.81396340903,1904.804780107515,131.8249118316995,0.0,0.6290919503540218,1.0,100
long-billed_hermits,long-billed_hermits/44kKz_songtype_segment_analysis_sep_2019.wav_93.wav,2,pyin,5950.81396340903,679.7145879332884,480.0366953244752,0.0,0.4801576850761401,0.88,88
long-billed_hermits,long-billed_hermits/44kKz_songtype_segment_analysis_sep_2019.wav_93.wav,3,comb,5950.81396340903,2837.86787778105,437.8678777810502,0.0,-0.16993031148732848,1.0,100
long-billed_hermits,long-billed_hermits/44kKz_songtype_segment_analysis_sep_2019.wav_93.wav,3,comb_noexempt,5950.81396340903,2046.2482054187312,116.64197517562272,0.0,9.571696023049532e-16,1.0,100
long-billed_hermits,long-billed_hermits/44kKz_songtype_segment_analysis_sep_2019.wav_93.wav,3,pyin,5950.81396340903,1071.679374801865,188.73551562013645,0.0,-0.47829295278750833,1.0,100
long-billed_hermits,long-billed_hermits/44kKz_songtype_segment_analysis_sep_2019.wav_94.wav,0,comb,3915.904936014625,520.1537755871063,124.1508809378131,1.0,0.6351150146878638,1.0,100
long-billed_hermits,long-billed_hermits/44kKz_songtype_segment_analysis_sep_2019.wav_94.wav,0,comb_noexempt,3915.904936014625,116.3318662434404,102.67155757248449,1.0,0.6458969801211885,1.0,100
long-billed_hermits,long-billed_hermits/44kKz_songtype_segment_analysis_sep_2019.wav_94.wav,0,pyin,3915.904936014625,139.46982889774836,126.27510044592378,1.0,0.6227383597208415,0.95,95
long-billed_hermits,long-billed_hermits/44kKz_songtype_segment_analysis_sep_2019.wav_94.wav,1,comb,3915.904936014625,1991.447641015699,206.61539541327275,0.0,-0.34759959110336774,1.0,100
long-billed_hermits,long-billed_hermits/44kKz_songtype_segment_analysis_sep_2019.wav_94.wav,1,comb_noexempt,3915.904936014625,813.6681331038858,113.3124092070081,1.0,-0.5868993678560619,1.0,100
long-billed_hermits,long-billed_hermits/44kKz_songtype_segment_analysis_sep_2019.wav_94.wav,1,pyin,3915.904936014625,1123.7490525591625,108.79742903313488,1.0,-0.5224007530444398,0.93,93
long-billed_hermits,long-billed_hermits/44kKz_songtype_segment_analysis_sep_2019.wav_94.wav,2,comb,3915.904936014625,1931.8099396309185,146.70861906691314,0.0,-0.003572688231450391,1.0,100
long-billed_hermits,long-billed_hermits/44kKz_songtype_segment_analysis_sep_2019.wav_94.wav,2,comb_noexempt,3915.904936014625,1539.1344352880174,172.4872141091243,0.0,-0.4207380713970285,1.0,100
long-billed_hermits,long-billed_hermits/44kKz_songtype_segment_analysis_sep_2019.wav_94.wav,2,pyin,3915.904936014625,1317.083974741925,117.20384668583016,0.0,-0.48552237773423523,0.28,28
long-billed_hermits,long-billed_hermits/44kKz_songtype_segment_analysis_sep_2019.wav_94.wav,3,comb,3915.904936014625,2046.834247062361,110.33571397759229,0.0,0.24913503455084737,1.0,100
long-billed_hermits,long-billed_hermits/44kKz_songtype_segment_analysis_sep_2019.wav_94.wav,3,comb_noexempt,3915.904936014625,2305.674591313756,246.21783455824988,0.0,0.284982501043719,1.0,100
long-billed_hermits,long-billed_hermits/44kKz_songtype_segment_analysis_sep_2019.wav_94.wav,3,pyin,3915.904936014625,2201.8851676404943,237.1789527456048,0.0,0.1877483290262176,0.95,95
long-billed_hermits,long-billed_hermits/44kKz_songtype_segment_analysis_sep_2019.wav_96.wav,0,comb,4908.28739,2258.531276142213,155.33328114704048,0.0,0.40989571545740794,1.0,100
long-billed_hermits,long-billed_hermits/44kKz_songtype_segment_analysis_sep_2019.wav_96.wav,0,comb_noexempt,4908.28739,175.34312691290063,148.89529351604858,1.0,0.5198444801156692,1.0,100
long-billed_hermits,long-billed_hermits/44kKz_songtype_segment_analysis_sep_2019.wav_96.wav,0,pyin,4908.28739,135.52549656171576,135.52549656171576,1.0,,0.01,1
long-billed_hermits,long-billed_hermits/44kKz_songtype_segment_analysis_sep_2019.wav_96.wav,1,comb,4908.28739,2302.2609416384194,175.340801998107,0.0,-0.2821046525061428,1.0,100
long-billed_hermits,long-billed_hermits/44kKz_songtype_segment_analysis_sep_2019.wav_96.wav,1,comb_noexempt,4908.28739,899.3826982406097,289.31300435298425,0.0,-0.17379677161098467,1.0,100
long-billed_hermits,long-billed_hermits/44kKz_songtype_segment_analysis_sep_2019.wav_96.wav,1,pyin,4908.28739,1145.029933876444,54.97006612355599,0.0,,0.03,3
long-billed_hermits,long-billed_hermits/44kKz_songtype_segment_analysis_sep_2019.wav_96.wav,2,comb,4908.28739,2486.58863354573,199.31183154640195,0.0,-0.13856024337441014,1.0,100
long-billed_hermits,long-billed_hermits/44kKz_songtype_segment_analysis_sep_2019.wav_96.wav,2,comb_noexempt,4908.28739,1725.906492989856,107.86456761579419,0.0,0.2082223633352598,1.0,100
long-billed_hermits,long-billed_hermits/44kKz_songtype_segment_analysis_sep_2019.wav_96.wav,2,pyin,4908.28739,1286.3845973654743,86.38459736547428,0.0,,0.03,3
long-billed_hermits,long-billed_hermits/44kKz_songtype_segment_analysis_sep_2019.wav_96.wav,3,comb,4908.28739,2481.7413655827213,203.59340870505932,0.0,0.07013665958275768,1.0,100
long-billed_hermits,long-billed_hermits/44kKz_songtype_segment_analysis_sep_2019.wav_96.wav,3,comb_noexempt,4908.28739,2312.282759298215,168.19528521164415,0.0,0.3746210441668672,1.0,100
long-billed_hermits,long-billed_hermits/44kKz_songtype_segment_analysis_sep_2019.wav_96.wav,3,pyin,4908.28739,433.3795189927519,326.1292311805901,1.0,0.0,0.39,39
long-billed_hermits,long-billed_hermits/44kKz_songtype_segment_analysis_sep_2019.wav_97.wav,0,comb,4734.847636526595,2322.04815820179,150.43865980528295,0.0,0.339356238337545,1.0,100
long-billed_hermits,long-billed_hermits/44kKz_songtype_segment_analysis_sep_2019.wav_97.wav,0,comb_noexempt,4734.847636526595,696.9988548485326,120.95544616766472,0.0,-0.39929930835873184,1.0,100
long-billed_hermits,long-billed_hermits/44kKz_songtype_segment_analysis_sep_2019.wav_97.wav,0,pyin,4734.847636526595,481.8722363251834,101.54335652537746,1.0,-0.07311416957916657,0.63,63
long-billed_hermits,long-billed_hermits/44kKz_songtype_segment_analysis_sep_2019.wav_97.wav,1,comb,4734.847636526595,2280.049727798277,160.61076049133226,0.0,0.24663455847392832,1.0,100
long-billed_hermits,long-billed_hermits/44kKz_songtype_segment_analysis_sep_2019.wav_97.wav,1,comb_noexempt,4734.847636526595,649.2196059468988,112.730189382197,1.0,-0.28216189707542455,1.0,100
long-billed_hermits,long-billed_hermits/44kKz_songtype_segment_analysis_sep_2019.wav_97.wav,1,pyin,4734.847636526595,1030.5503789944078,205.89554390332518,0.0,0.03847678393730218,1.0,100
long-billed_hermits,long-billed_hermits/44kKz_songtype_segment_analysis_sep_2019.wav_97.wav,2,comb,4734.847636526595,2422.45676102225,167.34186806785664,0.0,-0.5007321313756593,1.0,100
long-billed_hermits,long-billed_hermits/44kKz_songtype_segment_analysis_sep_2019.wav_97.wav,2,comb_noexempt,4734.847636526595,1800.2240007553892,133.90579386416962,0.0,-0.15407367853729345,1.0,100
long-billed_hermits,long-billed_hermits/44kKz_songtype_segment_analysis_sep_2019.wav_97.wav,2,pyin,4734.847636526595,2424.945438707262,209.06567228909302,0.0,-0.290735186683272,0.24,24
long-billed_hermits,long-billed_hermits/44kKz_songtype_segment_analysis_sep_2019.wav_97.wav,3,comb,4734.847636526595,2401.7586795233647,163.79520922248122,0.0,-0.2579669228831016,1.0,100
long-billed_hermits,long-billed_hermits/44kKz_songtype_segment_analysis_sep_2019.wav_97.wav,3,comb_noexempt,4734.847636526595,2308.621693140357,168.0586333012589,0.0,0.2827259618683505,1.0,100
long-billed_hermits,long-billed_hermits/44kKz_songtype_segment_analysis_sep_2019.wav_97.wav,3,pyin,4734.847636526595,1097.389139995451,243.1802561092553,0.0,0.4043481060435308,1.0,100
long-billed_hermits,long-billed_hermits/44kKz_songtype_segment_analysis_sep_2019.wav_99.wav,0,comb,4366.8066855,1889.3128905769777,75.11281124905645,0.0,-0.5720069239161147,1.0,100
long-billed_hermits,long-billed_hermits/44kKz_songtype_segment_analysis_sep_2019.wav_99.wav,0,comb_noexempt,4366.8066855,103.19832617649203,103.19832617649203,1.0,0.7860746666742949,1.0,100
long-billed_hermits,long-billed_hermits/44kKz_songtype_segment_analysis_sep_2019.wav_99.wav,0,pyin,4366.8066855,89.0544885783192,89.0544885783192,1.0,0.776140479795623,0.81,81
long-billed_hermits,long-billed_hermits/44kKz_songtype_segment_analysis_sep_2019.wav_99.wav,1,comb,4366.8066855,2215.609735738013,171.85434395056478,0.0,0.1741685082356135,1.0,100
long-billed_hermits,long-billed_hermits/44kKz_songtype_segment_analysis_sep_2019.wav_99.wav,1,comb_noexempt,4366.8066855,1154.449019470569,146.70884282077967,0.0,0.5592834964444365,1.0,100
long-billed_hermits,long-billed_hermits/44kKz_songtype_segment_analysis_sep_2019.wav_99.wav,1,pyin,4366.8066855,1127.3994432817121,176.36925557905312,0.0,-0.1374837209717316,1.0,100
long-billed_hermits,long-billed_hermits/44kKz_songtype_segment_analysis_sep_2019.wav_99.wav,2,comb,4366.8066855,2034.2971562242124,171.77981964607312,0.0,0.5630022427850756,1.0,100
long-billed_hermits,long-billed_hermits/44kKz_songtype_segment_analysis_sep_2019.wav_99.wav,2,comb_noexempt,4366.8066855,1823.830739330676,111.5411507665977,0.0,-0.09037971097236087,1.0,100
long-billed_hermits,long-billed_hermits/44kKz_songtype_segment_analysis_sep_2019.wav_99.wav,2,pyin,4366.8066855,2037.3636604207534,165.05241494435126,0.0,0.6368199586740987,0.95,95
long-billed_hermits,long-billed_hermits/44kKz_songtype_segment_analysis_sep_2019.wav_99.wav,3,comb,4366.8066855,2240.444698773279,157.81715885819153,0.0,-0.30665099924438,1.0,100
long-billed_hermits,long-billed_hermits/44kKz_songtype_segment_analysis_sep_2019.wav_99.wav,3,comb_noexempt,4366.8066855,2247.2531195464594,245.63651189460376,0.0,0.15271635190928165,1.0,100
